2025-05-02 01:07:19,243 - __main__ - INFO - Starting prediction engine
2025-05-02 01:07:19,244 - __main__ - ERROR - combined_data.csv not found. Run dataprocessing.py first.
2025-05-02 01:14:07,045 - __main__ - INFO - Starting prediction engine
2025-05-02 01:14:07,073 - __main__ - INFO - Loaded combined data with 65 rows
2025-05-02 01:14:07,076 - __main__ - INFO - Training set size: 50, Testing set size: 13
2025-05-02 01:14:07,256 - __main__ - INFO - Models trained successfully
2025-05-02 01:14:07,263 - __main__ - INFO - Ensemble Performance Metrics:
2025-05-02 01:14:07,263 - __main__ - INFO - MSE: 0.00
2025-05-02 01:14:07,263 - __main__ - INFO - RMSE: 0.00
2025-05-02 01:14:07,263 - __main__ - INFO - MAE: 0.00
2025-05-02 01:14:07,264 - __main__ - INFO - R2 Score: 1.00
2025-05-02 01:14:19,535 - __main__ - INFO - Saved combined data with predictions to combined_data_with_predictions.csv
2025-05-02 01:14:19,535 - __main__ - INFO - Prediction engine completed successfully
2025-05-02 01:16:43,046 - __main__ - INFO - Starting prediction engine
2025-05-02 01:16:43,063 - __main__ - INFO - Loaded combined data with 90 rows
2025-05-02 01:16:43,065 - __main__ - INFO - Training set size: 69, Testing set size: 18
2025-05-02 01:16:43,222 - __main__ - INFO - Models trained successfully
2025-05-02 01:16:43,227 - __main__ - INFO - Ensemble Performance Metrics:
2025-05-02 01:16:43,227 - __main__ - INFO - MSE: 0.00
2025-05-02 01:16:43,227 - __main__ - INFO - RMSE: 0.00
2025-05-02 01:16:43,227 - __main__ - INFO - MAE: 0.00
2025-05-02 01:16:43,228 - __main__ - INFO - R2 Score: 1.00
2025-05-02 01:17:17,297 - __main__ - INFO - Saved combined data with predictions to combined_data_with_predictions.csv
2025-05-02 01:17:17,297 - __main__ - INFO - Prediction engine completed successfully
2025-05-02 01:20:28,738 - __main__ - INFO - Starting prediction engine
2025-05-02 01:20:28,743 - __main__ - INFO - Loaded combined data with 90 rows
2025-05-02 01:20:28,746 - __main__ - INFO - Training set size: 60, Testing set size: 15
2025-05-02 01:20:28,920 - __main__ - INFO - LSTM model built successfully
2025-05-02 01:20:31,415 - __main__ - INFO - Model trained successfully
2025-05-02 01:20:31,588 - __main__ - INFO - Performance Metrics:
2025-05-02 01:20:31,588 - __main__ - INFO - MSE: 0.00
2025-05-02 01:20:31,589 - __main__ - INFO - RMSE: 0.00
2025-05-02 01:20:31,589 - __main__ - INFO - MAE: 0.00
2025-05-02 01:20:31,589 - __main__ - INFO - R2 Score: 0.00
2025-05-02 01:20:31,589 - __main__ - INFO - Feedback: R2 score is low. Consider adding more features or increasing lookback period.
2025-05-02 01:20:31,774 - __main__ - INFO - Plot saved as nabil_stock_predictions.png
2025-05-02 01:20:31,780 - __main__ - INFO - Saved combined data with predictions to combined_data_with_predictions.csv
2025-05-02 01:20:31,780 - __main__ - INFO - Prediction engine completed successfully
2025-05-02 01:22:32,686 - __main__ - INFO - Starting Sentimetrics AI prediction engine
2025-05-02 01:22:32,691 - __main__ - INFO - Loaded combined data with 90 rows
2025-05-02 01:22:32,701 - __main__ - INFO - Training set size: 68, Testing set size: 17
2025-05-02 01:22:32,704 - __main__ - INFO - Test set Close price stats:
count     17.0
mean     600.0
std        0.0
min      600.0
25%      600.0
50%      600.0
75%      600.0
max      600.0
Name: Close, dtype: float64
2025-05-02 01:22:32,745 - cmdstanpy - DEBUG - cmd: where.exe tbb.dll
cwd: None
2025-05-02 01:22:32,799 - cmdstanpy - DEBUG - Adding TBB (C:\Users\hp\AppData\Roaming\Python\Python312\site-packages\prophet\stan_model\cmdstan-2.33.1\stan\lib\stan_math\lib\tbb) to PATH
2025-05-02 01:22:32,826 - __main__ - INFO - Prophet model trained successfully
2025-05-02 01:22:32,859 - __main__ - INFO - Performance Metrics:
2025-05-02 01:22:32,859 - __main__ - INFO - MSE: 0.00
2025-05-02 01:22:32,859 - __main__ - INFO - RMSE: 0.00
2025-05-02 01:22:32,859 - __main__ - INFO - MAE: 0.00
2025-05-02 01:22:32,859 - __main__ - INFO - R2 Score: 1.00
2025-05-02 01:22:32,860 - __main__ - INFO - Sample Actual vs Predicted:
Actual: [600. 600. 600. 600. 600.]
Predicted: [600. 600. 600. 600. 600.]
2025-05-02 01:22:33,062 - __main__ - INFO - Plot saved as nabil_stock_predictions.png
2025-05-02 01:22:33,066 - __main__ - INFO - Saved combined data with predictions to combined_data_with_predictions.csv
2025-05-02 01:22:33,067 - __main__ - INFO - Prediction engine completed successfully
2025-05-02 01:28:55,084 - __main__ - INFO - Starting Sentimetrics AI prediction engine
2025-05-02 01:28:55,099 - __main__ - INFO - Loaded combined data with 90 rows
2025-05-02 01:28:55,102 - __main__ - INFO - Training set size: 72, Testing set size: 18
2025-05-02 01:28:55,105 - __main__ - INFO - Test set Close price stats:
count     18.0
mean     400.0
std        0.0
min      400.0
25%      400.0
50%      400.0
75%      400.0
max      400.0
Name: Close, dtype: float64
2025-05-02 01:28:55,139 - cmdstanpy - DEBUG - cmd: where.exe tbb.dll
cwd: None
2025-05-02 01:28:55,179 - cmdstanpy - DEBUG - Adding TBB (C:\Users\hp\AppData\Roaming\Python\Python312\site-packages\prophet\stan_model\cmdstan-2.33.1\stan\lib\stan_math\lib\tbb) to PATH
2025-05-02 01:28:55,193 - cmdstanpy - DEBUG - input tempfile: C:\Users\hp\AppData\Local\Temp\tmpdhmsmbjz\9oujt7go.json
2025-05-02 01:28:55,196 - cmdstanpy - DEBUG - input tempfile: C:\Users\hp\AppData\Local\Temp\tmpdhmsmbjz\xcsrxqqv.json
2025-05-02 01:28:55,200 - cmdstanpy - DEBUG - idx 0
2025-05-02 01:28:55,200 - cmdstanpy - DEBUG - running CmdStan, num_threads: None
2025-05-02 01:28:55,200 - cmdstanpy - DEBUG - CmdStan args: ['C:\\Users\\hp\\AppData\\Roaming\\Python\\Python312\\site-packages\\prophet\\stan_model\\prophet_model.bin', 'random', 'seed=27859', 'data', 'file=C:\\Users\\hp\\AppData\\Local\\Temp\\tmpdhmsmbjz\\9oujt7go.json', 'init=C:\\Users\\hp\\AppData\\Local\\Temp\\tmpdhmsmbjz\\xcsrxqqv.json', 'output', 'file=C:\\Users\\hp\\AppData\\Local\\Temp\\tmpdhmsmbjz\\prophet_model2_fpecct\\prophet_model-20250502012855.csv', 'method=optimize', 'algorithm=newton', 'iter=10000']
2025-05-02 01:28:55,200 - cmdstanpy - INFO - Chain [1] start processing
2025-05-02 01:28:55,963 - cmdstanpy - INFO - Chain [1] done processing
2025-05-02 01:28:55,975 - __main__ - INFO - Prophet model trained successfully
2025-05-02 01:28:56,005 - __main__ - INFO - Performance Metrics:
2025-05-02 01:28:56,005 - __main__ - INFO - MSE: 0.00
2025-05-02 01:28:56,005 - __main__ - INFO - RMSE: 0.00
2025-05-02 01:28:56,006 - __main__ - INFO - MAE: 0.00
2025-05-02 01:28:56,006 - __main__ - INFO - R2 Score: 0.00
2025-05-02 01:28:56,006 - __main__ - INFO - Feedback: R2 score is low. Consider adding more features or tuning Prophet parameters.
2025-05-02 01:28:56,006 - __main__ - INFO - Sample Actual vs Predicted:
Actual: [400. 400. 400. 400. 400.]
Predicted: [400.00015297 400.00015297 400.00015297 400.00015297 400.00015297]
2025-05-02 01:28:56,006 - __main__ - INFO - Logged 18 prediction errors for feedback loop
2025-05-02 01:28:56,179 - __main__ - INFO - Plot saved as nabil_stock_predictions.png
2025-05-02 01:28:56,183 - __main__ - INFO - Saved feedback log to feedback_log.csv
2025-05-02 01:28:56,187 - __main__ - INFO - Saved combined data with predictions to combined_data_with_predictions.csv
2025-05-02 01:28:56,187 - __main__ - INFO - Prediction engine completed successfully
2025-05-02 01:32:33,912 - __main__ - INFO - Starting Sentimetrics AI prediction engine
2025-05-02 01:32:33,929 - __main__ - INFO - Loaded combined data with 90 rows
2025-05-02 01:32:33,932 - __main__ - INFO - Training set size: 72, Testing set size: 18
2025-05-02 01:32:33,934 - __main__ - INFO - Test set Close price stats:
count     18.0
mean     400.0
std        0.0
min      400.0
25%      400.0
50%      400.0
75%      400.0
max      400.0
Name: Close, dtype: float64
2025-05-02 01:32:33,966 - cmdstanpy - DEBUG - cmd: where.exe tbb.dll
cwd: None
2025-05-02 01:32:34,007 - cmdstanpy - DEBUG - Adding TBB (C:\Users\hp\AppData\Roaming\Python\Python312\site-packages\prophet\stan_model\cmdstan-2.33.1\stan\lib\stan_math\lib\tbb) to PATH
2025-05-02 01:32:34,021 - cmdstanpy - DEBUG - input tempfile: C:\Users\hp\AppData\Local\Temp\tmpqdgdjk8b\l0e1onfc.json
2025-05-02 01:32:34,024 - cmdstanpy - DEBUG - input tempfile: C:\Users\hp\AppData\Local\Temp\tmpqdgdjk8b\usjrkkip.json
2025-05-02 01:32:34,028 - cmdstanpy - DEBUG - idx 0
2025-05-02 01:32:34,028 - cmdstanpy - DEBUG - running CmdStan, num_threads: None
2025-05-02 01:32:34,028 - cmdstanpy - DEBUG - CmdStan args: ['C:\\Users\\hp\\AppData\\Roaming\\Python\\Python312\\site-packages\\prophet\\stan_model\\prophet_model.bin', 'random', 'seed=36913', 'data', 'file=C:\\Users\\hp\\AppData\\Local\\Temp\\tmpqdgdjk8b\\l0e1onfc.json', 'init=C:\\Users\\hp\\AppData\\Local\\Temp\\tmpqdgdjk8b\\usjrkkip.json', 'output', 'file=C:\\Users\\hp\\AppData\\Local\\Temp\\tmpqdgdjk8b\\prophet_modelmcknuf9f\\prophet_model-20250502013234.csv', 'method=optimize', 'algorithm=newton', 'iter=10000']
2025-05-02 01:32:34,028 - cmdstanpy - INFO - Chain [1] start processing
2025-05-02 01:32:34,552 - cmdstanpy - INFO - Chain [1] done processing
2025-05-02 01:32:34,564 - __main__ - INFO - Prophet model trained successfully
2025-05-02 01:32:34,587 - __main__ - INFO - Performance Metrics:
2025-05-02 01:32:34,588 - __main__ - INFO - MSE: 0.00
2025-05-02 01:32:34,588 - __main__ - INFO - RMSE: 0.00
2025-05-02 01:32:34,588 - __main__ - INFO - MAE: 0.00
2025-05-02 01:32:34,588 - __main__ - INFO - R2 Score: 0.00
2025-05-02 01:32:34,588 - __main__ - INFO - Feedback: R2 score is low. Consider adding more features or tuning Prophet parameters.
2025-05-02 01:32:34,588 - __main__ - INFO - Sample Actual vs Predicted:
Actual: [400. 400. 400. 400. 400.]
Predicted: [400.00015297 400.00015297 400.00015297 400.00015297 400.00015297]
2025-05-02 01:32:34,590 - __main__ - INFO - Logged 18 prediction errors for feedback loop
2025-05-02 01:32:34,772 - __main__ - INFO - Plot saved as nabil_stock_predictions.png
2025-05-02 01:32:34,776 - __main__ - INFO - Saved feedback log to feedback_log.csv
2025-05-02 01:32:34,776 - __main__ - INFO - DataFrame columns before saving: ['Date', 'Open', 'High', 'Low', 'Close', 'Volume', 'Daily_Return', 'MA5', 'MA20', 'Volatility', 'P_E_Ratio', 'combined_sentiment', 'Sentiment_Lag1', 'Sentiment_Trend', 'Predicted_Close']
2025-05-02 01:32:34,777 - __main__ - INFO - Number of columns: 15
2025-05-02 01:32:34,777 - __main__ - INFO - DataFrame shape: (90, 15)
2025-05-02 01:32:34,778 - __main__ - INFO - Saved combined data with predictions to combined_data_with_predictions.csv
2025-05-02 01:32:34,778 - __main__ - INFO - Prediction engine completed successfully
2025-05-02 01:37:36,571 - __main__ - INFO - Starting Sentimetrics AI prediction engine for NABIL
2025-05-02 01:37:36,585 - __main__ - INFO - Loaded combined data for NABIL with 90 rows
2025-05-02 01:37:36,588 - __main__ - INFO - Training set size: 72, Testing set size: 18
2025-05-02 01:37:36,590 - __main__ - INFO - Test set Close price stats:
count     18.0
mean     400.0
std        0.0
min      400.0
25%      400.0
50%      400.0
75%      400.0
max      400.0
Name: Close, dtype: float64
2025-05-02 01:37:36,622 - cmdstanpy - DEBUG - cmd: where.exe tbb.dll
cwd: None
2025-05-02 01:37:36,664 - cmdstanpy - DEBUG - Adding TBB (C:\Users\hp\AppData\Roaming\Python\Python312\site-packages\prophet\stan_model\cmdstan-2.33.1\stan\lib\stan_math\lib\tbb) to PATH
2025-05-02 01:37:36,681 - cmdstanpy - DEBUG - input tempfile: C:\Users\hp\AppData\Local\Temp\tmpgf9hu6ez\e7r0lmq3.json
2025-05-02 01:37:36,684 - cmdstanpy - DEBUG - input tempfile: C:\Users\hp\AppData\Local\Temp\tmpgf9hu6ez\hyaibiis.json
2025-05-02 01:37:36,686 - cmdstanpy - DEBUG - idx 0
2025-05-02 01:37:36,686 - cmdstanpy - DEBUG - running CmdStan, num_threads: None
2025-05-02 01:37:36,686 - cmdstanpy - DEBUG - CmdStan args: ['C:\\Users\\hp\\AppData\\Roaming\\Python\\Python312\\site-packages\\prophet\\stan_model\\prophet_model.bin', 'random', 'seed=48405', 'data', 'file=C:\\Users\\hp\\AppData\\Local\\Temp\\tmpgf9hu6ez\\e7r0lmq3.json', 'init=C:\\Users\\hp\\AppData\\Local\\Temp\\tmpgf9hu6ez\\hyaibiis.json', 'output', 'file=C:\\Users\\hp\\AppData\\Local\\Temp\\tmpgf9hu6ez\\prophet_modellas3xnyu\\prophet_model-20250502013736.csv', 'method=optimize', 'algorithm=newton', 'iter=10000']
2025-05-02 01:37:36,686 - cmdstanpy - INFO - Chain [1] start processing
2025-05-02 01:37:38,406 - cmdstanpy - INFO - Chain [1] done processing
2025-05-02 01:37:38,416 - __main__ - INFO - Prophet model trained successfully
2025-05-02 01:37:38,439 - __main__ - INFO - Performance Metrics:
2025-05-02 01:37:38,440 - __main__ - INFO - MSE: 0.00
2025-05-02 01:37:38,440 - __main__ - INFO - RMSE: 0.01
2025-05-02 01:37:38,440 - __main__ - INFO - MAE: 0.01
2025-05-02 01:37:38,440 - __main__ - INFO - R2 Score: 0.00
2025-05-02 01:37:38,440 - __main__ - INFO - Feedback: R2 score is low. Consider adding more features or tuning Prophet parameters.
2025-05-02 01:37:38,441 - __main__ - INFO - Sample Actual vs Predicted:
Actual: [400. 400. 400. 400. 400.]
Predicted: [399.99166257 399.99166257 399.99166257 399.99166257 399.99166257]
2025-05-02 01:37:38,441 - __main__ - INFO - Logged 18 prediction errors for feedback loop
2025-05-02 01:37:38,617 - __main__ - INFO - Plot saved as nabil_stock_predictions_NABIL.png
2025-05-02 01:37:38,621 - __main__ - INFO - Saved feedback log to feedback_log_NABIL.csv
2025-05-02 01:37:38,622 - __main__ - INFO - DataFrame columns before saving for NABIL: ['Date', 'Open', 'High', 'Low', 'Close', 'Volume', 'Daily_Return', 'MA5', 'MA20', 'Volatility', 'P_E_Ratio', 'combined_sentiment', 'Sentiment_Lag1', 'Sentiment_Trend', 'Predicted_Close']
2025-05-02 01:37:38,622 - __main__ - INFO - Number of columns: 15
2025-05-02 01:37:38,622 - __main__ - INFO - DataFrame shape: (90, 15)
2025-05-02 01:37:38,624 - __main__ - INFO - Saved combined data with predictions for NABIL to combined_data_with_predictions_NABIL.csv
2025-05-02 01:37:38,624 - __main__ - INFO - Prediction engine completed successfully for NABIL
2025-05-02 01:37:38,624 - __main__ - INFO - Starting Sentimetrics AI prediction engine for NRIC
2025-05-02 01:37:38,638 - __main__ - INFO - Loaded combined data for NRIC with 90 rows
2025-05-02 01:37:38,640 - __main__ - INFO - Training set size: 72, Testing set size: 18
2025-05-02 01:37:38,641 - __main__ - INFO - Test set Close price stats:
count     18.0
mean     550.0
std        0.0
min      550.0
25%      550.0
50%      550.0
75%      550.0
max      550.0
Name: Close, dtype: float64
2025-05-02 01:37:38,642 - cmdstanpy - DEBUG - cmd: where.exe tbb.dll
cwd: None
2025-05-02 01:37:38,680 - cmdstanpy - DEBUG - TBB already found in load path
2025-05-02 01:37:38,691 - cmdstanpy - DEBUG - input tempfile: C:\Users\hp\AppData\Local\Temp\tmpgf9hu6ez\fwy00hp4.json
2025-05-02 01:37:38,694 - cmdstanpy - DEBUG - input tempfile: C:\Users\hp\AppData\Local\Temp\tmpgf9hu6ez\9cpnti6k.json
2025-05-02 01:37:38,695 - cmdstanpy - DEBUG - idx 0
2025-05-02 01:37:38,695 - cmdstanpy - DEBUG - running CmdStan, num_threads: None
2025-05-02 01:37:38,695 - cmdstanpy - DEBUG - CmdStan args: ['C:\\Users\\hp\\AppData\\Roaming\\Python\\Python312\\site-packages\\prophet\\stan_model\\prophet_model.bin', 'random', 'seed=35791', 'data', 'file=C:\\Users\\hp\\AppData\\Local\\Temp\\tmpgf9hu6ez\\fwy00hp4.json', 'init=C:\\Users\\hp\\AppData\\Local\\Temp\\tmpgf9hu6ez\\9cpnti6k.json', 'output', 'file=C:\\Users\\hp\\AppData\\Local\\Temp\\tmpgf9hu6ez\\prophet_modelt3wdyjrb\\prophet_model-20250502013738.csv', 'method=optimize', 'algorithm=newton', 'iter=10000']
2025-05-02 01:37:38,696 - cmdstanpy - INFO - Chain [1] start processing
2025-05-02 01:37:45,653 - cmdstanpy - INFO - Chain [1] done processing
2025-05-02 01:37:45,667 - __main__ - INFO - Prophet model trained successfully
2025-05-02 01:37:45,694 - __main__ - INFO - Performance Metrics:
2025-05-02 01:37:45,694 - __main__ - INFO - MSE: 0.00
2025-05-02 01:37:45,694 - __main__ - INFO - RMSE: 0.00
2025-05-02 01:37:45,694 - __main__ - INFO - MAE: 0.00
2025-05-02 01:37:45,694 - __main__ - INFO - R2 Score: 0.00
2025-05-02 01:37:45,694 - __main__ - INFO - Feedback: R2 score is low. Consider adding more features or tuning Prophet parameters.
2025-05-02 01:37:45,695 - __main__ - INFO - Sample Actual vs Predicted:
Actual: [550. 550. 550. 550. 550.]
Predicted: [549.99975967 549.99975967 549.99975967 549.99975967 549.99975967]
2025-05-02 01:37:45,695 - __main__ - INFO - Logged 18 prediction errors for feedback loop
2025-05-02 01:37:45,802 - __main__ - INFO - Plot saved as nabil_stock_predictions_NRIC.png
2025-05-02 01:37:45,804 - __main__ - INFO - Saved feedback log to feedback_log_NRIC.csv
2025-05-02 01:37:45,805 - __main__ - INFO - DataFrame columns before saving for NRIC: ['Date', 'Open', 'High', 'Low', 'Close', 'Volume', 'Daily_Return', 'MA5', 'MA20', 'Volatility', 'P_E_Ratio', 'combined_sentiment', 'Sentiment_Lag1', 'Sentiment_Trend', 'Predicted_Close']
2025-05-02 01:37:45,805 - __main__ - INFO - Number of columns: 15
2025-05-02 01:37:45,805 - __main__ - INFO - DataFrame shape: (90, 15)
2025-05-02 01:37:45,807 - __main__ - INFO - Saved combined data with predictions for NRIC to combined_data_with_predictions_NRIC.csv
2025-05-02 01:37:45,807 - __main__ - INFO - Prediction engine completed successfully for NRIC
2025-05-02 01:37:45,807 - __main__ - INFO - Starting Sentimetrics AI prediction engine for SHIVM
2025-05-02 01:37:45,817 - __main__ - INFO - Loaded combined data for SHIVM with 90 rows
2025-05-02 01:37:45,819 - __main__ - INFO - Training set size: 72, Testing set size: 18
2025-05-02 01:37:45,821 - __main__ - INFO - Test set Close price stats:
count     18.0
mean     500.0
std        0.0
min      500.0
25%      500.0
50%      500.0
75%      500.0
max      500.0
Name: Close, dtype: float64
2025-05-02 01:37:45,822 - cmdstanpy - DEBUG - cmd: where.exe tbb.dll
cwd: None
2025-05-02 01:37:45,859 - cmdstanpy - DEBUG - TBB already found in load path
2025-05-02 01:37:45,870 - cmdstanpy - DEBUG - input tempfile: C:\Users\hp\AppData\Local\Temp\tmpgf9hu6ez\k9yhs0kh.json
2025-05-02 01:37:45,873 - cmdstanpy - DEBUG - input tempfile: C:\Users\hp\AppData\Local\Temp\tmpgf9hu6ez\ttyf22aj.json
2025-05-02 01:37:45,875 - cmdstanpy - DEBUG - idx 0
2025-05-02 01:37:45,875 - cmdstanpy - DEBUG - running CmdStan, num_threads: None
2025-05-02 01:37:45,875 - cmdstanpy - DEBUG - CmdStan args: ['C:\\Users\\hp\\AppData\\Roaming\\Python\\Python312\\site-packages\\prophet\\stan_model\\prophet_model.bin', 'random', 'seed=4466', 'data', 'file=C:\\Users\\hp\\AppData\\Local\\Temp\\tmpgf9hu6ez\\k9yhs0kh.json', 'init=C:\\Users\\hp\\AppData\\Local\\Temp\\tmpgf9hu6ez\\ttyf22aj.json', 'output', 'file=C:\\Users\\hp\\AppData\\Local\\Temp\\tmpgf9hu6ez\\prophet_modelioxedpdk\\prophet_model-20250502013745.csv', 'method=optimize', 'algorithm=newton', 'iter=10000']
2025-05-02 01:37:45,876 - cmdstanpy - INFO - Chain [1] start processing
2025-05-02 01:37:46,706 - cmdstanpy - INFO - Chain [1] done processing
2025-05-02 01:37:46,716 - __main__ - INFO - Prophet model trained successfully
2025-05-02 01:37:46,738 - __main__ - INFO - Performance Metrics:
2025-05-02 01:37:46,738 - __main__ - INFO - MSE: 0.00
2025-05-02 01:37:46,739 - __main__ - INFO - RMSE: 0.03
2025-05-02 01:37:46,739 - __main__ - INFO - MAE: 0.03
2025-05-02 01:37:46,739 - __main__ - INFO - R2 Score: 0.00
2025-05-02 01:37:46,739 - __main__ - INFO - Feedback: R2 score is low. Consider adding more features or tuning Prophet parameters.
2025-05-02 01:37:46,739 - __main__ - INFO - Sample Actual vs Predicted:
Actual: [500. 500. 500. 500. 500.]
Predicted: [499.97306488 499.97306488 499.97306488 499.97306488 499.97306488]
2025-05-02 01:37:46,739 - __main__ - INFO - Logged 18 prediction errors for feedback loop
2025-05-02 01:37:46,852 - __main__ - INFO - Plot saved as nabil_stock_predictions_SHIVM.png
2025-05-02 01:37:46,853 - __main__ - INFO - Saved feedback log to feedback_log_SHIVM.csv
2025-05-02 01:37:46,854 - __main__ - INFO - DataFrame columns before saving for SHIVM: ['Date', 'Open', 'High', 'Low', 'Close', 'Volume', 'Daily_Return', 'MA5', 'MA20', 'Volatility', 'P_E_Ratio', 'combined_sentiment', 'Sentiment_Lag1', 'Sentiment_Trend', 'Predicted_Close']
2025-05-02 01:37:46,854 - __main__ - INFO - Number of columns: 15
2025-05-02 01:37:46,854 - __main__ - INFO - DataFrame shape: (90, 15)
2025-05-02 01:37:46,855 - __main__ - INFO - Saved combined data with predictions for SHIVM to combined_data_with_predictions_SHIVM.csv
2025-05-02 01:37:46,856 - __main__ - INFO - Prediction engine completed successfully for SHIVM
2025-05-02 01:43:51,186 - __main__ - INFO - Starting Sentimetrics AI prediction engine for NABIL
2025-05-02 01:43:51,201 - __main__ - INFO - Loaded combined data for NABIL with 90 rows
2025-05-02 01:43:51,204 - __main__ - INFO - Training set size: 72, Testing set size: 18
2025-05-02 01:43:51,207 - __main__ - INFO - Test set Close price stats:
count     18.000000
mean     520.473343
std       14.803476
min      499.855454
25%      507.796748
50%      520.016604
75%      532.276971
max      549.881711
Name: Close, dtype: float64
2025-05-02 01:43:51,242 - cmdstanpy - DEBUG - cmd: where.exe tbb.dll
cwd: None
2025-05-02 01:43:51,286 - cmdstanpy - DEBUG - Adding TBB (C:\Users\hp\AppData\Roaming\Python\Python312\site-packages\prophet\stan_model\cmdstan-2.33.1\stan\lib\stan_math\lib\tbb) to PATH
2025-05-02 01:43:51,301 - cmdstanpy - DEBUG - input tempfile: C:\Users\hp\AppData\Local\Temp\tmpdy7cgtww\i6d3xerq.json
2025-05-02 01:43:51,303 - cmdstanpy - DEBUG - input tempfile: C:\Users\hp\AppData\Local\Temp\tmpdy7cgtww\bjilz3wn.json
2025-05-02 01:43:51,306 - cmdstanpy - DEBUG - idx 0
2025-05-02 01:43:51,306 - cmdstanpy - DEBUG - running CmdStan, num_threads: None
2025-05-02 01:43:51,306 - cmdstanpy - DEBUG - CmdStan args: ['C:\\Users\\hp\\AppData\\Roaming\\Python\\Python312\\site-packages\\prophet\\stan_model\\prophet_model.bin', 'random', 'seed=29063', 'data', 'file=C:\\Users\\hp\\AppData\\Local\\Temp\\tmpdy7cgtww\\i6d3xerq.json', 'init=C:\\Users\\hp\\AppData\\Local\\Temp\\tmpdy7cgtww\\bjilz3wn.json', 'output', 'file=C:\\Users\\hp\\AppData\\Local\\Temp\\tmpdy7cgtww\\prophet_modeleyd202bl\\prophet_model-20250502014351.csv', 'method=optimize', 'algorithm=newton', 'iter=10000']
2025-05-02 01:43:51,306 - cmdstanpy - INFO - Chain [1] start processing
2025-05-02 01:43:52,407 - cmdstanpy - INFO - Chain [1] done processing
2025-05-02 01:43:52,419 - __main__ - INFO - Prophet model trained successfully
2025-05-02 01:43:52,445 - __main__ - INFO - Performance Metrics:
2025-05-02 01:43:52,445 - __main__ - INFO - MSE: 0.00
2025-05-02 01:43:52,445 - __main__ - INFO - RMSE: 0.02
2025-05-02 01:43:52,446 - __main__ - INFO - MAE: 0.02
2025-05-02 01:43:52,446 - __main__ - INFO - R2 Score: 1.00
2025-05-02 01:43:52,446 - __main__ - INFO - Sample Actual vs Predicted:
Actual: [512.73627833 525.20752604 510.50318002 532.76155444 504.05600164]
Predicted: [512.71284824 525.18409211 510.47975061 532.73811817 504.03257423]
2025-05-02 01:43:52,446 - __main__ - INFO - Logged 18 prediction errors for feedback loop
2025-05-02 01:43:52,624 - __main__ - INFO - Plot saved as nabil_stock_predictions_NABIL.png
2025-05-02 01:43:52,627 - __main__ - INFO - Saved feedback log to feedback_log_NABIL.csv
2025-05-02 01:43:52,628 - __main__ - INFO - DataFrame columns before saving for NABIL: ['Date', 'Open', 'High', 'Low', 'Close', 'Volume', 'Daily_Return', 'MA5', 'MA20', 'Volatility', 'P_E_Ratio', 'combined_sentiment', 'Sentiment_Lag1', 'Sentiment_Trend', 'Predicted_Close']
2025-05-02 01:43:52,628 - __main__ - INFO - Number of columns: 15
2025-05-02 01:43:52,628 - __main__ - INFO - DataFrame shape: (90, 15)
2025-05-02 01:43:52,629 - __main__ - INFO - Saved combined data with predictions for NABIL to combined_data_with_predictions_NABIL.csv
2025-05-02 01:43:52,630 - __main__ - INFO - Prediction engine completed successfully for NABIL
2025-05-02 01:43:52,630 - __main__ - INFO - Starting Sentimetrics AI prediction engine for NRIC
2025-05-02 01:43:52,646 - __main__ - INFO - Loaded combined data for NRIC with 90 rows
2025-05-02 01:43:52,649 - __main__ - INFO - Training set size: 72, Testing set size: 18
2025-05-02 01:43:52,651 - __main__ - INFO - Test set Close price stats:
count     18.000000
mean     465.916409
std       46.780950
min      399.045748
25%      429.304373
50%      453.421990
75%      513.259114
max      539.124974
Name: Close, dtype: float64
2025-05-02 01:43:52,652 - cmdstanpy - DEBUG - cmd: where.exe tbb.dll
cwd: None
2025-05-02 01:43:52,690 - cmdstanpy - DEBUG - TBB already found in load path
2025-05-02 01:43:52,701 - cmdstanpy - DEBUG - input tempfile: C:\Users\hp\AppData\Local\Temp\tmpdy7cgtww\0fn_lwb_.json
2025-05-02 01:43:52,704 - cmdstanpy - DEBUG - input tempfile: C:\Users\hp\AppData\Local\Temp\tmpdy7cgtww\1s5wt_du.json
2025-05-02 01:43:52,705 - cmdstanpy - DEBUG - idx 0
2025-05-02 01:43:52,705 - cmdstanpy - DEBUG - running CmdStan, num_threads: None
2025-05-02 01:43:52,705 - cmdstanpy - DEBUG - CmdStan args: ['C:\\Users\\hp\\AppData\\Roaming\\Python\\Python312\\site-packages\\prophet\\stan_model\\prophet_model.bin', 'random', 'seed=88675', 'data', 'file=C:\\Users\\hp\\AppData\\Local\\Temp\\tmpdy7cgtww\\0fn_lwb_.json', 'init=C:\\Users\\hp\\AppData\\Local\\Temp\\tmpdy7cgtww\\1s5wt_du.json', 'output', 'file=C:\\Users\\hp\\AppData\\Local\\Temp\\tmpdy7cgtww\\prophet_modeleo2sun8q\\prophet_model-20250502014352.csv', 'method=optimize', 'algorithm=newton', 'iter=10000']
2025-05-02 01:43:52,706 - cmdstanpy - INFO - Chain [1] start processing
2025-05-02 01:44:01,676 - cmdstanpy - INFO - Chain [1] done processing
2025-05-02 01:44:01,691 - __main__ - INFO - Prophet model trained successfully
2025-05-02 01:44:01,718 - __main__ - INFO - Performance Metrics:
2025-05-02 01:44:01,718 - __main__ - INFO - MSE: 0.00
2025-05-02 01:44:01,718 - __main__ - INFO - RMSE: 0.00
2025-05-02 01:44:01,718 - __main__ - INFO - MAE: 0.00
2025-05-02 01:44:01,718 - __main__ - INFO - R2 Score: 1.00
2025-05-02 01:44:01,718 - __main__ - INFO - Sample Actual vs Predicted:
Actual: [539.1249741  536.40314538 521.99727846 528.29642043 515.00944603]
Predicted: [539.12521169 536.40338206 521.99751033 528.2966544  515.00967557]
2025-05-02 01:44:01,719 - __main__ - INFO - Logged 18 prediction errors for feedback loop
2025-05-02 01:44:01,831 - __main__ - INFO - Plot saved as nabil_stock_predictions_NRIC.png
2025-05-02 01:44:01,833 - __main__ - INFO - Saved feedback log to feedback_log_NRIC.csv
2025-05-02 01:44:01,834 - __main__ - INFO - DataFrame columns before saving for NRIC: ['Date', 'Open', 'High', 'Low', 'Close', 'Volume', 'Daily_Return', 'MA5', 'MA20', 'Volatility', 'P_E_Ratio', 'combined_sentiment', 'Sentiment_Lag1', 'Sentiment_Trend', 'Predicted_Close']
2025-05-02 01:44:01,834 - __main__ - INFO - Number of columns: 15
2025-05-02 01:44:01,834 - __main__ - INFO - DataFrame shape: (90, 15)
2025-05-02 01:44:01,837 - __main__ - INFO - Saved combined data with predictions for NRIC to combined_data_with_predictions_NRIC.csv
2025-05-02 01:44:01,837 - __main__ - INFO - Prediction engine completed successfully for NRIC
2025-05-02 01:44:01,837 - __main__ - INFO - Starting Sentimetrics AI prediction engine for SHIVM
2025-05-02 01:44:01,860 - __main__ - INFO - Loaded combined data for SHIVM with 90 rows
2025-05-02 01:44:01,862 - __main__ - INFO - Training set size: 72, Testing set size: 18
2025-05-02 01:44:01,863 - __main__ - INFO - Test set Close price stats:
count     18.000000
mean     403.364932
std       26.019206
min      350.305432
25%      385.358348
50%      402.923877
75%      423.874605
max      442.795746
Name: Close, dtype: float64
2025-05-02 01:44:01,864 - cmdstanpy - DEBUG - cmd: where.exe tbb.dll
cwd: None
2025-05-02 01:44:01,902 - cmdstanpy - DEBUG - TBB already found in load path
2025-05-02 01:44:01,912 - cmdstanpy - DEBUG - input tempfile: C:\Users\hp\AppData\Local\Temp\tmpdy7cgtww\_t8ztzwt.json
2025-05-02 01:44:01,916 - cmdstanpy - DEBUG - input tempfile: C:\Users\hp\AppData\Local\Temp\tmpdy7cgtww\du89nm8w.json
2025-05-02 01:44:01,917 - cmdstanpy - DEBUG - idx 0
2025-05-02 01:44:01,917 - cmdstanpy - DEBUG - running CmdStan, num_threads: None
2025-05-02 01:44:01,917 - cmdstanpy - DEBUG - CmdStan args: ['C:\\Users\\hp\\AppData\\Roaming\\Python\\Python312\\site-packages\\prophet\\stan_model\\prophet_model.bin', 'random', 'seed=51928', 'data', 'file=C:\\Users\\hp\\AppData\\Local\\Temp\\tmpdy7cgtww\\_t8ztzwt.json', 'init=C:\\Users\\hp\\AppData\\Local\\Temp\\tmpdy7cgtww\\du89nm8w.json', 'output', 'file=C:\\Users\\hp\\AppData\\Local\\Temp\\tmpdy7cgtww\\prophet_modelilic9oax\\prophet_model-20250502014401.csv', 'method=optimize', 'algorithm=newton', 'iter=10000']
2025-05-02 01:44:01,917 - cmdstanpy - INFO - Chain [1] start processing
2025-05-02 01:44:05,529 - cmdstanpy - INFO - Chain [1] done processing
2025-05-02 01:44:05,541 - __main__ - INFO - Prophet model trained successfully
2025-05-02 01:44:05,565 - __main__ - INFO - Performance Metrics:
2025-05-02 01:44:05,566 - __main__ - INFO - MSE: 0.00
2025-05-02 01:44:05,566 - __main__ - INFO - RMSE: 0.00
2025-05-02 01:44:05,566 - __main__ - INFO - MAE: 0.00
2025-05-02 01:44:05,566 - __main__ - INFO - R2 Score: 1.00
2025-05-02 01:44:05,567 - __main__ - INFO - Sample Actual vs Predicted:
Actual: [365.93354994 350.30543178 377.86478158 392.87358849 384.53375623]
Predicted: [365.93281844 350.30471319 377.86404024 392.87283476 384.53300938]
2025-05-02 01:44:05,567 - __main__ - INFO - Logged 18 prediction errors for feedback loop
2025-05-02 01:44:05,674 - __main__ - INFO - Plot saved as nabil_stock_predictions_SHIVM.png
2025-05-02 01:44:05,675 - __main__ - INFO - Saved feedback log to feedback_log_SHIVM.csv
2025-05-02 01:44:05,676 - __main__ - INFO - DataFrame columns before saving for SHIVM: ['Date', 'Open', 'High', 'Low', 'Close', 'Volume', 'Daily_Return', 'MA5', 'MA20', 'Volatility', 'P_E_Ratio', 'combined_sentiment', 'Sentiment_Lag1', 'Sentiment_Trend', 'Predicted_Close']
2025-05-02 01:44:05,676 - __main__ - INFO - Number of columns: 15
2025-05-02 01:44:05,676 - __main__ - INFO - DataFrame shape: (90, 15)
2025-05-02 01:44:05,679 - __main__ - INFO - Saved combined data with predictions for SHIVM to combined_data_with_predictions_SHIVM.csv
2025-05-02 01:44:05,679 - __main__ - INFO - Prediction engine completed successfully for SHIVM
2025-05-02 01:44:05,679 - __main__ - INFO - Starting Sentimetrics AI prediction engine for HBL
2025-05-02 01:44:05,693 - __main__ - INFO - Loaded combined data for HBL with 90 rows
2025-05-02 01:44:05,695 - __main__ - INFO - Training set size: 72, Testing set size: 18
2025-05-02 01:44:05,697 - __main__ - INFO - Test set Close price stats:
count     18.000000
mean     612.246941
std       37.034750
min      529.249147
25%      589.023665
50%      623.664815
75%      644.561523
max      650.000000
Name: Close, dtype: float64
2025-05-02 01:44:05,697 - cmdstanpy - DEBUG - cmd: where.exe tbb.dll
cwd: None
2025-05-02 01:44:05,737 - cmdstanpy - DEBUG - TBB already found in load path
2025-05-02 01:44:05,748 - cmdstanpy - DEBUG - input tempfile: C:\Users\hp\AppData\Local\Temp\tmpdy7cgtww\vjhgo73m.json
2025-05-02 01:44:05,753 - cmdstanpy - DEBUG - input tempfile: C:\Users\hp\AppData\Local\Temp\tmpdy7cgtww\85ftusm_.json
2025-05-02 01:44:05,755 - cmdstanpy - DEBUG - idx 0
2025-05-02 01:44:05,755 - cmdstanpy - DEBUG - running CmdStan, num_threads: None
2025-05-02 01:44:05,755 - cmdstanpy - DEBUG - CmdStan args: ['C:\\Users\\hp\\AppData\\Roaming\\Python\\Python312\\site-packages\\prophet\\stan_model\\prophet_model.bin', 'random', 'seed=53125', 'data', 'file=C:\\Users\\hp\\AppData\\Local\\Temp\\tmpdy7cgtww\\vjhgo73m.json', 'init=C:\\Users\\hp\\AppData\\Local\\Temp\\tmpdy7cgtww\\85ftusm_.json', 'output', 'file=C:\\Users\\hp\\AppData\\Local\\Temp\\tmpdy7cgtww\\prophet_modeltn3kpvlg\\prophet_model-20250502014405.csv', 'method=optimize', 'algorithm=newton', 'iter=10000']
2025-05-02 01:44:05,755 - cmdstanpy - INFO - Chain [1] start processing
2025-05-02 01:44:06,358 - cmdstanpy - INFO - Chain [1] done processing
2025-05-02 01:44:06,372 - __main__ - INFO - Prophet model trained successfully
2025-05-02 01:44:06,397 - __main__ - INFO - Performance Metrics:
2025-05-02 01:44:06,397 - __main__ - INFO - MSE: 0.00
2025-05-02 01:44:06,398 - __main__ - INFO - RMSE: 0.00
2025-05-02 01:44:06,398 - __main__ - INFO - MAE: 0.00
2025-05-02 01:44:06,398 - __main__ - INFO - R2 Score: 1.00
2025-05-02 01:44:06,398 - __main__ - INFO - Sample Actual vs Predicted:
Actual: [595.01622338 598.55349846 631.09001357 640.02181431 645.81016718]
Predicted: [595.01434688 598.55162261 631.08814379 640.0199462  645.80830015]
2025-05-02 01:44:06,398 - __main__ - INFO - Logged 18 prediction errors for feedback loop
2025-05-02 01:44:06,498 - __main__ - INFO - Plot saved as nabil_stock_predictions_HBL.png
2025-05-02 01:44:06,500 - __main__ - INFO - Saved feedback log to feedback_log_HBL.csv
2025-05-02 01:44:06,501 - __main__ - INFO - DataFrame columns before saving for HBL: ['Date', 'Open', 'High', 'Low', 'Close', 'Volume', 'Daily_Return', 'MA5', 'MA20', 'Volatility', 'P_E_Ratio', 'combined_sentiment', 'Sentiment_Lag1', 'Sentiment_Trend', 'Predicted_Close']
2025-05-02 01:44:06,501 - __main__ - INFO - Number of columns: 15
2025-05-02 01:44:06,501 - __main__ - INFO - DataFrame shape: (90, 15)
2025-05-02 01:44:06,503 - __main__ - INFO - Saved combined data with predictions for HBL to combined_data_with_predictions_HBL.csv
2025-05-02 01:44:06,504 - __main__ - INFO - Prediction engine completed successfully for HBL
2025-05-02 01:44:06,504 - __main__ - INFO - Starting Sentimetrics AI prediction engine for EBL
2025-05-02 01:44:06,520 - __main__ - INFO - Loaded combined data for EBL with 90 rows
2025-05-02 01:44:06,522 - __main__ - INFO - Training set size: 72, Testing set size: 18
2025-05-02 01:44:06,523 - __main__ - INFO - Test set Close price stats:
count     18.000000
mean     523.289774
std        8.428901
min      510.544479
25%      516.302407
50%      522.666209
75%      527.436604
max      540.590752
Name: Close, dtype: float64
2025-05-02 01:44:06,523 - cmdstanpy - DEBUG - cmd: where.exe tbb.dll
cwd: None
2025-05-02 01:44:06,562 - cmdstanpy - DEBUG - TBB already found in load path
2025-05-02 01:44:06,573 - cmdstanpy - DEBUG - input tempfile: C:\Users\hp\AppData\Local\Temp\tmpdy7cgtww\cpdgkpx1.json
2025-05-02 01:44:06,578 - cmdstanpy - DEBUG - input tempfile: C:\Users\hp\AppData\Local\Temp\tmpdy7cgtww\j9ugg4gz.json
2025-05-02 01:44:06,579 - cmdstanpy - DEBUG - idx 0
2025-05-02 01:44:06,579 - cmdstanpy - DEBUG - running CmdStan, num_threads: None
2025-05-02 01:44:06,579 - cmdstanpy - DEBUG - CmdStan args: ['C:\\Users\\hp\\AppData\\Roaming\\Python\\Python312\\site-packages\\prophet\\stan_model\\prophet_model.bin', 'random', 'seed=14700', 'data', 'file=C:\\Users\\hp\\AppData\\Local\\Temp\\tmpdy7cgtww\\cpdgkpx1.json', 'init=C:\\Users\\hp\\AppData\\Local\\Temp\\tmpdy7cgtww\\j9ugg4gz.json', 'output', 'file=C:\\Users\\hp\\AppData\\Local\\Temp\\tmpdy7cgtww\\prophet_model836lnu0f\\prophet_model-20250502014406.csv', 'method=optimize', 'algorithm=newton', 'iter=10000']
2025-05-02 01:44:06,579 - cmdstanpy - INFO - Chain [1] start processing
2025-05-02 01:44:06,801 - cmdstanpy - INFO - Chain [1] done processing
2025-05-02 01:44:06,814 - __main__ - INFO - Prophet model trained successfully
2025-05-02 01:44:06,838 - __main__ - INFO - Performance Metrics:
2025-05-02 01:44:06,839 - __main__ - INFO - MSE: 0.00
2025-05-02 01:44:06,839 - __main__ - INFO - RMSE: 0.00
2025-05-02 01:44:06,839 - __main__ - INFO - MAE: 0.00
2025-05-02 01:44:06,839 - __main__ - INFO - R2 Score: 1.00
2025-05-02 01:44:06,839 - __main__ - INFO - Sample Actual vs Predicted:
Actual: [514.25180711 519.72098978 532.75090043 521.25831746 517.1392592 ]
Predicted: [514.25310095 519.72228354 532.752194   521.2596112  517.140553  ]
2025-05-02 01:44:06,839 - __main__ - INFO - Logged 18 prediction errors for feedback loop
2025-05-02 01:44:06,947 - __main__ - INFO - Plot saved as nabil_stock_predictions_EBL.png
2025-05-02 01:44:06,948 - __main__ - INFO - Saved feedback log to feedback_log_EBL.csv
2025-05-02 01:44:06,950 - __main__ - INFO - DataFrame columns before saving for EBL: ['Date', 'Open', 'High', 'Low', 'Close', 'Volume', 'Daily_Return', 'MA5', 'MA20', 'Volatility', 'P_E_Ratio', 'combined_sentiment', 'Sentiment_Lag1', 'Sentiment_Trend', 'Predicted_Close']
2025-05-02 01:44:06,950 - __main__ - INFO - Number of columns: 15
2025-05-02 01:44:06,950 - __main__ - INFO - DataFrame shape: (90, 15)
2025-05-02 01:44:06,951 - __main__ - INFO - Saved combined data with predictions for EBL to combined_data_with_predictions_EBL.csv
2025-05-02 01:44:06,951 - __main__ - INFO - Prediction engine completed successfully for EBL
2025-05-02 01:44:06,951 - __main__ - INFO - Starting Sentimetrics AI prediction engine for SCB
2025-05-02 01:44:06,965 - __main__ - INFO - Loaded combined data for SCB with 90 rows
2025-05-02 01:44:06,967 - __main__ - INFO - Training set size: 72, Testing set size: 18
2025-05-02 01:44:06,969 - __main__ - INFO - Test set Close price stats:
count     18.000000
mean     491.715323
std       31.522436
min      444.907485
25%      472.287766
50%      481.290584
75%      506.718554
max      552.492811
Name: Close, dtype: float64
2025-05-02 01:44:06,969 - cmdstanpy - DEBUG - cmd: where.exe tbb.dll
cwd: None
2025-05-02 01:44:07,010 - cmdstanpy - DEBUG - TBB already found in load path
2025-05-02 01:44:07,021 - cmdstanpy - DEBUG - input tempfile: C:\Users\hp\AppData\Local\Temp\tmpdy7cgtww\cp_b037x.json
2025-05-02 01:44:07,026 - cmdstanpy - DEBUG - input tempfile: C:\Users\hp\AppData\Local\Temp\tmpdy7cgtww\eu_4xr8a.json
2025-05-02 01:44:07,028 - cmdstanpy - DEBUG - idx 0
2025-05-02 01:44:07,028 - cmdstanpy - DEBUG - running CmdStan, num_threads: None
2025-05-02 01:44:07,028 - cmdstanpy - DEBUG - CmdStan args: ['C:\\Users\\hp\\AppData\\Roaming\\Python\\Python312\\site-packages\\prophet\\stan_model\\prophet_model.bin', 'random', 'seed=73782', 'data', 'file=C:\\Users\\hp\\AppData\\Local\\Temp\\tmpdy7cgtww\\cp_b037x.json', 'init=C:\\Users\\hp\\AppData\\Local\\Temp\\tmpdy7cgtww\\eu_4xr8a.json', 'output', 'file=C:\\Users\\hp\\AppData\\Local\\Temp\\tmpdy7cgtww\\prophet_modelc3bn62qy\\prophet_model-20250502014407.csv', 'method=optimize', 'algorithm=newton', 'iter=10000']
2025-05-02 01:44:07,028 - cmdstanpy - INFO - Chain [1] start processing
2025-05-02 01:44:14,353 - cmdstanpy - INFO - Chain [1] done processing
2025-05-02 01:44:14,362 - __main__ - INFO - Prophet model trained successfully
2025-05-02 01:44:14,388 - __main__ - INFO - Performance Metrics:
2025-05-02 01:44:14,388 - __main__ - INFO - MSE: 0.00
2025-05-02 01:44:14,388 - __main__ - INFO - RMSE: 0.00
2025-05-02 01:44:14,389 - __main__ - INFO - MAE: 0.00
2025-05-02 01:44:14,389 - __main__ - INFO - R2 Score: 1.00
2025-05-02 01:44:14,389 - __main__ - INFO - Sample Actual vs Predicted:
Actual: [479.85938241 482.7217865  471.42723867 479.46147663 461.16957473]
Predicted: [479.86218662 482.72459187 471.43003951 479.46428069 461.17237146]
2025-05-02 01:44:14,390 - __main__ - INFO - Logged 18 prediction errors for feedback loop
2025-05-02 01:44:14,543 - __main__ - INFO - Plot saved as nabil_stock_predictions_SCB.png
2025-05-02 01:44:14,545 - __main__ - INFO - Saved feedback log to feedback_log_SCB.csv
2025-05-02 01:44:14,545 - __main__ - INFO - DataFrame columns before saving for SCB: ['Date', 'Open', 'High', 'Low', 'Close', 'Volume', 'Daily_Return', 'MA5', 'MA20', 'Volatility', 'P_E_Ratio', 'combined_sentiment', 'Sentiment_Lag1', 'Sentiment_Trend', 'Predicted_Close']
2025-05-02 01:44:14,545 - __main__ - INFO - Number of columns: 15
2025-05-02 01:44:14,546 - __main__ - INFO - DataFrame shape: (90, 15)
2025-05-02 01:44:14,547 - __main__ - INFO - Saved combined data with predictions for SCB to combined_data_with_predictions_SCB.csv
2025-05-02 01:44:14,547 - __main__ - INFO - Prediction engine completed successfully for SCB
2025-05-02 01:44:14,547 - __main__ - INFO - Starting Sentimetrics AI prediction engine for KBL
2025-05-02 01:44:14,563 - __main__ - INFO - Loaded combined data for KBL with 90 rows
2025-05-02 01:44:14,566 - __main__ - INFO - Training set size: 72, Testing set size: 18
2025-05-02 01:44:14,568 - __main__ - INFO - Test set Close price stats:
count     18.000000
mean     379.286608
std       45.538662
min      324.547557
25%      339.867284
50%      369.707293
75%      419.116383
max      456.742646
Name: Close, dtype: float64
2025-05-02 01:44:14,569 - cmdstanpy - DEBUG - cmd: where.exe tbb.dll
cwd: None
2025-05-02 01:44:14,610 - cmdstanpy - DEBUG - TBB already found in load path
2025-05-02 01:44:14,621 - cmdstanpy - DEBUG - input tempfile: C:\Users\hp\AppData\Local\Temp\tmpdy7cgtww\o4nodjsi.json
2025-05-02 01:44:14,625 - cmdstanpy - DEBUG - input tempfile: C:\Users\hp\AppData\Local\Temp\tmpdy7cgtww\_6mtmhqf.json
2025-05-02 01:44:14,627 - cmdstanpy - DEBUG - idx 0
2025-05-02 01:44:14,627 - cmdstanpy - DEBUG - running CmdStan, num_threads: None
2025-05-02 01:44:14,627 - cmdstanpy - DEBUG - CmdStan args: ['C:\\Users\\hp\\AppData\\Roaming\\Python\\Python312\\site-packages\\prophet\\stan_model\\prophet_model.bin', 'random', 'seed=61803', 'data', 'file=C:\\Users\\hp\\AppData\\Local\\Temp\\tmpdy7cgtww\\o4nodjsi.json', 'init=C:\\Users\\hp\\AppData\\Local\\Temp\\tmpdy7cgtww\\_6mtmhqf.json', 'output', 'file=C:\\Users\\hp\\AppData\\Local\\Temp\\tmpdy7cgtww\\prophet_model3s36g7a3\\prophet_model-20250502014414.csv', 'method=optimize', 'algorithm=newton', 'iter=10000']
2025-05-02 01:44:14,628 - cmdstanpy - INFO - Chain [1] start processing
2025-05-02 01:44:17,636 - cmdstanpy - INFO - Chain [1] done processing
2025-05-02 01:44:17,645 - __main__ - INFO - Prophet model trained successfully
2025-05-02 01:44:17,671 - __main__ - INFO - Performance Metrics:
2025-05-02 01:44:17,672 - __main__ - INFO - MSE: 0.00
2025-05-02 01:44:17,672 - __main__ - INFO - RMSE: 0.00
2025-05-02 01:44:17,672 - __main__ - INFO - MAE: 0.00
2025-05-02 01:44:17,672 - __main__ - INFO - R2 Score: 1.00
2025-05-02 01:44:17,672 - __main__ - INFO - Sample Actual vs Predicted:
Actual: [438.76882583 456.74264608 436.31648168 452.45901727 425.70129602]
Predicted: [438.76786815 456.74161766 436.31553365 452.45800571 425.70038976]
2025-05-02 01:44:17,673 - __main__ - INFO - Logged 18 prediction errors for feedback loop
2025-05-02 01:44:17,786 - __main__ - INFO - Plot saved as nabil_stock_predictions_KBL.png
2025-05-02 01:44:17,787 - __main__ - INFO - Saved feedback log to feedback_log_KBL.csv
2025-05-02 01:44:17,788 - __main__ - INFO - DataFrame columns before saving for KBL: ['Date', 'Open', 'High', 'Low', 'Close', 'Volume', 'Daily_Return', 'MA5', 'MA20', 'Volatility', 'P_E_Ratio', 'combined_sentiment', 'Sentiment_Lag1', 'Sentiment_Trend', 'Predicted_Close']
2025-05-02 01:44:17,788 - __main__ - INFO - Number of columns: 15
2025-05-02 01:44:17,788 - __main__ - INFO - DataFrame shape: (90, 15)
2025-05-02 01:44:17,791 - __main__ - INFO - Saved combined data with predictions for KBL to combined_data_with_predictions_KBL.csv
2025-05-02 01:44:17,791 - __main__ - INFO - Prediction engine completed successfully for KBL
2025-05-02 01:44:17,791 - __main__ - INFO - Starting Sentimetrics AI prediction engine for NMB
2025-05-02 01:44:17,803 - __main__ - INFO - Loaded combined data for NMB with 90 rows
2025-05-02 01:44:17,805 - __main__ - INFO - Training set size: 72, Testing set size: 18
2025-05-02 01:44:17,808 - __main__ - INFO - Test set Close price stats:
count     18.000000
mean     547.543398
std       32.074638
min      499.710618
25%      518.348416
50%      545.432336
75%      573.670340
max      600.465177
Name: Close, dtype: float64
2025-05-02 01:44:17,808 - cmdstanpy - DEBUG - cmd: where.exe tbb.dll
cwd: None
2025-05-02 01:44:17,846 - cmdstanpy - DEBUG - TBB already found in load path
2025-05-02 01:44:17,856 - cmdstanpy - DEBUG - input tempfile: C:\Users\hp\AppData\Local\Temp\tmpdy7cgtww\1vgt9bij.json
2025-05-02 01:44:17,860 - cmdstanpy - DEBUG - input tempfile: C:\Users\hp\AppData\Local\Temp\tmpdy7cgtww\d5bzi1vo.json
2025-05-02 01:44:17,862 - cmdstanpy - DEBUG - idx 0
2025-05-02 01:44:17,862 - cmdstanpy - DEBUG - running CmdStan, num_threads: None
2025-05-02 01:44:17,862 - cmdstanpy - DEBUG - CmdStan args: ['C:\\Users\\hp\\AppData\\Roaming\\Python\\Python312\\site-packages\\prophet\\stan_model\\prophet_model.bin', 'random', 'seed=52873', 'data', 'file=C:\\Users\\hp\\AppData\\Local\\Temp\\tmpdy7cgtww\\1vgt9bij.json', 'init=C:\\Users\\hp\\AppData\\Local\\Temp\\tmpdy7cgtww\\d5bzi1vo.json', 'output', 'file=C:\\Users\\hp\\AppData\\Local\\Temp\\tmpdy7cgtww\\prophet_model3cpnhg_2\\prophet_model-20250502014417.csv', 'method=optimize', 'algorithm=newton', 'iter=10000']
2025-05-02 01:44:17,862 - cmdstanpy - INFO - Chain [1] start processing
2025-05-02 01:44:21,268 - cmdstanpy - INFO - Chain [1] done processing
2025-05-02 01:44:21,277 - __main__ - INFO - Prophet model trained successfully
2025-05-02 01:44:21,304 - __main__ - INFO - Performance Metrics:
2025-05-02 01:44:21,305 - __main__ - INFO - MSE: 0.00
2025-05-02 01:44:21,305 - __main__ - INFO - RMSE: 0.00
2025-05-02 01:44:21,305 - __main__ - INFO - MAE: 0.00
2025-05-02 01:44:21,305 - __main__ - INFO - R2 Score: 1.00
2025-05-02 01:44:21,305 - __main__ - INFO - Sample Actual vs Predicted:
Actual: [594.49262587 600.46517713 585.64460917 578.01491053 572.63827992]
Predicted: [594.49481799 600.46737267 585.6467962  578.01709319 572.64045949]
2025-05-02 01:44:21,306 - __main__ - INFO - Logged 18 prediction errors for feedback loop
2025-05-02 01:44:21,415 - __main__ - INFO - Plot saved as nabil_stock_predictions_NMB.png
2025-05-02 01:44:21,416 - __main__ - INFO - Saved feedback log to feedback_log_NMB.csv
2025-05-02 01:44:21,418 - __main__ - INFO - DataFrame columns before saving for NMB: ['Date', 'Open', 'High', 'Low', 'Close', 'Volume', 'Daily_Return', 'MA5', 'MA20', 'Volatility', 'P_E_Ratio', 'combined_sentiment', 'Sentiment_Lag1', 'Sentiment_Trend', 'Predicted_Close']
2025-05-02 01:44:21,418 - __main__ - INFO - Number of columns: 15
2025-05-02 01:44:21,418 - __main__ - INFO - DataFrame shape: (90, 15)
2025-05-02 01:44:21,419 - __main__ - INFO - Saved combined data with predictions for NMB to combined_data_with_predictions_NMB.csv
2025-05-02 01:44:21,419 - __main__ - INFO - Prediction engine completed successfully for NMB
2025-05-02 01:44:21,419 - __main__ - INFO - Starting Sentimetrics AI prediction engine for GBIME
2025-05-02 01:44:21,436 - __main__ - INFO - Loaded combined data for GBIME with 90 rows
2025-05-02 01:44:21,439 - __main__ - INFO - Training set size: 72, Testing set size: 18
2025-05-02 01:44:21,440 - __main__ - INFO - Test set Close price stats:
count     18.000000
mean     472.940568
std       30.011784
min      435.099848
25%      451.467189
50%      461.225062
75%      489.372367
max      536.503838
Name: Close, dtype: float64
2025-05-02 01:44:21,440 - cmdstanpy - DEBUG - cmd: where.exe tbb.dll
cwd: None
2025-05-02 01:44:21,478 - cmdstanpy - DEBUG - TBB already found in load path
2025-05-02 01:44:21,489 - cmdstanpy - DEBUG - input tempfile: C:\Users\hp\AppData\Local\Temp\tmpdy7cgtww\68s53lr_.json
2025-05-02 01:44:21,493 - cmdstanpy - DEBUG - input tempfile: C:\Users\hp\AppData\Local\Temp\tmpdy7cgtww\c0ot3cju.json
2025-05-02 01:44:21,494 - cmdstanpy - DEBUG - idx 0
2025-05-02 01:44:21,494 - cmdstanpy - DEBUG - running CmdStan, num_threads: None
2025-05-02 01:44:21,494 - cmdstanpy - DEBUG - CmdStan args: ['C:\\Users\\hp\\AppData\\Roaming\\Python\\Python312\\site-packages\\prophet\\stan_model\\prophet_model.bin', 'random', 'seed=28527', 'data', 'file=C:\\Users\\hp\\AppData\\Local\\Temp\\tmpdy7cgtww\\68s53lr_.json', 'init=C:\\Users\\hp\\AppData\\Local\\Temp\\tmpdy7cgtww\\c0ot3cju.json', 'output', 'file=C:\\Users\\hp\\AppData\\Local\\Temp\\tmpdy7cgtww\\prophet_modelmi8ldf_0\\prophet_model-20250502014421.csv', 'method=optimize', 'algorithm=newton', 'iter=10000']
2025-05-02 01:44:21,494 - cmdstanpy - INFO - Chain [1] start processing
2025-05-02 01:44:24,653 - cmdstanpy - INFO - Chain [1] done processing
2025-05-02 01:44:24,663 - __main__ - INFO - Prophet model trained successfully
2025-05-02 01:44:24,687 - __main__ - INFO - Performance Metrics:
2025-05-02 01:44:24,688 - __main__ - INFO - MSE: 0.00
2025-05-02 01:44:24,688 - __main__ - INFO - RMSE: 0.00
2025-05-02 01:44:24,688 - __main__ - INFO - MAE: 0.00
2025-05-02 01:44:24,688 - __main__ - INFO - R2 Score: 1.00
2025-05-02 01:44:24,688 - __main__ - INFO - Sample Actual vs Predicted:
Actual: [488.38322948 471.45135055 454.68135422 450.81947894 449.77816642]
Predicted: [488.38351444 471.45162565 454.68161953 450.819742   449.77842888]
2025-05-02 01:44:24,689 - __main__ - INFO - Logged 18 prediction errors for feedback loop
2025-05-02 01:44:24,800 - __main__ - INFO - Plot saved as nabil_stock_predictions_GBIME.png
2025-05-02 01:44:24,802 - __main__ - INFO - Saved feedback log to feedback_log_GBIME.csv
2025-05-02 01:44:24,803 - __main__ - INFO - DataFrame columns before saving for GBIME: ['Date', 'Open', 'High', 'Low', 'Close', 'Volume', 'Daily_Return', 'MA5', 'MA20', 'Volatility', 'P_E_Ratio', 'combined_sentiment', 'Sentiment_Lag1', 'Sentiment_Trend', 'Predicted_Close']
2025-05-02 01:44:24,803 - __main__ - INFO - Number of columns: 15
2025-05-02 01:44:24,804 - __main__ - INFO - DataFrame shape: (90, 15)
2025-05-02 01:44:24,805 - __main__ - INFO - Saved combined data with predictions for GBIME to combined_data_with_predictions_GBIME.csv
2025-05-02 01:44:24,805 - __main__ - INFO - Prediction engine completed successfully for GBIME
2025-05-02 01:44:24,805 - __main__ - INFO - Starting Sentimetrics AI prediction engine for NICA
2025-05-02 01:44:24,816 - __main__ - INFO - Loaded combined data for NICA with 90 rows
2025-05-02 01:44:24,818 - __main__ - INFO - Training set size: 72, Testing set size: 18
2025-05-02 01:44:24,819 - __main__ - INFO - Test set Close price stats:
count     18.000000
mean     416.159902
std       29.836106
min      380.856957
25%      393.977989
50%      407.877660
75%      443.458005
max      467.169932
Name: Close, dtype: float64
2025-05-02 01:44:24,821 - cmdstanpy - DEBUG - cmd: where.exe tbb.dll
cwd: None
2025-05-02 01:44:24,863 - cmdstanpy - DEBUG - TBB already found in load path
2025-05-02 01:44:24,875 - cmdstanpy - DEBUG - input tempfile: C:\Users\hp\AppData\Local\Temp\tmpdy7cgtww\kxkui8lz.json
2025-05-02 01:44:24,879 - cmdstanpy - DEBUG - input tempfile: C:\Users\hp\AppData\Local\Temp\tmpdy7cgtww\7bsz5e9d.json
2025-05-02 01:44:24,881 - cmdstanpy - DEBUG - idx 0
2025-05-02 01:44:24,881 - cmdstanpy - DEBUG - running CmdStan, num_threads: None
2025-05-02 01:44:24,881 - cmdstanpy - DEBUG - CmdStan args: ['C:\\Users\\hp\\AppData\\Roaming\\Python\\Python312\\site-packages\\prophet\\stan_model\\prophet_model.bin', 'random', 'seed=76470', 'data', 'file=C:\\Users\\hp\\AppData\\Local\\Temp\\tmpdy7cgtww\\kxkui8lz.json', 'init=C:\\Users\\hp\\AppData\\Local\\Temp\\tmpdy7cgtww\\7bsz5e9d.json', 'output', 'file=C:\\Users\\hp\\AppData\\Local\\Temp\\tmpdy7cgtww\\prophet_modelkyl16lp8\\prophet_model-20250502014424.csv', 'method=optimize', 'algorithm=newton', 'iter=10000']
2025-05-02 01:44:24,881 - cmdstanpy - INFO - Chain [1] start processing
2025-05-02 01:44:27,081 - cmdstanpy - INFO - Chain [1] done processing
2025-05-02 01:44:27,090 - __main__ - INFO - Prophet model trained successfully
2025-05-02 01:44:27,115 - __main__ - INFO - Performance Metrics:
2025-05-02 01:44:27,116 - __main__ - INFO - MSE: 0.00
2025-05-02 01:44:27,116 - __main__ - INFO - RMSE: 0.00
2025-05-02 01:44:27,116 - __main__ - INFO - MAE: 0.00
2025-05-02 01:44:27,116 - __main__ - INFO - R2 Score: 1.00
2025-05-02 01:44:27,116 - __main__ - INFO - Sample Actual vs Predicted:
Actual: [464.15028547 453.65838115 467.16993249 452.23058338 447.53705513]
Predicted: [464.15023813 453.65832794 467.16988684 452.23052936 447.53699847]
2025-05-02 01:44:27,116 - __main__ - INFO - Logged 18 prediction errors for feedback loop
2025-05-02 01:44:27,228 - __main__ - INFO - Plot saved as nabil_stock_predictions_NICA.png
2025-05-02 01:44:27,230 - __main__ - INFO - Saved feedback log to feedback_log_NICA.csv
2025-05-02 01:44:27,231 - __main__ - INFO - DataFrame columns before saving for NICA: ['Date', 'Open', 'High', 'Low', 'Close', 'Volume', 'Daily_Return', 'MA5', 'MA20', 'Volatility', 'P_E_Ratio', 'combined_sentiment', 'Sentiment_Lag1', 'Sentiment_Trend', 'Predicted_Close']
2025-05-02 01:44:27,232 - __main__ - INFO - Number of columns: 15
2025-05-02 01:44:27,232 - __main__ - INFO - DataFrame shape: (90, 15)
2025-05-02 01:44:27,234 - __main__ - INFO - Saved combined data with predictions for NICA to combined_data_with_predictions_NICA.csv
2025-05-02 01:44:27,234 - __main__ - INFO - Prediction engine completed successfully for NICA
2025-05-02 01:44:27,234 - __main__ - INFO - Starting Sentimetrics AI prediction engine for PRVU
2025-05-02 01:44:27,244 - __main__ - INFO - Loaded combined data for PRVU with 90 rows
2025-05-02 01:44:27,246 - __main__ - INFO - Training set size: 72, Testing set size: 18
2025-05-02 01:44:27,248 - __main__ - INFO - Test set Close price stats:
count     18.000000
mean     494.978899
std       28.730209
min      445.793344
25%      468.592655
50%      503.155089
75%      519.529905
max      536.755476
Name: Close, dtype: float64
2025-05-02 01:44:27,249 - cmdstanpy - DEBUG - cmd: where.exe tbb.dll
cwd: None
2025-05-02 01:44:27,288 - cmdstanpy - DEBUG - TBB already found in load path
2025-05-02 01:44:27,302 - cmdstanpy - DEBUG - input tempfile: C:\Users\hp\AppData\Local\Temp\tmpdy7cgtww\1a39tvh0.json
2025-05-02 01:44:27,305 - cmdstanpy - DEBUG - input tempfile: C:\Users\hp\AppData\Local\Temp\tmpdy7cgtww\ke0xtagl.json
2025-05-02 01:44:27,307 - cmdstanpy - DEBUG - idx 0
2025-05-02 01:44:27,307 - cmdstanpy - DEBUG - running CmdStan, num_threads: None
2025-05-02 01:44:27,307 - cmdstanpy - DEBUG - CmdStan args: ['C:\\Users\\hp\\AppData\\Roaming\\Python\\Python312\\site-packages\\prophet\\stan_model\\prophet_model.bin', 'random', 'seed=96673', 'data', 'file=C:\\Users\\hp\\AppData\\Local\\Temp\\tmpdy7cgtww\\1a39tvh0.json', 'init=C:\\Users\\hp\\AppData\\Local\\Temp\\tmpdy7cgtww\\ke0xtagl.json', 'output', 'file=C:\\Users\\hp\\AppData\\Local\\Temp\\tmpdy7cgtww\\prophet_model3uafyt2l\\prophet_model-20250502014427.csv', 'method=optimize', 'algorithm=newton', 'iter=10000']
2025-05-02 01:44:27,307 - cmdstanpy - INFO - Chain [1] start processing
2025-05-02 01:44:29,074 - cmdstanpy - INFO - Chain [1] done processing
2025-05-02 01:44:29,085 - __main__ - INFO - Prophet model trained successfully
2025-05-02 01:44:29,112 - __main__ - INFO - Performance Metrics:
2025-05-02 01:44:29,112 - __main__ - INFO - MSE: 0.00
2025-05-02 01:44:29,112 - __main__ - INFO - RMSE: 0.00
2025-05-02 01:44:29,112 - __main__ - INFO - MAE: 0.00
2025-05-02 01:44:29,112 - __main__ - INFO - R2 Score: 1.00
2025-05-02 01:44:29,113 - __main__ - INFO - Sample Actual vs Predicted:
Actual: [471.84420173 445.79334392 467.50880565 453.93571686 453.62413616]
Predicted: [471.84407544 445.79321702 467.50867925 453.93559015 453.62400944]
2025-05-02 01:44:29,113 - __main__ - INFO - Logged 18 prediction errors for feedback loop
2025-05-02 01:44:29,221 - __main__ - INFO - Plot saved as nabil_stock_predictions_PRVU.png
2025-05-02 01:44:29,223 - __main__ - INFO - Saved feedback log to feedback_log_PRVU.csv
2025-05-02 01:44:29,223 - __main__ - INFO - DataFrame columns before saving for PRVU: ['Date', 'Open', 'High', 'Low', 'Close', 'Volume', 'Daily_Return', 'MA5', 'MA20', 'Volatility', 'P_E_Ratio', 'combined_sentiment', 'Sentiment_Lag1', 'Sentiment_Trend', 'Predicted_Close']
2025-05-02 01:44:29,224 - __main__ - INFO - Number of columns: 15
2025-05-02 01:44:29,224 - __main__ - INFO - DataFrame shape: (90, 15)
2025-05-02 01:44:29,225 - __main__ - INFO - Saved combined data with predictions for PRVU to combined_data_with_predictions_PRVU.csv
2025-05-02 01:44:29,226 - __main__ - INFO - Prediction engine completed successfully for PRVU
2025-05-02 01:44:29,226 - __main__ - INFO - Starting Sentimetrics AI prediction engine for SBI
2025-05-02 01:44:29,239 - __main__ - INFO - Loaded combined data for SBI with 90 rows
2025-05-02 01:44:29,241 - __main__ - INFO - Training set size: 72, Testing set size: 18
2025-05-02 01:44:29,243 - __main__ - INFO - Test set Close price stats:
count     18.000000
mean     511.269147
std       26.695131
min      471.641905
25%      487.088401
50%      515.077094
75%      529.159513
max      560.000000
Name: Close, dtype: float64
2025-05-02 01:44:29,244 - cmdstanpy - DEBUG - cmd: where.exe tbb.dll
cwd: None
2025-05-02 01:44:29,281 - cmdstanpy - DEBUG - TBB already found in load path
2025-05-02 01:44:29,293 - cmdstanpy - DEBUG - input tempfile: C:\Users\hp\AppData\Local\Temp\tmpdy7cgtww\ckp301gh.json
2025-05-02 01:44:29,296 - cmdstanpy - DEBUG - input tempfile: C:\Users\hp\AppData\Local\Temp\tmpdy7cgtww\k8gj8g6t.json
2025-05-02 01:44:29,299 - cmdstanpy - DEBUG - idx 0
2025-05-02 01:44:29,299 - cmdstanpy - DEBUG - running CmdStan, num_threads: None
2025-05-02 01:44:29,299 - cmdstanpy - DEBUG - CmdStan args: ['C:\\Users\\hp\\AppData\\Roaming\\Python\\Python312\\site-packages\\prophet\\stan_model\\prophet_model.bin', 'random', 'seed=20462', 'data', 'file=C:\\Users\\hp\\AppData\\Local\\Temp\\tmpdy7cgtww\\ckp301gh.json', 'init=C:\\Users\\hp\\AppData\\Local\\Temp\\tmpdy7cgtww\\k8gj8g6t.json', 'output', 'file=C:\\Users\\hp\\AppData\\Local\\Temp\\tmpdy7cgtww\\prophet_modelnpm0w35e\\prophet_model-20250502014429.csv', 'method=optimize', 'algorithm=newton', 'iter=10000']
2025-05-02 01:44:29,299 - cmdstanpy - INFO - Chain [1] start processing
2025-05-02 01:44:30,773 - cmdstanpy - INFO - Chain [1] done processing
2025-05-02 01:44:30,788 - __main__ - INFO - Prophet model trained successfully
2025-05-02 01:44:30,813 - __main__ - INFO - Performance Metrics:
2025-05-02 01:44:30,813 - __main__ - INFO - MSE: 0.00
2025-05-02 01:44:30,813 - __main__ - INFO - RMSE: 0.00
2025-05-02 01:44:30,813 - __main__ - INFO - MAE: 0.00
2025-05-02 01:44:30,813 - __main__ - INFO - R2 Score: 1.00
2025-05-02 01:44:30,813 - __main__ - INFO - Sample Actual vs Predicted:
Actual: [475.41942741 471.64190484 489.63506158 482.25193921 483.09517773]
Predicted: [475.421695   471.64416988 489.63733878 482.25421142 483.09745051]
2025-05-02 01:44:30,813 - __main__ - INFO - Logged 18 prediction errors for feedback loop
2025-05-02 01:44:30,957 - __main__ - INFO - Plot saved as nabil_stock_predictions_SBI.png
2025-05-02 01:44:30,960 - __main__ - INFO - Saved feedback log to feedback_log_SBI.csv
2025-05-02 01:44:30,961 - __main__ - INFO - DataFrame columns before saving for SBI: ['Date', 'Open', 'High', 'Low', 'Close', 'Volume', 'Daily_Return', 'MA5', 'MA20', 'Volatility', 'P_E_Ratio', 'combined_sentiment', 'Sentiment_Lag1', 'Sentiment_Trend', 'Predicted_Close']
2025-05-02 01:44:30,961 - __main__ - INFO - Number of columns: 15
2025-05-02 01:44:30,961 - __main__ - INFO - DataFrame shape: (90, 15)
2025-05-02 01:44:30,963 - __main__ - INFO - Saved combined data with predictions for SBI to combined_data_with_predictions_SBI.csv
2025-05-02 01:44:30,964 - __main__ - INFO - Prediction engine completed successfully for SBI
2025-05-02 01:44:30,964 - __main__ - INFO - Starting Sentimetrics AI prediction engine for ADBL
2025-05-02 01:44:30,974 - __main__ - INFO - Loaded combined data for ADBL with 90 rows
2025-05-02 01:44:30,976 - __main__ - INFO - Training set size: 72, Testing set size: 18
2025-05-02 01:44:30,976 - __main__ - INFO - Test set Close price stats:
count     18.000000
mean     583.312195
std       19.111732
min      534.892615
25%      574.365155
50%      584.539827
75%      598.468484
max      609.012392
Name: Close, dtype: float64
2025-05-02 01:44:30,977 - cmdstanpy - DEBUG - cmd: where.exe tbb.dll
cwd: None
2025-05-02 01:44:31,016 - cmdstanpy - DEBUG - TBB already found in load path
2025-05-02 01:44:31,028 - cmdstanpy - DEBUG - input tempfile: C:\Users\hp\AppData\Local\Temp\tmpdy7cgtww\j3pfg4ow.json
2025-05-02 01:44:31,031 - cmdstanpy - DEBUG - input tempfile: C:\Users\hp\AppData\Local\Temp\tmpdy7cgtww\yz4bjq3o.json
2025-05-02 01:44:31,032 - cmdstanpy - DEBUG - idx 0
2025-05-02 01:44:31,033 - cmdstanpy - DEBUG - running CmdStan, num_threads: None
2025-05-02 01:44:31,033 - cmdstanpy - DEBUG - CmdStan args: ['C:\\Users\\hp\\AppData\\Roaming\\Python\\Python312\\site-packages\\prophet\\stan_model\\prophet_model.bin', 'random', 'seed=66442', 'data', 'file=C:\\Users\\hp\\AppData\\Local\\Temp\\tmpdy7cgtww\\j3pfg4ow.json', 'init=C:\\Users\\hp\\AppData\\Local\\Temp\\tmpdy7cgtww\\yz4bjq3o.json', 'output', 'file=C:\\Users\\hp\\AppData\\Local\\Temp\\tmpdy7cgtww\\prophet_modelejlxcahc\\prophet_model-20250502014431.csv', 'method=optimize', 'algorithm=newton', 'iter=10000']
2025-05-02 01:44:31,033 - cmdstanpy - INFO - Chain [1] start processing
2025-05-02 01:44:31,367 - cmdstanpy - INFO - Chain [1] done processing
2025-05-02 01:44:31,377 - __main__ - INFO - Prophet model trained successfully
2025-05-02 01:44:31,400 - __main__ - INFO - Performance Metrics:
2025-05-02 01:44:31,400 - __main__ - INFO - MSE: 0.00
2025-05-02 01:44:31,400 - __main__ - INFO - RMSE: 0.02
2025-05-02 01:44:31,401 - __main__ - INFO - MAE: 0.02
2025-05-02 01:44:31,401 - __main__ - INFO - R2 Score: 1.00
2025-05-02 01:44:31,401 - __main__ - INFO - Sample Actual vs Predicted:
Actual: [563.72261601 588.32169592 573.37086401 590.23620566 598.05235094]
Predicted: [563.7384143  588.33749151 573.38666123 590.25200105 598.06814546]
2025-05-02 01:44:31,401 - __main__ - INFO - Logged 18 prediction errors for feedback loop
2025-05-02 01:44:31,517 - __main__ - INFO - Plot saved as nabil_stock_predictions_ADBL.png
2025-05-02 01:44:31,521 - __main__ - INFO - Saved feedback log to feedback_log_ADBL.csv
2025-05-02 01:44:31,522 - __main__ - INFO - DataFrame columns before saving for ADBL: ['Date', 'Open', 'High', 'Low', 'Close', 'Volume', 'Daily_Return', 'MA5', 'MA20', 'Volatility', 'P_E_Ratio', 'combined_sentiment', 'Sentiment_Lag1', 'Sentiment_Trend', 'Predicted_Close']
2025-05-02 01:44:31,522 - __main__ - INFO - Number of columns: 15
2025-05-02 01:44:31,522 - __main__ - INFO - DataFrame shape: (90, 15)
2025-05-02 01:44:31,524 - __main__ - INFO - Saved combined data with predictions for ADBL to combined_data_with_predictions_ADBL.csv
2025-05-02 01:44:31,525 - __main__ - INFO - Prediction engine completed successfully for ADBL
2025-05-02 01:53:03,988 - __main__ - INFO - Starting Sentimetrics AI prediction engine for NABIL
2025-05-02 01:53:04,004 - __main__ - INFO - Loaded combined data for NABIL with 90 rows
2025-05-02 01:53:04,008 - __main__ - INFO - Calculated technical indicators: RSI, MACD, and lagged Close prices
2025-05-02 01:53:04,010 - __main__ - INFO - Data preprocessing completed
2025-05-02 01:53:04,014 - __main__ - INFO - Training set size: 72, Testing set size: 18
2025-05-02 01:53:04,015 - __main__ - INFO - Test set Close price stats:
count     18.000000
mean     535.802799
std       45.614628
min      469.719905
25%      499.598585
50%      523.871428
75%      584.691698
max      600.000000
Name: Close, dtype: float64
2025-05-02 01:53:04,051 - cmdstanpy - DEBUG - cmd: where.exe tbb.dll
cwd: None
2025-05-02 01:53:04,091 - cmdstanpy - DEBUG - Adding TBB (C:\Users\hp\AppData\Roaming\Python\Python312\site-packages\prophet\stan_model\cmdstan-2.33.1\stan\lib\stan_math\lib\tbb) to PATH
2025-05-02 01:53:04,111 - cmdstanpy - DEBUG - input tempfile: C:\Users\hp\AppData\Local\Temp\tmpdkrgnidb\tildvu2r.json
2025-05-02 01:53:04,115 - cmdstanpy - DEBUG - input tempfile: C:\Users\hp\AppData\Local\Temp\tmpdkrgnidb\7p_1ju3x.json
2025-05-02 01:53:04,117 - cmdstanpy - DEBUG - idx 0
2025-05-02 01:53:04,117 - cmdstanpy - DEBUG - running CmdStan, num_threads: None
2025-05-02 01:53:04,117 - cmdstanpy - DEBUG - CmdStan args: ['C:\\Users\\hp\\AppData\\Roaming\\Python\\Python312\\site-packages\\prophet\\stan_model\\prophet_model.bin', 'random', 'seed=66936', 'data', 'file=C:\\Users\\hp\\AppData\\Local\\Temp\\tmpdkrgnidb\\tildvu2r.json', 'init=C:\\Users\\hp\\AppData\\Local\\Temp\\tmpdkrgnidb\\7p_1ju3x.json', 'output', 'file=C:\\Users\\hp\\AppData\\Local\\Temp\\tmpdkrgnidb\\prophet_modelmq7dcw8s\\prophet_model-20250502015304.csv', 'method=optimize', 'algorithm=newton', 'iter=10000']
2025-05-02 01:53:04,117 - cmdstanpy - INFO - Chain [1] start processing
2025-05-02 01:53:13,885 - cmdstanpy - INFO - Chain [1] done processing
2025-05-02 01:53:13,896 - __main__ - INFO - Prophet model trained successfully
2025-05-02 01:53:13,934 - __main__ - INFO - Performance Metrics:
2025-05-02 01:53:13,934 - __main__ - INFO - MSE: 0.00
2025-05-02 01:53:13,935 - __main__ - INFO - RMSE: 0.00
2025-05-02 01:53:13,935 - __main__ - INFO - MAE: 0.00
2025-05-02 01:53:13,935 - __main__ - INFO - R2 Score: 1.00
2025-05-02 01:53:13,935 - __main__ - INFO - Sample Actual vs Predicted:
Actual: [600.         600.         593.68267171 599.86945413 586.47012019]
Predicted: [599.99647348 599.99647348 593.67914242 599.86592756 586.46658772]
2025-05-02 01:53:13,936 - __main__ - INFO - Logged 18 prediction errors for feedback loop
2025-05-02 01:53:14,112 - __main__ - INFO - Plot saved as nabil_stock_predictions_NABIL.png
2025-05-02 01:53:14,115 - __main__ - INFO - Saved feedback log to feedback_log_NABIL.csv
2025-05-02 01:53:14,117 - __main__ - INFO - DataFrame columns before saving for NABIL: ['Date', 'Open', 'High', 'Low', 'Close', 'Volume', 'Daily_Return', 'MA5', 'MA20', 'Volatility', 'P_E_Ratio', 'combined_sentiment', 'Sentiment_Lag1', 'Sentiment_Trend', 'Predicted_Close']
2025-05-02 01:53:14,117 - __main__ - INFO - Number of columns: 15
2025-05-02 01:53:14,117 - __main__ - INFO - DataFrame shape: (90, 15)
2025-05-02 01:53:14,119 - __main__ - INFO - Saved combined data with predictions for NABIL to combined_data_with_predictions_NABIL.csv
2025-05-02 01:53:14,120 - __main__ - INFO - Prediction engine completed successfully for NABIL
2025-05-02 01:53:14,120 - __main__ - INFO - Starting Sentimetrics AI prediction engine for NRIC
2025-05-02 01:53:14,131 - __main__ - INFO - Loaded combined data for NRIC with 90 rows
2025-05-02 01:53:14,133 - __main__ - INFO - Calculated technical indicators: RSI, MACD, and lagged Close prices
2025-05-02 01:53:14,135 - __main__ - INFO - Data preprocessing completed
2025-05-02 01:53:14,137 - __main__ - INFO - Training set size: 72, Testing set size: 18
2025-05-02 01:53:14,139 - __main__ - INFO - Test set Close price stats:
count     18.000000
mean     492.819037
std        9.989002
min      472.015862
25%      485.866081
50%      493.303177
75%      500.172664
max      508.119472
Name: Close, dtype: float64
2025-05-02 01:53:14,141 - cmdstanpy - DEBUG - cmd: where.exe tbb.dll
cwd: None
2025-05-02 01:53:14,181 - cmdstanpy - DEBUG - TBB already found in load path
2025-05-02 01:53:14,198 - cmdstanpy - DEBUG - input tempfile: C:\Users\hp\AppData\Local\Temp\tmpdkrgnidb\2n6gp2gs.json
2025-05-02 01:53:14,202 - cmdstanpy - DEBUG - input tempfile: C:\Users\hp\AppData\Local\Temp\tmpdkrgnidb\lyf4jtuv.json
2025-05-02 01:53:14,202 - cmdstanpy - DEBUG - idx 0
2025-05-02 01:53:14,203 - cmdstanpy - DEBUG - running CmdStan, num_threads: None
2025-05-02 01:53:14,203 - cmdstanpy - DEBUG - CmdStan args: ['C:\\Users\\hp\\AppData\\Roaming\\Python\\Python312\\site-packages\\prophet\\stan_model\\prophet_model.bin', 'random', 'seed=39146', 'data', 'file=C:\\Users\\hp\\AppData\\Local\\Temp\\tmpdkrgnidb\\2n6gp2gs.json', 'init=C:\\Users\\hp\\AppData\\Local\\Temp\\tmpdkrgnidb\\lyf4jtuv.json', 'output', 'file=C:\\Users\\hp\\AppData\\Local\\Temp\\tmpdkrgnidb\\prophet_modelt8vx6wif\\prophet_model-20250502015314.csv', 'method=optimize', 'algorithm=newton', 'iter=10000']
2025-05-02 01:53:14,203 - cmdstanpy - INFO - Chain [1] start processing
2025-05-02 01:53:18,416 - cmdstanpy - INFO - Chain [1] done processing
2025-05-02 01:53:18,426 - __main__ - INFO - Prophet model trained successfully
2025-05-02 01:53:18,460 - __main__ - INFO - Performance Metrics:
2025-05-02 01:53:18,461 - __main__ - INFO - MSE: 0.00
2025-05-02 01:53:18,461 - __main__ - INFO - RMSE: 0.00
2025-05-02 01:53:18,461 - __main__ - INFO - MAE: 0.00
2025-05-02 01:53:18,461 - __main__ - INFO - R2 Score: 1.00
2025-05-02 01:53:18,461 - __main__ - INFO - Sample Actual vs Predicted:
Actual: [484.16799025 472.01586199 481.47349264 493.56910804 488.91776541]
Predicted: [484.16771015 472.01557569 481.47321116 493.56883273 488.91748773]
2025-05-02 01:53:18,461 - __main__ - INFO - Logged 18 prediction errors for feedback loop
2025-05-02 01:53:18,581 - __main__ - INFO - Plot saved as nabil_stock_predictions_NRIC.png
2025-05-02 01:53:18,582 - __main__ - INFO - Saved feedback log to feedback_log_NRIC.csv
2025-05-02 01:53:18,584 - __main__ - INFO - DataFrame columns before saving for NRIC: ['Date', 'Open', 'High', 'Low', 'Close', 'Volume', 'Daily_Return', 'MA5', 'MA20', 'Volatility', 'P_E_Ratio', 'combined_sentiment', 'Sentiment_Lag1', 'Sentiment_Trend', 'Predicted_Close']
2025-05-02 01:53:18,584 - __main__ - INFO - Number of columns: 15
2025-05-02 01:53:18,584 - __main__ - INFO - DataFrame shape: (90, 15)
2025-05-02 01:53:18,586 - __main__ - INFO - Saved combined data with predictions for NRIC to combined_data_with_predictions_NRIC.csv
2025-05-02 01:53:18,586 - __main__ - INFO - Prediction engine completed successfully for NRIC
2025-05-02 01:53:18,586 - __main__ - INFO - Starting Sentimetrics AI prediction engine for SHIVM
2025-05-02 01:53:18,599 - __main__ - INFO - Loaded combined data for SHIVM with 90 rows
2025-05-02 01:53:18,601 - __main__ - INFO - Calculated technical indicators: RSI, MACD, and lagged Close prices
2025-05-02 01:53:18,602 - __main__ - INFO - Data preprocessing completed
2025-05-02 01:53:18,605 - __main__ - INFO - Training set size: 72, Testing set size: 18
2025-05-02 01:53:18,606 - __main__ - INFO - Test set Close price stats:
count     18.000000
mean     414.841544
std       22.286611
min      372.760121
25%      407.926596
50%      412.415878
75%      427.212552
max      454.375277
Name: Close, dtype: float64
2025-05-02 01:53:18,608 - cmdstanpy - DEBUG - cmd: where.exe tbb.dll
cwd: None
2025-05-02 01:53:18,645 - cmdstanpy - DEBUG - TBB already found in load path
2025-05-02 01:53:18,660 - cmdstanpy - DEBUG - input tempfile: C:\Users\hp\AppData\Local\Temp\tmpdkrgnidb\k38z4tlr.json
2025-05-02 01:53:18,665 - cmdstanpy - DEBUG - input tempfile: C:\Users\hp\AppData\Local\Temp\tmpdkrgnidb\9ng77vuy.json
2025-05-02 01:53:18,666 - cmdstanpy - DEBUG - idx 0
2025-05-02 01:53:18,666 - cmdstanpy - DEBUG - running CmdStan, num_threads: None
2025-05-02 01:53:18,666 - cmdstanpy - DEBUG - CmdStan args: ['C:\\Users\\hp\\AppData\\Roaming\\Python\\Python312\\site-packages\\prophet\\stan_model\\prophet_model.bin', 'random', 'seed=94727', 'data', 'file=C:\\Users\\hp\\AppData\\Local\\Temp\\tmpdkrgnidb\\k38z4tlr.json', 'init=C:\\Users\\hp\\AppData\\Local\\Temp\\tmpdkrgnidb\\9ng77vuy.json', 'output', 'file=C:\\Users\\hp\\AppData\\Local\\Temp\\tmpdkrgnidb\\prophet_modelp9mr6a2a\\prophet_model-20250502015318.csv', 'method=optimize', 'algorithm=newton', 'iter=10000']
2025-05-02 01:53:18,667 - cmdstanpy - INFO - Chain [1] start processing
2025-05-02 01:53:20,866 - cmdstanpy - INFO - Chain [1] done processing
2025-05-02 01:53:20,878 - __main__ - INFO - Prophet model trained successfully
2025-05-02 01:53:20,915 - __main__ - INFO - Performance Metrics:
2025-05-02 01:53:20,915 - __main__ - INFO - MSE: 0.00
2025-05-02 01:53:20,915 - __main__ - INFO - RMSE: 0.01
2025-05-02 01:53:20,915 - __main__ - INFO - MAE: 0.01
2025-05-02 01:53:20,915 - __main__ - INFO - R2 Score: 1.00
2025-05-02 01:53:20,917 - __main__ - INFO - Sample Actual vs Predicted:
Actual: [400.88171484 409.80922768 407.4247509  410.10214699 434.65919635]
Predicted: [400.86981513 409.79733076 407.41285323 410.09025016 434.6473072 ]
2025-05-02 01:53:20,917 - __main__ - INFO - Logged 18 prediction errors for feedback loop
2025-05-02 01:53:21,031 - __main__ - INFO - Plot saved as nabil_stock_predictions_SHIVM.png
2025-05-02 01:53:21,032 - __main__ - INFO - Saved feedback log to feedback_log_SHIVM.csv
2025-05-02 01:53:21,033 - __main__ - INFO - DataFrame columns before saving for SHIVM: ['Date', 'Open', 'High', 'Low', 'Close', 'Volume', 'Daily_Return', 'MA5', 'MA20', 'Volatility', 'P_E_Ratio', 'combined_sentiment', 'Sentiment_Lag1', 'Sentiment_Trend', 'Predicted_Close']
2025-05-02 01:53:21,033 - __main__ - INFO - Number of columns: 15
2025-05-02 01:53:21,033 - __main__ - INFO - DataFrame shape: (90, 15)
2025-05-02 01:53:21,034 - __main__ - INFO - Saved combined data with predictions for SHIVM to combined_data_with_predictions_SHIVM.csv
2025-05-02 01:53:21,035 - __main__ - INFO - Prediction engine completed successfully for SHIVM
2025-05-02 01:53:21,035 - __main__ - INFO - Starting Sentimetrics AI prediction engine for HBL
2025-05-02 01:53:21,048 - __main__ - INFO - Loaded combined data for HBL with 90 rows
2025-05-02 01:53:21,050 - __main__ - INFO - Calculated technical indicators: RSI, MACD, and lagged Close prices
2025-05-02 01:53:21,052 - __main__ - INFO - Data preprocessing completed
2025-05-02 01:53:21,055 - __main__ - INFO - Training set size: 72, Testing set size: 18
2025-05-02 01:53:21,056 - __main__ - INFO - Test set Close price stats:
count     18.000000
mean     607.459010
std       42.107345
min      533.382797
25%      566.661277
50%      627.442328
75%      643.445369
max      650.000000
Name: Close, dtype: float64
2025-05-02 01:53:21,058 - cmdstanpy - DEBUG - cmd: where.exe tbb.dll
cwd: None
2025-05-02 01:53:21,099 - cmdstanpy - DEBUG - TBB already found in load path
2025-05-02 01:53:21,115 - cmdstanpy - DEBUG - input tempfile: C:\Users\hp\AppData\Local\Temp\tmpdkrgnidb\m4op5fv_.json
2025-05-02 01:53:21,119 - cmdstanpy - DEBUG - input tempfile: C:\Users\hp\AppData\Local\Temp\tmpdkrgnidb\ir7qwpew.json
2025-05-02 01:53:21,121 - cmdstanpy - DEBUG - idx 0
2025-05-02 01:53:21,121 - cmdstanpy - DEBUG - running CmdStan, num_threads: None
2025-05-02 01:53:21,121 - cmdstanpy - DEBUG - CmdStan args: ['C:\\Users\\hp\\AppData\\Roaming\\Python\\Python312\\site-packages\\prophet\\stan_model\\prophet_model.bin', 'random', 'seed=46894', 'data', 'file=C:\\Users\\hp\\AppData\\Local\\Temp\\tmpdkrgnidb\\m4op5fv_.json', 'init=C:\\Users\\hp\\AppData\\Local\\Temp\\tmpdkrgnidb\\ir7qwpew.json', 'output', 'file=C:\\Users\\hp\\AppData\\Local\\Temp\\tmpdkrgnidb\\prophet_model5hj8wbw6\\prophet_model-20250502015321.csv', 'method=optimize', 'algorithm=newton', 'iter=10000']
2025-05-02 01:53:21,121 - cmdstanpy - INFO - Chain [1] start processing
2025-05-02 01:53:23,393 - cmdstanpy - INFO - Chain [1] done processing
2025-05-02 01:53:23,408 - __main__ - INFO - Prophet model trained successfully
2025-05-02 01:53:23,440 - __main__ - INFO - Performance Metrics:
2025-05-02 01:53:23,440 - __main__ - INFO - MSE: 0.00
2025-05-02 01:53:23,440 - __main__ - INFO - RMSE: 0.00
2025-05-02 01:53:23,440 - __main__ - INFO - MAE: 0.00
2025-05-02 01:53:23,441 - __main__ - INFO - R2 Score: 1.00
2025-05-02 01:53:23,441 - __main__ - INFO - Sample Actual vs Predicted:
Actual: [550.55240662 533.3827974  550.73960383 565.56232849 569.95812239]
Predicted: [550.55116536 533.3815648  550.73836247 565.56107966 569.95687134]
2025-05-02 01:53:23,441 - __main__ - INFO - Logged 18 prediction errors for feedback loop
2025-05-02 01:53:23,553 - __main__ - INFO - Plot saved as nabil_stock_predictions_HBL.png
2025-05-02 01:53:23,554 - __main__ - INFO - Saved feedback log to feedback_log_HBL.csv
2025-05-02 01:53:23,555 - __main__ - INFO - DataFrame columns before saving for HBL: ['Date', 'Open', 'High', 'Low', 'Close', 'Volume', 'Daily_Return', 'MA5', 'MA20', 'Volatility', 'P_E_Ratio', 'combined_sentiment', 'Sentiment_Lag1', 'Sentiment_Trend', 'Predicted_Close']
2025-05-02 01:53:23,555 - __main__ - INFO - Number of columns: 15
2025-05-02 01:53:23,555 - __main__ - INFO - DataFrame shape: (90, 15)
2025-05-02 01:53:23,557 - __main__ - INFO - Saved combined data with predictions for HBL to combined_data_with_predictions_HBL.csv
2025-05-02 01:53:23,557 - __main__ - INFO - Prediction engine completed successfully for HBL
2025-05-02 01:53:23,557 - __main__ - INFO - Starting Sentimetrics AI prediction engine for EBL
2025-05-02 01:53:23,572 - __main__ - INFO - Loaded combined data for EBL with 90 rows
2025-05-02 01:53:23,574 - __main__ - INFO - Calculated technical indicators: RSI, MACD, and lagged Close prices
2025-05-02 01:53:23,576 - __main__ - INFO - Data preprocessing completed
2025-05-02 01:53:23,578 - __main__ - INFO - Training set size: 72, Testing set size: 18
2025-05-02 01:53:23,579 - __main__ - INFO - Test set Close price stats:
count     18.000000
mean     484.991045
std       14.883804
min      464.048254
25%      473.737281
50%      482.858022
75%      493.132566
max      518.878390
Name: Close, dtype: float64
2025-05-02 01:53:23,582 - cmdstanpy - DEBUG - cmd: where.exe tbb.dll
cwd: None
2025-05-02 01:53:23,621 - cmdstanpy - DEBUG - TBB already found in load path
2025-05-02 01:53:23,637 - cmdstanpy - DEBUG - input tempfile: C:\Users\hp\AppData\Local\Temp\tmpdkrgnidb\mox4_oim.json
2025-05-02 01:53:23,642 - cmdstanpy - DEBUG - input tempfile: C:\Users\hp\AppData\Local\Temp\tmpdkrgnidb\eo505gcn.json
2025-05-02 01:53:23,644 - cmdstanpy - DEBUG - idx 0
2025-05-02 01:53:23,644 - cmdstanpy - DEBUG - running CmdStan, num_threads: None
2025-05-02 01:53:23,644 - cmdstanpy - DEBUG - CmdStan args: ['C:\\Users\\hp\\AppData\\Roaming\\Python\\Python312\\site-packages\\prophet\\stan_model\\prophet_model.bin', 'random', 'seed=64664', 'data', 'file=C:\\Users\\hp\\AppData\\Local\\Temp\\tmpdkrgnidb\\mox4_oim.json', 'init=C:\\Users\\hp\\AppData\\Local\\Temp\\tmpdkrgnidb\\eo505gcn.json', 'output', 'file=C:\\Users\\hp\\AppData\\Local\\Temp\\tmpdkrgnidb\\prophet_modelcekn5_el\\prophet_model-20250502015323.csv', 'method=optimize', 'algorithm=newton', 'iter=10000']
2025-05-02 01:53:23,644 - cmdstanpy - INFO - Chain [1] start processing
2025-05-02 01:53:33,375 - cmdstanpy - INFO - Chain [1] done processing
2025-05-02 01:53:33,385 - __main__ - INFO - Prophet model trained successfully
2025-05-02 01:53:33,421 - __main__ - INFO - Performance Metrics:
2025-05-02 01:53:33,421 - __main__ - INFO - MSE: 0.00
2025-05-02 01:53:33,421 - __main__ - INFO - RMSE: 0.00
2025-05-02 01:53:33,421 - __main__ - INFO - MAE: 0.00
2025-05-02 01:53:33,421 - __main__ - INFO - R2 Score: 1.00
2025-05-02 01:53:33,421 - __main__ - INFO - Sample Actual vs Predicted:
Actual: [483.2194066  473.93589202 482.77947533 472.88674026 473.67107717]
Predicted: [483.21981123 473.93630074 482.77988015 472.88714944 473.671486  ]
2025-05-02 01:53:33,423 - __main__ - INFO - Logged 18 prediction errors for feedback loop
2025-05-02 01:53:33,538 - __main__ - INFO - Plot saved as nabil_stock_predictions_EBL.png
2025-05-02 01:53:33,539 - __main__ - INFO - Saved feedback log to feedback_log_EBL.csv
2025-05-02 01:53:33,541 - __main__ - INFO - DataFrame columns before saving for EBL: ['Date', 'Open', 'High', 'Low', 'Close', 'Volume', 'Daily_Return', 'MA5', 'MA20', 'Volatility', 'P_E_Ratio', 'combined_sentiment', 'Sentiment_Lag1', 'Sentiment_Trend', 'Predicted_Close']
2025-05-02 01:53:33,541 - __main__ - INFO - Number of columns: 15
2025-05-02 01:53:33,541 - __main__ - INFO - DataFrame shape: (90, 15)
2025-05-02 01:53:33,543 - __main__ - INFO - Saved combined data with predictions for EBL to combined_data_with_predictions_EBL.csv
2025-05-02 01:53:33,543 - __main__ - INFO - Prediction engine completed successfully for EBL
2025-05-02 01:53:33,543 - __main__ - INFO - Starting Sentimetrics AI prediction engine for SCB
2025-05-02 01:53:33,558 - __main__ - INFO - Loaded combined data for SCB with 90 rows
2025-05-02 01:53:33,561 - __main__ - INFO - Calculated technical indicators: RSI, MACD, and lagged Close prices
2025-05-02 01:53:33,562 - __main__ - INFO - Data preprocessing completed
2025-05-02 01:53:33,564 - __main__ - INFO - Training set size: 72, Testing set size: 18
2025-05-02 01:53:33,566 - __main__ - INFO - Test set Close price stats:
count     18.000000
mean     507.996755
std       47.256353
min      453.291691
25%      462.961891
50%      498.123580
75%      550.535290
max      590.823645
Name: Close, dtype: float64
2025-05-02 01:53:33,568 - cmdstanpy - DEBUG - cmd: where.exe tbb.dll
cwd: None
2025-05-02 01:53:33,609 - cmdstanpy - DEBUG - TBB already found in load path
2025-05-02 01:53:33,669 - cmdstanpy - DEBUG - input tempfile: C:\Users\hp\AppData\Local\Temp\tmpdkrgnidb\1gtr89d7.json
2025-05-02 01:53:33,673 - cmdstanpy - DEBUG - input tempfile: C:\Users\hp\AppData\Local\Temp\tmpdkrgnidb\jxj4en0p.json
2025-05-02 01:53:33,674 - cmdstanpy - DEBUG - idx 0
2025-05-02 01:53:33,674 - cmdstanpy - DEBUG - running CmdStan, num_threads: None
2025-05-02 01:53:33,674 - cmdstanpy - DEBUG - CmdStan args: ['C:\\Users\\hp\\AppData\\Roaming\\Python\\Python312\\site-packages\\prophet\\stan_model\\prophet_model.bin', 'random', 'seed=87346', 'data', 'file=C:\\Users\\hp\\AppData\\Local\\Temp\\tmpdkrgnidb\\1gtr89d7.json', 'init=C:\\Users\\hp\\AppData\\Local\\Temp\\tmpdkrgnidb\\jxj4en0p.json', 'output', 'file=C:\\Users\\hp\\AppData\\Local\\Temp\\tmpdkrgnidb\\prophet_modelntr4ggdg\\prophet_model-20250502015333.csv', 'method=optimize', 'algorithm=newton', 'iter=10000']
2025-05-02 01:53:33,674 - cmdstanpy - INFO - Chain [1] start processing
2025-05-02 01:53:51,863 - cmdstanpy - INFO - Chain [1] done processing
2025-05-02 01:53:51,876 - __main__ - INFO - Prophet model trained successfully
2025-05-02 01:53:51,909 - __main__ - INFO - Performance Metrics:
2025-05-02 01:53:51,909 - __main__ - INFO - MSE: 0.00
2025-05-02 01:53:51,909 - __main__ - INFO - RMSE: 0.01
2025-05-02 01:53:51,909 - __main__ - INFO - MAE: 0.01
2025-05-02 01:53:51,909 - __main__ - INFO - R2 Score: 1.00
2025-05-02 01:53:51,909 - __main__ - INFO - Sample Actual vs Predicted:
Actual: [559.42969575 590.82364521 583.29124948 545.10532505 565.04814821]
Predicted: [559.43515168 590.82910544 583.29670868 545.11077902 565.05360491]
2025-05-02 01:53:51,909 - __main__ - INFO - Logged 18 prediction errors for feedback loop
2025-05-02 01:53:52,043 - __main__ - INFO - Plot saved as nabil_stock_predictions_SCB.png
2025-05-02 01:53:52,046 - __main__ - INFO - Saved feedback log to feedback_log_SCB.csv
2025-05-02 01:53:52,046 - __main__ - INFO - DataFrame columns before saving for SCB: ['Date', 'Open', 'High', 'Low', 'Close', 'Volume', 'Daily_Return', 'MA5', 'MA20', 'Volatility', 'P_E_Ratio', 'combined_sentiment', 'Sentiment_Lag1', 'Sentiment_Trend', 'Predicted_Close']
2025-05-02 01:53:52,047 - __main__ - INFO - Number of columns: 15
2025-05-02 01:53:52,047 - __main__ - INFO - DataFrame shape: (90, 15)
2025-05-02 01:53:52,049 - __main__ - INFO - Saved combined data with predictions for SCB to combined_data_with_predictions_SCB.csv
2025-05-02 01:53:52,049 - __main__ - INFO - Prediction engine completed successfully for SCB
2025-05-02 01:53:52,049 - __main__ - INFO - Starting Sentimetrics AI prediction engine for KBL
2025-05-02 01:53:52,067 - __main__ - INFO - Loaded combined data for KBL with 90 rows
2025-05-02 01:53:52,068 - __main__ - INFO - Calculated technical indicators: RSI, MACD, and lagged Close prices
2025-05-02 01:53:52,070 - __main__ - INFO - Data preprocessing completed
2025-05-02 01:53:52,072 - __main__ - INFO - Training set size: 72, Testing set size: 18
2025-05-02 01:53:52,073 - __main__ - INFO - Test set Close price stats:
count     18.000000
mean     380.149814
std       43.804893
min      323.234112
25%      340.231742
50%      369.519272
75%      413.167867
max      447.651758
Name: Close, dtype: float64
2025-05-02 01:53:52,075 - cmdstanpy - DEBUG - cmd: where.exe tbb.dll
cwd: None
2025-05-02 01:53:52,116 - cmdstanpy - DEBUG - TBB already found in load path
2025-05-02 01:53:52,129 - cmdstanpy - DEBUG - input tempfile: C:\Users\hp\AppData\Local\Temp\tmpdkrgnidb\xzvkwo5g.json
2025-05-02 01:53:52,134 - cmdstanpy - DEBUG - input tempfile: C:\Users\hp\AppData\Local\Temp\tmpdkrgnidb\ob7lii4l.json
2025-05-02 01:53:52,135 - cmdstanpy - DEBUG - idx 0
2025-05-02 01:53:52,136 - cmdstanpy - DEBUG - running CmdStan, num_threads: None
2025-05-02 01:53:52,136 - cmdstanpy - DEBUG - CmdStan args: ['C:\\Users\\hp\\AppData\\Roaming\\Python\\Python312\\site-packages\\prophet\\stan_model\\prophet_model.bin', 'random', 'seed=16271', 'data', 'file=C:\\Users\\hp\\AppData\\Local\\Temp\\tmpdkrgnidb\\xzvkwo5g.json', 'init=C:\\Users\\hp\\AppData\\Local\\Temp\\tmpdkrgnidb\\ob7lii4l.json', 'output', 'file=C:\\Users\\hp\\AppData\\Local\\Temp\\tmpdkrgnidb\\prophet_model7si2af_n\\prophet_model-20250502015352.csv', 'method=optimize', 'algorithm=newton', 'iter=10000']
2025-05-02 01:53:52,136 - cmdstanpy - INFO - Chain [1] start processing
2025-05-02 01:53:53,427 - cmdstanpy - INFO - Chain [1] done processing
2025-05-02 01:53:53,437 - __main__ - INFO - Prophet model trained successfully
2025-05-02 01:53:53,471 - __main__ - INFO - Performance Metrics:
2025-05-02 01:53:53,471 - __main__ - INFO - MSE: 0.00
2025-05-02 01:53:53,471 - __main__ - INFO - RMSE: 0.00
2025-05-02 01:53:53,471 - __main__ - INFO - MAE: 0.00
2025-05-02 01:53:53,471 - __main__ - INFO - R2 Score: 1.00
2025-05-02 01:53:53,471 - __main__ - INFO - Sample Actual vs Predicted:
Actual: [442.83369719 447.65175838 443.52253955 413.80041058 425.14979524]
Predicted: [442.83437561 447.6524442  443.52321903 413.80104438 425.15044648]
2025-05-02 01:53:53,472 - __main__ - INFO - Logged 18 prediction errors for feedback loop
2025-05-02 01:53:53,598 - __main__ - INFO - Plot saved as nabil_stock_predictions_KBL.png
2025-05-02 01:53:53,600 - __main__ - INFO - Saved feedback log to feedback_log_KBL.csv
2025-05-02 01:53:53,601 - __main__ - INFO - DataFrame columns before saving for KBL: ['Date', 'Open', 'High', 'Low', 'Close', 'Volume', 'Daily_Return', 'MA5', 'MA20', 'Volatility', 'P_E_Ratio', 'combined_sentiment', 'Sentiment_Lag1', 'Sentiment_Trend', 'Predicted_Close']
2025-05-02 01:53:53,602 - __main__ - INFO - Number of columns: 15
2025-05-02 01:53:53,602 - __main__ - INFO - DataFrame shape: (90, 15)
2025-05-02 01:53:53,603 - __main__ - INFO - Saved combined data with predictions for KBL to combined_data_with_predictions_KBL.csv
2025-05-02 01:53:53,604 - __main__ - INFO - Prediction engine completed successfully for KBL
2025-05-02 01:53:53,604 - __main__ - INFO - Starting Sentimetrics AI prediction engine for NMB
2025-05-02 01:53:53,615 - __main__ - INFO - Loaded combined data for NMB with 90 rows
2025-05-02 01:53:53,616 - __main__ - INFO - Calculated technical indicators: RSI, MACD, and lagged Close prices
2025-05-02 01:53:53,618 - __main__ - INFO - Data preprocessing completed
2025-05-02 01:53:53,620 - __main__ - INFO - Training set size: 72, Testing set size: 18
2025-05-02 01:53:53,622 - __main__ - INFO - Test set Close price stats:
count     18.000000
mean     579.532517
std       19.186346
min      538.930365
25%      576.002415
50%      581.460317
75%      592.713943
max      608.599485
Name: Close, dtype: float64
2025-05-02 01:53:53,623 - cmdstanpy - DEBUG - cmd: where.exe tbb.dll
cwd: None
2025-05-02 01:53:53,663 - cmdstanpy - DEBUG - TBB already found in load path
2025-05-02 01:53:53,678 - cmdstanpy - DEBUG - input tempfile: C:\Users\hp\AppData\Local\Temp\tmpdkrgnidb\tklxqf3u.json
2025-05-02 01:53:53,682 - cmdstanpy - DEBUG - input tempfile: C:\Users\hp\AppData\Local\Temp\tmpdkrgnidb\n_pntfp0.json
2025-05-02 01:53:53,684 - cmdstanpy - DEBUG - idx 0
2025-05-02 01:53:53,684 - cmdstanpy - DEBUG - running CmdStan, num_threads: None
2025-05-02 01:53:53,684 - cmdstanpy - DEBUG - CmdStan args: ['C:\\Users\\hp\\AppData\\Roaming\\Python\\Python312\\site-packages\\prophet\\stan_model\\prophet_model.bin', 'random', 'seed=69188', 'data', 'file=C:\\Users\\hp\\AppData\\Local\\Temp\\tmpdkrgnidb\\tklxqf3u.json', 'init=C:\\Users\\hp\\AppData\\Local\\Temp\\tmpdkrgnidb\\n_pntfp0.json', 'output', 'file=C:\\Users\\hp\\AppData\\Local\\Temp\\tmpdkrgnidb\\prophet_model5q0nrdez\\prophet_model-20250502015353.csv', 'method=optimize', 'algorithm=newton', 'iter=10000']
2025-05-02 01:53:53,684 - cmdstanpy - INFO - Chain [1] start processing
2025-05-02 01:53:54,871 - cmdstanpy - INFO - Chain [1] done processing
2025-05-02 01:53:54,887 - __main__ - INFO - Prophet model trained successfully
2025-05-02 01:53:54,919 - __main__ - INFO - Performance Metrics:
2025-05-02 01:53:54,919 - __main__ - INFO - MSE: 0.00
2025-05-02 01:53:54,919 - __main__ - INFO - RMSE: 0.06
2025-05-02 01:53:54,920 - __main__ - INFO - MAE: 0.06
2025-05-02 01:53:54,920 - __main__ - INFO - R2 Score: 1.00
2025-05-02 01:53:54,920 - __main__ - INFO - Sample Actual vs Predicted:
Actual: [568.93608642 579.08157468 579.81234132 583.10829222 575.83016011]
Predicted: [568.99133516 579.13682965 579.86759674 583.16354967 575.88541308]
2025-05-02 01:53:54,920 - __main__ - INFO - Logged 18 prediction errors for feedback loop
2025-05-02 01:53:55,050 - __main__ - INFO - Plot saved as nabil_stock_predictions_NMB.png
2025-05-02 01:53:55,053 - __main__ - INFO - Saved feedback log to feedback_log_NMB.csv
2025-05-02 01:53:55,054 - __main__ - INFO - DataFrame columns before saving for NMB: ['Date', 'Open', 'High', 'Low', 'Close', 'Volume', 'Daily_Return', 'MA5', 'MA20', 'Volatility', 'P_E_Ratio', 'combined_sentiment', 'Sentiment_Lag1', 'Sentiment_Trend', 'Predicted_Close']
2025-05-02 01:53:55,054 - __main__ - INFO - Number of columns: 15
2025-05-02 01:53:55,054 - __main__ - INFO - DataFrame shape: (90, 15)
2025-05-02 01:53:55,056 - __main__ - INFO - Saved combined data with predictions for NMB to combined_data_with_predictions_NMB.csv
2025-05-02 01:53:55,056 - __main__ - INFO - Prediction engine completed successfully for NMB
2025-05-02 01:53:55,056 - __main__ - INFO - Starting Sentimetrics AI prediction engine for GBIME
2025-05-02 01:53:55,070 - __main__ - INFO - Loaded combined data for GBIME with 90 rows
2025-05-02 01:53:55,072 - __main__ - INFO - Calculated technical indicators: RSI, MACD, and lagged Close prices
2025-05-02 01:53:55,074 - __main__ - INFO - Data preprocessing completed
2025-05-02 01:53:55,076 - __main__ - INFO - Training set size: 72, Testing set size: 18
2025-05-02 01:53:55,078 - __main__ - INFO - Test set Close price stats:
count     18.000000
mean     504.910944
std       41.079870
min      431.962172
25%      480.097075
50%      523.486367
75%      533.875957
max      560.469420
Name: Close, dtype: float64
2025-05-02 01:53:55,080 - cmdstanpy - DEBUG - cmd: where.exe tbb.dll
cwd: None
2025-05-02 01:53:55,122 - cmdstanpy - DEBUG - TBB already found in load path
2025-05-02 01:53:55,139 - cmdstanpy - DEBUG - input tempfile: C:\Users\hp\AppData\Local\Temp\tmpdkrgnidb\kf5mu3oi.json
2025-05-02 01:53:55,143 - cmdstanpy - DEBUG - input tempfile: C:\Users\hp\AppData\Local\Temp\tmpdkrgnidb\ondc3xg9.json
2025-05-02 01:53:55,144 - cmdstanpy - DEBUG - idx 0
2025-05-02 01:53:55,144 - cmdstanpy - DEBUG - running CmdStan, num_threads: None
2025-05-02 01:53:55,144 - cmdstanpy - DEBUG - CmdStan args: ['C:\\Users\\hp\\AppData\\Roaming\\Python\\Python312\\site-packages\\prophet\\stan_model\\prophet_model.bin', 'random', 'seed=864', 'data', 'file=C:\\Users\\hp\\AppData\\Local\\Temp\\tmpdkrgnidb\\kf5mu3oi.json', 'init=C:\\Users\\hp\\AppData\\Local\\Temp\\tmpdkrgnidb\\ondc3xg9.json', 'output', 'file=C:\\Users\\hp\\AppData\\Local\\Temp\\tmpdkrgnidb\\prophet_modelb5n33x_v\\prophet_model-20250502015355.csv', 'method=optimize', 'algorithm=newton', 'iter=10000']
2025-05-02 01:53:55,144 - cmdstanpy - INFO - Chain [1] start processing
2025-05-02 01:53:57,578 - cmdstanpy - INFO - Chain [1] done processing
2025-05-02 01:53:57,590 - __main__ - INFO - Prophet model trained successfully
2025-05-02 01:53:57,619 - __main__ - INFO - Performance Metrics:
2025-05-02 01:53:57,619 - __main__ - INFO - MSE: 0.00
2025-05-02 01:53:57,619 - __main__ - INFO - RMSE: 0.00
2025-05-02 01:53:57,619 - __main__ - INFO - MAE: 0.00
2025-05-02 01:53:57,619 - __main__ - INFO - R2 Score: 1.00
2025-05-02 01:53:57,620 - __main__ - INFO - Sample Actual vs Predicted:
Actual: [431.96217224 453.67184849 447.84569599 437.57603929 477.43685864]
Predicted: [431.96209046 453.67177466 447.84562002 437.57595957 477.4367935 ]
2025-05-02 01:53:57,620 - __main__ - INFO - Logged 18 prediction errors for feedback loop
2025-05-02 01:53:57,730 - __main__ - INFO - Plot saved as nabil_stock_predictions_GBIME.png
2025-05-02 01:53:57,732 - __main__ - INFO - Saved feedback log to feedback_log_GBIME.csv
2025-05-02 01:53:57,732 - __main__ - INFO - DataFrame columns before saving for GBIME: ['Date', 'Open', 'High', 'Low', 'Close', 'Volume', 'Daily_Return', 'MA5', 'MA20', 'Volatility', 'P_E_Ratio', 'combined_sentiment', 'Sentiment_Lag1', 'Sentiment_Trend', 'Predicted_Close']
2025-05-02 01:53:57,733 - __main__ - INFO - Number of columns: 15
2025-05-02 01:53:57,733 - __main__ - INFO - DataFrame shape: (90, 15)
2025-05-02 01:53:57,735 - __main__ - INFO - Saved combined data with predictions for GBIME to combined_data_with_predictions_GBIME.csv
2025-05-02 01:53:57,735 - __main__ - INFO - Prediction engine completed successfully for GBIME
2025-05-02 01:53:57,735 - __main__ - INFO - Starting Sentimetrics AI prediction engine for NICA
2025-05-02 01:53:57,751 - __main__ - INFO - Loaded combined data for NICA with 90 rows
2025-05-02 01:53:57,754 - __main__ - INFO - Calculated technical indicators: RSI, MACD, and lagged Close prices
2025-05-02 01:53:57,755 - __main__ - INFO - Data preprocessing completed
2025-05-02 01:53:57,757 - __main__ - INFO - Training set size: 72, Testing set size: 18
2025-05-02 01:53:57,759 - __main__ - INFO - Test set Close price stats:
count     18.000000
mean     416.871465
std       47.285159
min      349.719905
25%      379.598585
50%      403.871428
75%      464.691698
max      491.035086
Name: Close, dtype: float64
2025-05-02 01:53:57,762 - cmdstanpy - DEBUG - cmd: where.exe tbb.dll
cwd: None
2025-05-02 01:53:57,800 - cmdstanpy - DEBUG - TBB already found in load path
2025-05-02 01:53:57,817 - cmdstanpy - DEBUG - input tempfile: C:\Users\hp\AppData\Local\Temp\tmpdkrgnidb\93vyh_r2.json
2025-05-02 01:53:57,821 - cmdstanpy - DEBUG - input tempfile: C:\Users\hp\AppData\Local\Temp\tmpdkrgnidb\1o9mhkth.json
2025-05-02 01:53:57,822 - cmdstanpy - DEBUG - idx 0
2025-05-02 01:53:57,822 - cmdstanpy - DEBUG - running CmdStan, num_threads: None
2025-05-02 01:53:57,822 - cmdstanpy - DEBUG - CmdStan args: ['C:\\Users\\hp\\AppData\\Roaming\\Python\\Python312\\site-packages\\prophet\\stan_model\\prophet_model.bin', 'random', 'seed=20811', 'data', 'file=C:\\Users\\hp\\AppData\\Local\\Temp\\tmpdkrgnidb\\93vyh_r2.json', 'init=C:\\Users\\hp\\AppData\\Local\\Temp\\tmpdkrgnidb\\1o9mhkth.json', 'output', 'file=C:\\Users\\hp\\AppData\\Local\\Temp\\tmpdkrgnidb\\prophet_modeltnrnqh40\\prophet_model-20250502015357.csv', 'method=optimize', 'algorithm=newton', 'iter=10000']
2025-05-02 01:53:57,822 - cmdstanpy - INFO - Chain [1] start processing
2025-05-02 01:54:06,737 - cmdstanpy - INFO - Chain [1] done processing
2025-05-02 01:54:06,746 - __main__ - INFO - Prophet model trained successfully
2025-05-02 01:54:06,782 - __main__ - INFO - Performance Metrics:
2025-05-02 01:54:06,782 - __main__ - INFO - MSE: 0.00
2025-05-02 01:54:06,782 - __main__ - INFO - RMSE: 0.00
2025-05-02 01:54:06,782 - __main__ - INFO - MAE: 0.00
2025-05-02 01:54:06,782 - __main__ - INFO - R2 Score: 1.00
2025-05-02 01:54:06,782 - __main__ - INFO - Sample Actual vs Predicted:
Actual: [491.03508646 488.20089819 473.68267171 479.86945413 466.47012019]
Predicted: [491.03505657 488.20086693 473.68263343 479.86941885 466.47007842]
2025-05-02 01:54:06,782 - __main__ - INFO - Logged 18 prediction errors for feedback loop
2025-05-02 01:54:06,886 - __main__ - INFO - Plot saved as nabil_stock_predictions_NICA.png
2025-05-02 01:54:06,887 - __main__ - INFO - Saved feedback log to feedback_log_NICA.csv
2025-05-02 01:54:06,888 - __main__ - INFO - DataFrame columns before saving for NICA: ['Date', 'Open', 'High', 'Low', 'Close', 'Volume', 'Daily_Return', 'MA5', 'MA20', 'Volatility', 'P_E_Ratio', 'combined_sentiment', 'Sentiment_Lag1', 'Sentiment_Trend', 'Predicted_Close']
2025-05-02 01:54:06,888 - __main__ - INFO - Number of columns: 15
2025-05-02 01:54:06,888 - __main__ - INFO - DataFrame shape: (90, 15)
2025-05-02 01:54:06,889 - __main__ - INFO - Saved combined data with predictions for NICA to combined_data_with_predictions_NICA.csv
2025-05-02 01:54:06,889 - __main__ - INFO - Prediction engine completed successfully for NICA
2025-05-02 01:54:06,891 - __main__ - INFO - Starting Sentimetrics AI prediction engine for PRVU
2025-05-02 01:54:06,907 - __main__ - INFO - Loaded combined data for PRVU with 90 rows
2025-05-02 01:54:06,910 - __main__ - INFO - Calculated technical indicators: RSI, MACD, and lagged Close prices
2025-05-02 01:54:06,912 - __main__ - INFO - Data preprocessing completed
2025-05-02 01:54:06,914 - __main__ - INFO - Training set size: 72, Testing set size: 18
2025-05-02 01:54:06,916 - __main__ - INFO - Test set Close price stats:
count     18.000000
mean     507.589571
std       19.478060
min      467.920595
25%      501.822234
50%      509.883386
75%      519.335672
max      538.343226
Name: Close, dtype: float64
2025-05-02 01:54:06,918 - cmdstanpy - DEBUG - cmd: where.exe tbb.dll
cwd: None
2025-05-02 01:54:06,957 - cmdstanpy - DEBUG - TBB already found in load path
2025-05-02 01:54:06,971 - cmdstanpy - DEBUG - input tempfile: C:\Users\hp\AppData\Local\Temp\tmpdkrgnidb\33gaj6kb.json
2025-05-02 01:54:06,975 - cmdstanpy - DEBUG - input tempfile: C:\Users\hp\AppData\Local\Temp\tmpdkrgnidb\igkguvsi.json
2025-05-02 01:54:06,976 - cmdstanpy - DEBUG - idx 0
2025-05-02 01:54:06,976 - cmdstanpy - DEBUG - running CmdStan, num_threads: None
2025-05-02 01:54:06,976 - cmdstanpy - DEBUG - CmdStan args: ['C:\\Users\\hp\\AppData\\Roaming\\Python\\Python312\\site-packages\\prophet\\stan_model\\prophet_model.bin', 'random', 'seed=71839', 'data', 'file=C:\\Users\\hp\\AppData\\Local\\Temp\\tmpdkrgnidb\\33gaj6kb.json', 'init=C:\\Users\\hp\\AppData\\Local\\Temp\\tmpdkrgnidb\\igkguvsi.json', 'output', 'file=C:\\Users\\hp\\AppData\\Local\\Temp\\tmpdkrgnidb\\prophet_modelpibi1zaz\\prophet_model-20250502015406.csv', 'method=optimize', 'algorithm=newton', 'iter=10000']
2025-05-02 01:54:06,976 - cmdstanpy - INFO - Chain [1] start processing
2025-05-02 01:54:24,637 - cmdstanpy - INFO - Chain [1] done processing
2025-05-02 01:54:24,647 - __main__ - INFO - Prophet model trained successfully
2025-05-02 01:54:24,683 - __main__ - INFO - Performance Metrics:
2025-05-02 01:54:24,683 - __main__ - INFO - MSE: 0.00
2025-05-02 01:54:24,683 - __main__ - INFO - RMSE: 0.00
2025-05-02 01:54:24,683 - __main__ - INFO - MAE: 0.00
2025-05-02 01:54:24,684 - __main__ - INFO - R2 Score: 1.00
2025-05-02 01:54:24,684 - __main__ - INFO - Sample Actual vs Predicted:
Actual: [482.6506041  503.18953492 504.80270151 523.94613342 512.33401158]
Predicted: [482.65095508 503.18989757 504.80306508 523.94650787 512.33437942]
2025-05-02 01:54:24,684 - __main__ - INFO - Logged 18 prediction errors for feedback loop
2025-05-02 01:54:24,793 - __main__ - INFO - Plot saved as nabil_stock_predictions_PRVU.png
2025-05-02 01:54:24,794 - __main__ - INFO - Saved feedback log to feedback_log_PRVU.csv
2025-05-02 01:54:24,795 - __main__ - INFO - DataFrame columns before saving for PRVU: ['Date', 'Open', 'High', 'Low', 'Close', 'Volume', 'Daily_Return', 'MA5', 'MA20', 'Volatility', 'P_E_Ratio', 'combined_sentiment', 'Sentiment_Lag1', 'Sentiment_Trend', 'Predicted_Close']
2025-05-02 01:54:24,795 - __main__ - INFO - Number of columns: 15
2025-05-02 01:54:24,795 - __main__ - INFO - DataFrame shape: (90, 15)
2025-05-02 01:54:24,796 - __main__ - INFO - Saved combined data with predictions for PRVU to combined_data_with_predictions_PRVU.csv
2025-05-02 01:54:24,796 - __main__ - INFO - Prediction engine completed successfully for PRVU
2025-05-02 01:54:24,797 - __main__ - INFO - Starting Sentimetrics AI prediction engine for SBI
2025-05-02 01:54:24,808 - __main__ - INFO - Loaded combined data for SBI with 90 rows
2025-05-02 01:54:24,810 - __main__ - INFO - Calculated technical indicators: RSI, MACD, and lagged Close prices
2025-05-02 01:54:24,811 - __main__ - INFO - Data preprocessing completed
2025-05-02 01:54:24,814 - __main__ - INFO - Training set size: 72, Testing set size: 18
2025-05-02 01:54:24,815 - __main__ - INFO - Test set Close price stats:
count     18.000000
mean     520.486353
std        8.186800
min      506.927863
25%      515.183088
50%      519.845427
75%      524.349330
max      539.343319
Name: Close, dtype: float64
2025-05-02 01:54:24,817 - cmdstanpy - DEBUG - cmd: where.exe tbb.dll
cwd: None
2025-05-02 01:54:24,859 - cmdstanpy - DEBUG - TBB already found in load path
2025-05-02 01:54:24,876 - cmdstanpy - DEBUG - input tempfile: C:\Users\hp\AppData\Local\Temp\tmpdkrgnidb\r10by61k.json
2025-05-02 01:54:24,880 - cmdstanpy - DEBUG - input tempfile: C:\Users\hp\AppData\Local\Temp\tmpdkrgnidb\2t5u5as_.json
2025-05-02 01:54:24,882 - cmdstanpy - DEBUG - idx 0
2025-05-02 01:54:24,882 - cmdstanpy - DEBUG - running CmdStan, num_threads: None
2025-05-02 01:54:24,882 - cmdstanpy - DEBUG - CmdStan args: ['C:\\Users\\hp\\AppData\\Roaming\\Python\\Python312\\site-packages\\prophet\\stan_model\\prophet_model.bin', 'random', 'seed=31240', 'data', 'file=C:\\Users\\hp\\AppData\\Local\\Temp\\tmpdkrgnidb\\r10by61k.json', 'init=C:\\Users\\hp\\AppData\\Local\\Temp\\tmpdkrgnidb\\2t5u5as_.json', 'output', 'file=C:\\Users\\hp\\AppData\\Local\\Temp\\tmpdkrgnidb\\prophet_modelzv8zwlsl\\prophet_model-20250502015424.csv', 'method=optimize', 'algorithm=newton', 'iter=10000']
2025-05-02 01:54:24,882 - cmdstanpy - INFO - Chain [1] start processing
2025-05-02 01:54:35,994 - cmdstanpy - INFO - Chain [1] done processing
2025-05-02 01:54:36,005 - __main__ - INFO - Prophet model trained successfully
2025-05-02 01:54:36,036 - __main__ - INFO - Performance Metrics:
2025-05-02 01:54:36,037 - __main__ - INFO - MSE: 0.00
2025-05-02 01:54:36,037 - __main__ - INFO - RMSE: 0.00
2025-05-02 01:54:36,037 - __main__ - INFO - MAE: 0.00
2025-05-02 01:54:36,037 - __main__ - INFO - R2 Score: 1.00
2025-05-02 01:54:36,037 - __main__ - INFO - Sample Actual vs Predicted:
Actual: [519.43183982 519.36546907 529.08095934 507.48869186 517.70256657]
Predicted: [519.42821909 519.36184833 529.07734008 507.4850693  517.69894558]
2025-05-02 01:54:36,037 - __main__ - INFO - Logged 18 prediction errors for feedback loop
2025-05-02 01:54:36,151 - __main__ - INFO - Plot saved as nabil_stock_predictions_SBI.png
2025-05-02 01:54:36,153 - __main__ - INFO - Saved feedback log to feedback_log_SBI.csv
2025-05-02 01:54:36,154 - __main__ - INFO - DataFrame columns before saving for SBI: ['Date', 'Open', 'High', 'Low', 'Close', 'Volume', 'Daily_Return', 'MA5', 'MA20', 'Volatility', 'P_E_Ratio', 'combined_sentiment', 'Sentiment_Lag1', 'Sentiment_Trend', 'Predicted_Close']
2025-05-02 01:54:36,154 - __main__ - INFO - Number of columns: 15
2025-05-02 01:54:36,155 - __main__ - INFO - DataFrame shape: (90, 15)
2025-05-02 01:54:36,156 - __main__ - INFO - Saved combined data with predictions for SBI to combined_data_with_predictions_SBI.csv
2025-05-02 01:54:36,156 - __main__ - INFO - Prediction engine completed successfully for SBI
2025-05-02 01:54:36,158 - __main__ - INFO - Starting Sentimetrics AI prediction engine for ADBL
2025-05-02 01:54:36,170 - __main__ - INFO - Loaded combined data for ADBL with 90 rows
2025-05-02 01:54:36,172 - __main__ - INFO - Calculated technical indicators: RSI, MACD, and lagged Close prices
2025-05-02 01:54:36,173 - __main__ - INFO - Data preprocessing completed
2025-05-02 01:54:36,175 - __main__ - INFO - Training set size: 72, Testing set size: 18
2025-05-02 01:54:36,176 - __main__ - INFO - Test set Close price stats:
count     18.000000
mean     569.021338
std       38.804405
min      491.614725
25%      544.246379
50%      573.342972
75%      597.817190
max      618.596287
Name: Close, dtype: float64
2025-05-02 01:54:36,178 - cmdstanpy - DEBUG - cmd: where.exe tbb.dll
cwd: None
2025-05-02 01:54:36,217 - cmdstanpy - DEBUG - TBB already found in load path
2025-05-02 01:54:36,233 - cmdstanpy - DEBUG - input tempfile: C:\Users\hp\AppData\Local\Temp\tmpdkrgnidb\9fr1cqyg.json
2025-05-02 01:54:36,237 - cmdstanpy - DEBUG - input tempfile: C:\Users\hp\AppData\Local\Temp\tmpdkrgnidb\gblzblri.json
2025-05-02 01:54:36,239 - cmdstanpy - DEBUG - idx 0
2025-05-02 01:54:36,239 - cmdstanpy - DEBUG - running CmdStan, num_threads: None
2025-05-02 01:54:36,239 - cmdstanpy - DEBUG - CmdStan args: ['C:\\Users\\hp\\AppData\\Roaming\\Python\\Python312\\site-packages\\prophet\\stan_model\\prophet_model.bin', 'random', 'seed=97978', 'data', 'file=C:\\Users\\hp\\AppData\\Local\\Temp\\tmpdkrgnidb\\9fr1cqyg.json', 'init=C:\\Users\\hp\\AppData\\Local\\Temp\\tmpdkrgnidb\\gblzblri.json', 'output', 'file=C:\\Users\\hp\\AppData\\Local\\Temp\\tmpdkrgnidb\\prophet_modelc21kgfxi\\prophet_model-20250502015436.csv', 'method=optimize', 'algorithm=newton', 'iter=10000']
2025-05-02 01:54:36,239 - cmdstanpy - INFO - Chain [1] start processing
2025-05-02 01:54:39,845 - cmdstanpy - INFO - Chain [1] done processing
2025-05-02 01:54:39,854 - __main__ - INFO - Prophet model trained successfully
2025-05-02 01:54:39,887 - __main__ - INFO - Performance Metrics:
2025-05-02 01:54:39,887 - __main__ - INFO - MSE: 0.00
2025-05-02 01:54:39,887 - __main__ - INFO - RMSE: 0.00
2025-05-02 01:54:39,887 - __main__ - INFO - MAE: 0.00
2025-05-02 01:54:39,887 - __main__ - INFO - R2 Score: 1.00
2025-05-02 01:54:39,888 - __main__ - INFO - Sample Actual vs Predicted:
Actual: [539.42783336 564.01571758 572.30724116 574.37870236 604.27248988]
Predicted: [539.42593048 564.01381238 572.30533518 574.37679618 604.27058088]
2025-05-02 01:54:39,888 - __main__ - INFO - Logged 18 prediction errors for feedback loop
2025-05-02 01:54:39,995 - __main__ - INFO - Plot saved as nabil_stock_predictions_ADBL.png
2025-05-02 01:54:39,997 - __main__ - INFO - Saved feedback log to feedback_log_ADBL.csv
2025-05-02 01:54:39,998 - __main__ - INFO - DataFrame columns before saving for ADBL: ['Date', 'Open', 'High', 'Low', 'Close', 'Volume', 'Daily_Return', 'MA5', 'MA20', 'Volatility', 'P_E_Ratio', 'combined_sentiment', 'Sentiment_Lag1', 'Sentiment_Trend', 'Predicted_Close']
2025-05-02 01:54:39,999 - __main__ - INFO - Number of columns: 15
2025-05-02 01:54:39,999 - __main__ - INFO - DataFrame shape: (90, 15)
2025-05-02 01:54:40,000 - __main__ - INFO - Saved combined data with predictions for ADBL to combined_data_with_predictions_ADBL.csv
2025-05-02 01:54:40,000 - __main__ - INFO - Prediction engine completed successfully for ADBL
2025-05-02 02:01:03,792 - __main__ - INFO - Starting Sentimetrics AI prediction engine for NABIL
2025-05-02 02:01:03,807 - __main__ - INFO - Loaded combined data for NABIL with 90 rows
2025-05-02 02:01:03,810 - __main__ - INFO - Calculated technical indicators: RSI, MACD, and lagged Close prices
2025-05-02 02:01:03,812 - __main__ - INFO - Data preprocessing completed
2025-05-02 02:01:03,816 - __main__ - INFO - Training set size: 72, Testing set size: 18
2025-05-02 02:01:03,818 - __main__ - INFO - Test set Close price stats:
count     18.000000
mean     539.046897
std       15.295574
min      511.217201
25%      529.613952
50%      537.424130
75%      548.064943
max      577.295645
Name: Close, dtype: float64
2025-05-02 02:01:03,853 - cmdstanpy - DEBUG - cmd: where.exe tbb.dll
cwd: None
2025-05-02 02:01:03,897 - cmdstanpy - DEBUG - Adding TBB (C:\Users\hp\AppData\Roaming\Python\Python312\site-packages\prophet\stan_model\cmdstan-2.33.1\stan\lib\stan_math\lib\tbb) to PATH
2025-05-02 02:01:03,916 - cmdstanpy - DEBUG - input tempfile: C:\Users\hp\AppData\Local\Temp\tmpp_trr7p5\1qmprq26.json
2025-05-02 02:01:03,920 - cmdstanpy - DEBUG - input tempfile: C:\Users\hp\AppData\Local\Temp\tmpp_trr7p5\94ipqunt.json
2025-05-02 02:01:03,922 - cmdstanpy - DEBUG - idx 0
2025-05-02 02:01:03,922 - cmdstanpy - DEBUG - running CmdStan, num_threads: None
2025-05-02 02:01:03,922 - cmdstanpy - DEBUG - CmdStan args: ['C:\\Users\\hp\\AppData\\Roaming\\Python\\Python312\\site-packages\\prophet\\stan_model\\prophet_model.bin', 'random', 'seed=36437', 'data', 'file=C:\\Users\\hp\\AppData\\Local\\Temp\\tmpp_trr7p5\\1qmprq26.json', 'init=C:\\Users\\hp\\AppData\\Local\\Temp\\tmpp_trr7p5\\94ipqunt.json', 'output', 'file=C:\\Users\\hp\\AppData\\Local\\Temp\\tmpp_trr7p5\\prophet_model49cps7by\\prophet_model-20250502020103.csv', 'method=optimize', 'algorithm=newton', 'iter=10000']
2025-05-02 02:01:03,923 - cmdstanpy - INFO - Chain [1] start processing
2025-05-02 02:01:21,822 - cmdstanpy - INFO - Chain [1] done processing
2025-05-02 02:01:21,832 - __main__ - INFO - Prophet model trained successfully
2025-05-02 02:01:21,868 - __main__ - INFO - Performance Metrics:
2025-05-02 02:01:21,868 - __main__ - INFO - MSE: 98.66
2025-05-02 02:01:21,869 - __main__ - INFO - RMSE: 9.93
2025-05-02 02:01:21,869 - __main__ - INFO - MAE: 7.98
2025-05-02 02:01:21,869 - __main__ - INFO - R2 Score: 0.55
2025-05-02 02:01:21,869 - __main__ - INFO - Feedback: R2 score is low. Consider adding more features or using a different model.
2025-05-02 02:01:21,869 - __main__ - INFO - Sample Actual vs Predicted:
Actual: [577.29564501 536.56664183 552.53728878 542.23597522 546.64609314]
Predicted: [582.65066762 535.07599935 559.51995577 558.65564219 544.12167695]
2025-05-02 02:01:21,870 - __main__ - INFO - Logged 18 prediction errors for feedback loop
2025-05-02 02:01:21,903 - __main__ - INFO - Generated 7 future predictions
2025-05-02 02:01:22,085 - __main__ - INFO - Plot saved as nabil_stock_predictions_NABIL.png
2025-05-02 02:01:22,088 - __main__ - INFO - Saved feedback log to feedback_log_NABIL.csv
2025-05-02 02:01:22,089 - __main__ - INFO - DataFrame columns before saving for NABIL: ['Date', 'Open', 'High', 'Low', 'Close', 'Volume', 'Daily_Return', 'MA5', 'MA20', 'Volatility', 'P_E_Ratio', 'combined_sentiment', 'Sentiment_Lag1', 'Sentiment_Trend', 'Predicted_Close']
2025-05-02 02:01:22,090 - __main__ - INFO - Number of columns: 15
2025-05-02 02:01:22,090 - __main__ - INFO - DataFrame shape: (97, 15)
2025-05-02 02:01:22,094 - __main__ - INFO - Saved combined data with predictions for NABIL to combined_data_with_predictions_NABIL.csv
2025-05-02 02:01:22,095 - __main__ - INFO - Prediction engine completed successfully for NABIL
2025-05-02 02:01:22,096 - __main__ - INFO - Starting Sentimetrics AI prediction engine for NRIC
2025-05-02 02:01:22,107 - __main__ - INFO - Loaded combined data for NRIC with 90 rows
2025-05-02 02:01:22,110 - __main__ - INFO - Calculated technical indicators: RSI, MACD, and lagged Close prices
2025-05-02 02:01:22,111 - __main__ - INFO - Data preprocessing completed
2025-05-02 02:01:22,113 - __main__ - INFO - Training set size: 72, Testing set size: 18
2025-05-02 02:01:22,114 - __main__ - INFO - Test set Close price stats:
count     18.000000
mean     468.420506
std       15.103277
min      439.739922
25%      462.303221
50%      466.378708
75%      478.559982
max      499.341725
Name: Close, dtype: float64
2025-05-02 02:01:22,116 - cmdstanpy - DEBUG - cmd: where.exe tbb.dll
cwd: None
2025-05-02 02:01:22,158 - cmdstanpy - DEBUG - TBB already found in load path
2025-05-02 02:01:22,175 - cmdstanpy - DEBUG - input tempfile: C:\Users\hp\AppData\Local\Temp\tmpp_trr7p5\fa_t8eag.json
2025-05-02 02:01:22,179 - cmdstanpy - DEBUG - input tempfile: C:\Users\hp\AppData\Local\Temp\tmpp_trr7p5\dpkk4any.json
2025-05-02 02:01:22,180 - cmdstanpy - DEBUG - idx 0
2025-05-02 02:01:22,180 - cmdstanpy - DEBUG - running CmdStan, num_threads: None
2025-05-02 02:01:22,180 - cmdstanpy - DEBUG - CmdStan args: ['C:\\Users\\hp\\AppData\\Roaming\\Python\\Python312\\site-packages\\prophet\\stan_model\\prophet_model.bin', 'random', 'seed=10796', 'data', 'file=C:\\Users\\hp\\AppData\\Local\\Temp\\tmpp_trr7p5\\fa_t8eag.json', 'init=C:\\Users\\hp\\AppData\\Local\\Temp\\tmpp_trr7p5\\dpkk4any.json', 'output', 'file=C:\\Users\\hp\\AppData\\Local\\Temp\\tmpp_trr7p5\\prophet_model72njecce\\prophet_model-20250502020122.csv', 'method=optimize', 'algorithm=newton', 'iter=10000']
2025-05-02 02:01:22,180 - cmdstanpy - INFO - Chain [1] start processing
2025-05-02 02:01:27,195 - cmdstanpy - INFO - Chain [1] done processing
2025-05-02 02:01:27,205 - __main__ - INFO - Prophet model trained successfully
2025-05-02 02:01:27,242 - __main__ - INFO - Performance Metrics:
2025-05-02 02:01:27,242 - __main__ - INFO - MSE: 74.50
2025-05-02 02:01:27,242 - __main__ - INFO - RMSE: 8.63
2025-05-02 02:01:27,243 - __main__ - INFO - MAE: 6.94
2025-05-02 02:01:27,243 - __main__ - INFO - R2 Score: 0.65
2025-05-02 02:01:27,243 - __main__ - INFO - Feedback: R2 score is low. Consider adding more features or using a different model.
2025-05-02 02:01:27,243 - __main__ - INFO - Sample Actual vs Predicted:
Actual: [491.04841537 480.73575956 481.82346105 499.34172492 485.48412658]
Predicted: [495.70110238 479.43969799 487.89052907 513.60936641 483.28974145]
2025-05-02 02:01:27,243 - __main__ - INFO - Logged 18 prediction errors for feedback loop
2025-05-02 02:01:27,278 - __main__ - INFO - Generated 7 future predictions
2025-05-02 02:01:27,382 - __main__ - INFO - Plot saved as nabil_stock_predictions_NRIC.png
2025-05-02 02:01:27,384 - __main__ - INFO - Saved feedback log to feedback_log_NRIC.csv
2025-05-02 02:01:27,385 - __main__ - INFO - DataFrame columns before saving for NRIC: ['Date', 'Open', 'High', 'Low', 'Close', 'Volume', 'Daily_Return', 'MA5', 'MA20', 'Volatility', 'P_E_Ratio', 'combined_sentiment', 'Sentiment_Lag1', 'Sentiment_Trend', 'Predicted_Close']
2025-05-02 02:01:27,385 - __main__ - INFO - Number of columns: 15
2025-05-02 02:01:27,385 - __main__ - INFO - DataFrame shape: (97, 15)
2025-05-02 02:01:27,387 - __main__ - INFO - Saved combined data with predictions for NRIC to combined_data_with_predictions_NRIC.csv
2025-05-02 02:01:27,388 - __main__ - INFO - Prediction engine completed successfully for NRIC
2025-05-02 02:01:27,388 - __main__ - INFO - Starting Sentimetrics AI prediction engine for SHIVM
2025-05-02 02:01:27,402 - __main__ - INFO - Loaded combined data for SHIVM with 90 rows
2025-05-02 02:01:27,403 - __main__ - INFO - Calculated technical indicators: RSI, MACD, and lagged Close prices
2025-05-02 02:01:27,406 - __main__ - INFO - Data preprocessing completed
2025-05-02 02:01:27,408 - __main__ - INFO - Training set size: 72, Testing set size: 18
2025-05-02 02:01:27,410 - __main__ - INFO - Test set Close price stats:
count     18.000000
mean     372.512921
std       15.056968
min      354.412542
25%      360.491272
50%      371.661267
75%      375.913378
max      400.676706
Name: Close, dtype: float64
2025-05-02 02:01:27,411 - cmdstanpy - DEBUG - cmd: where.exe tbb.dll
cwd: None
2025-05-02 02:01:27,450 - cmdstanpy - DEBUG - TBB already found in load path
2025-05-02 02:01:27,465 - cmdstanpy - DEBUG - input tempfile: C:\Users\hp\AppData\Local\Temp\tmpp_trr7p5\9xfq14d5.json
2025-05-02 02:01:27,469 - cmdstanpy - DEBUG - input tempfile: C:\Users\hp\AppData\Local\Temp\tmpp_trr7p5\0e136h9f.json
2025-05-02 02:01:27,472 - cmdstanpy - DEBUG - idx 0
2025-05-02 02:01:27,472 - cmdstanpy - DEBUG - running CmdStan, num_threads: None
2025-05-02 02:01:27,472 - cmdstanpy - DEBUG - CmdStan args: ['C:\\Users\\hp\\AppData\\Roaming\\Python\\Python312\\site-packages\\prophet\\stan_model\\prophet_model.bin', 'random', 'seed=96639', 'data', 'file=C:\\Users\\hp\\AppData\\Local\\Temp\\tmpp_trr7p5\\9xfq14d5.json', 'init=C:\\Users\\hp\\AppData\\Local\\Temp\\tmpp_trr7p5\\0e136h9f.json', 'output', 'file=C:\\Users\\hp\\AppData\\Local\\Temp\\tmpp_trr7p5\\prophet_modelhxfb3ope\\prophet_model-20250502020127.csv', 'method=optimize', 'algorithm=newton', 'iter=10000']
2025-05-02 02:01:27,472 - cmdstanpy - INFO - Chain [1] start processing
2025-05-02 02:01:46,589 - cmdstanpy - INFO - Chain [1] done processing
2025-05-02 02:01:46,599 - __main__ - INFO - Prophet model trained successfully
2025-05-02 02:01:46,637 - __main__ - INFO - Performance Metrics:
2025-05-02 02:01:46,638 - __main__ - INFO - MSE: 47.12
2025-05-02 02:01:46,638 - __main__ - INFO - RMSE: 6.86
2025-05-02 02:01:46,638 - __main__ - INFO - MAE: 5.52
2025-05-02 02:01:46,638 - __main__ - INFO - R2 Score: 0.78
2025-05-02 02:01:46,638 - __main__ - INFO - Sample Actual vs Predicted:
Actual: [365.32666985 354.72251793 374.41811216 374.98247844 356.87946645]
Predicted: [369.02659471 353.69168908 379.24283531 386.32872063 355.13423925]
2025-05-02 02:01:46,638 - __main__ - INFO - Logged 18 prediction errors for feedback loop
2025-05-02 02:01:46,674 - __main__ - INFO - Generated 7 future predictions
2025-05-02 02:01:46,792 - __main__ - INFO - Plot saved as nabil_stock_predictions_SHIVM.png
2025-05-02 02:01:46,794 - __main__ - INFO - Saved feedback log to feedback_log_SHIVM.csv
2025-05-02 02:01:46,795 - __main__ - INFO - DataFrame columns before saving for SHIVM: ['Date', 'Open', 'High', 'Low', 'Close', 'Volume', 'Daily_Return', 'MA5', 'MA20', 'Volatility', 'P_E_Ratio', 'combined_sentiment', 'Sentiment_Lag1', 'Sentiment_Trend', 'Predicted_Close']
2025-05-02 02:01:46,796 - __main__ - INFO - Number of columns: 15
2025-05-02 02:01:46,796 - __main__ - INFO - DataFrame shape: (97, 15)
2025-05-02 02:01:46,799 - __main__ - INFO - Saved combined data with predictions for SHIVM to combined_data_with_predictions_SHIVM.csv
2025-05-02 02:01:46,799 - __main__ - INFO - Prediction engine completed successfully for SHIVM
2025-05-02 02:01:46,801 - __main__ - INFO - Starting Sentimetrics AI prediction engine for HBL
2025-05-02 02:01:46,811 - __main__ - INFO - Loaded combined data for HBL with 90 rows
2025-05-02 02:01:46,813 - __main__ - INFO - Calculated technical indicators: RSI, MACD, and lagged Close prices
2025-05-02 02:01:46,814 - __main__ - INFO - Data preprocessing completed
2025-05-02 02:01:46,816 - __main__ - INFO - Training set size: 72, Testing set size: 18
2025-05-02 02:01:46,818 - __main__ - INFO - Test set Close price stats:
count     18.000000
mean     614.411212
std       21.509604
min      572.760121
25%      607.926596
50%      612.415878
75%      627.212552
max      650.000000
Name: Close, dtype: float64
2025-05-02 02:01:46,820 - cmdstanpy - DEBUG - cmd: where.exe tbb.dll
cwd: None
2025-05-02 02:01:46,863 - cmdstanpy - DEBUG - TBB already found in load path
2025-05-02 02:01:46,878 - cmdstanpy - DEBUG - input tempfile: C:\Users\hp\AppData\Local\Temp\tmpp_trr7p5\63z9q88h.json
2025-05-02 02:01:46,883 - cmdstanpy - DEBUG - input tempfile: C:\Users\hp\AppData\Local\Temp\tmpp_trr7p5\xqd8rc40.json
2025-05-02 02:01:46,884 - cmdstanpy - DEBUG - idx 0
2025-05-02 02:01:46,885 - cmdstanpy - DEBUG - running CmdStan, num_threads: None
2025-05-02 02:01:46,885 - cmdstanpy - DEBUG - CmdStan args: ['C:\\Users\\hp\\AppData\\Roaming\\Python\\Python312\\site-packages\\prophet\\stan_model\\prophet_model.bin', 'random', 'seed=40887', 'data', 'file=C:\\Users\\hp\\AppData\\Local\\Temp\\tmpp_trr7p5\\63z9q88h.json', 'init=C:\\Users\\hp\\AppData\\Local\\Temp\\tmpp_trr7p5\\xqd8rc40.json', 'output', 'file=C:\\Users\\hp\\AppData\\Local\\Temp\\tmpp_trr7p5\\prophet_modelzw2ftdkx\\prophet_model-20250502020146.csv', 'method=optimize', 'algorithm=newton', 'iter=10000']
2025-05-02 02:01:46,885 - cmdstanpy - INFO - Chain [1] start processing
2025-05-02 02:02:02,403 - cmdstanpy - INFO - Chain [1] done processing
2025-05-02 02:02:02,415 - __main__ - INFO - Prophet model trained successfully
2025-05-02 02:02:02,448 - __main__ - INFO - Performance Metrics:
2025-05-02 02:02:02,448 - __main__ - INFO - MSE: 128.17
2025-05-02 02:02:02,448 - __main__ - INFO - RMSE: 11.32
2025-05-02 02:02:02,448 - __main__ - INFO - MAE: 9.10
2025-05-02 02:02:02,449 - __main__ - INFO - R2 Score: 0.71
2025-05-02 02:02:02,449 - __main__ - INFO - Sample Actual vs Predicted:
Actual: [600.88171484 609.80922768 607.4247509  610.10214699 634.65919635]
Predicted: [606.98689736 608.11165648 615.38514339 628.81893107 631.78332963]
2025-05-02 02:02:02,449 - __main__ - INFO - Logged 18 prediction errors for feedback loop
2025-05-02 02:02:02,481 - __main__ - INFO - Generated 7 future predictions
2025-05-02 02:02:02,634 - __main__ - INFO - Plot saved as nabil_stock_predictions_HBL.png
2025-05-02 02:02:02,635 - __main__ - INFO - Saved feedback log to feedback_log_HBL.csv
2025-05-02 02:02:02,638 - __main__ - INFO - DataFrame columns before saving for HBL: ['Date', 'Open', 'High', 'Low', 'Close', 'Volume', 'Daily_Return', 'MA5', 'MA20', 'Volatility', 'P_E_Ratio', 'combined_sentiment', 'Sentiment_Lag1', 'Sentiment_Trend', 'Predicted_Close']
2025-05-02 02:02:02,638 - __main__ - INFO - Number of columns: 15
2025-05-02 02:02:02,638 - __main__ - INFO - DataFrame shape: (97, 15)
2025-05-02 02:02:02,640 - __main__ - INFO - Saved combined data with predictions for HBL to combined_data_with_predictions_HBL.csv
2025-05-02 02:02:02,640 - __main__ - INFO - Prediction engine completed successfully for HBL
2025-05-02 02:02:02,640 - __main__ - INFO - Starting Sentimetrics AI prediction engine for EBL
2025-05-02 02:02:02,654 - __main__ - INFO - Loaded combined data for EBL with 90 rows
2025-05-02 02:02:02,657 - __main__ - INFO - Calculated technical indicators: RSI, MACD, and lagged Close prices
2025-05-02 02:02:02,658 - __main__ - INFO - Data preprocessing completed
2025-05-02 02:02:02,661 - __main__ - INFO - Training set size: 72, Testing set size: 18
2025-05-02 02:02:02,663 - __main__ - INFO - Test set Close price stats:
count     18.000000
mean     488.922308
std       38.582196
min      442.601710
25%      455.973887
50%      475.805171
75%      522.981855
max      565.814596
Name: Close, dtype: float64
2025-05-02 02:02:02,664 - cmdstanpy - DEBUG - cmd: where.exe tbb.dll
cwd: None
2025-05-02 02:02:02,706 - cmdstanpy - DEBUG - TBB already found in load path
2025-05-02 02:02:02,721 - cmdstanpy - DEBUG - input tempfile: C:\Users\hp\AppData\Local\Temp\tmpp_trr7p5\lqp_j8go.json
2025-05-02 02:02:02,726 - cmdstanpy - DEBUG - input tempfile: C:\Users\hp\AppData\Local\Temp\tmpp_trr7p5\kn86h9cy.json
2025-05-02 02:02:02,728 - cmdstanpy - DEBUG - idx 0
2025-05-02 02:02:02,728 - cmdstanpy - DEBUG - running CmdStan, num_threads: None
2025-05-02 02:02:02,728 - cmdstanpy - DEBUG - CmdStan args: ['C:\\Users\\hp\\AppData\\Roaming\\Python\\Python312\\site-packages\\prophet\\stan_model\\prophet_model.bin', 'random', 'seed=40444', 'data', 'file=C:\\Users\\hp\\AppData\\Local\\Temp\\tmpp_trr7p5\\lqp_j8go.json', 'init=C:\\Users\\hp\\AppData\\Local\\Temp\\tmpp_trr7p5\\kn86h9cy.json', 'output', 'file=C:\\Users\\hp\\AppData\\Local\\Temp\\tmpp_trr7p5\\prophet_modelaixve1oy\\prophet_model-20250502020202.csv', 'method=optimize', 'algorithm=newton', 'iter=10000']
2025-05-02 02:02:02,728 - cmdstanpy - INFO - Chain [1] start processing
2025-05-02 02:02:12,770 - cmdstanpy - INFO - Chain [1] done processing
2025-05-02 02:02:12,781 - __main__ - INFO - Prophet model trained successfully
2025-05-02 02:02:12,817 - __main__ - INFO - Performance Metrics:
2025-05-02 02:02:12,817 - __main__ - INFO - MSE: 81.16
2025-05-02 02:02:12,817 - __main__ - INFO - RMSE: 9.01
2025-05-02 02:02:12,817 - __main__ - INFO - MAE: 7.24
2025-05-02 02:02:12,817 - __main__ - INFO - R2 Score: 0.94
2025-05-02 02:02:12,817 - __main__ - INFO - Sample Actual vs Predicted:
Actual: [565.81459643 538.87029763 543.16400389 531.9540196  527.64877396]
Predicted: [570.67162788 537.51824466 549.49734554 546.84684677 525.35908243]
2025-05-02 02:02:12,818 - __main__ - INFO - Logged 18 prediction errors for feedback loop
2025-05-02 02:02:12,852 - __main__ - INFO - Generated 7 future predictions
2025-05-02 02:02:12,966 - __main__ - INFO - Plot saved as nabil_stock_predictions_EBL.png
2025-05-02 02:02:12,968 - __main__ - INFO - Saved feedback log to feedback_log_EBL.csv
2025-05-02 02:02:12,969 - __main__ - INFO - DataFrame columns before saving for EBL: ['Date', 'Open', 'High', 'Low', 'Close', 'Volume', 'Daily_Return', 'MA5', 'MA20', 'Volatility', 'P_E_Ratio', 'combined_sentiment', 'Sentiment_Lag1', 'Sentiment_Trend', 'Predicted_Close']
2025-05-02 02:02:12,970 - __main__ - INFO - Number of columns: 15
2025-05-02 02:02:12,970 - __main__ - INFO - DataFrame shape: (97, 15)
2025-05-02 02:02:12,972 - __main__ - INFO - Saved combined data with predictions for EBL to combined_data_with_predictions_EBL.csv
2025-05-02 02:02:12,972 - __main__ - INFO - Prediction engine completed successfully for EBL
2025-05-02 02:02:12,973 - __main__ - INFO - Starting Sentimetrics AI prediction engine for SCB
2025-05-02 02:02:12,986 - __main__ - INFO - Loaded combined data for SCB with 90 rows
2025-05-02 02:02:12,989 - __main__ - INFO - Calculated technical indicators: RSI, MACD, and lagged Close prices
2025-05-02 02:02:12,991 - __main__ - INFO - Data preprocessing completed
2025-05-02 02:02:12,994 - __main__ - INFO - Training set size: 72, Testing set size: 18
2025-05-02 02:02:12,995 - __main__ - INFO - Test set Close price stats:
count     18.000000
mean     490.475456
std       10.877854
min      477.163286
25%      483.624693
50%      486.292661
75%      499.334430
max      511.411506
Name: Close, dtype: float64
2025-05-02 02:02:12,997 - cmdstanpy - DEBUG - cmd: where.exe tbb.dll
cwd: None
2025-05-02 02:02:13,036 - cmdstanpy - DEBUG - TBB already found in load path
2025-05-02 02:02:13,051 - cmdstanpy - DEBUG - input tempfile: C:\Users\hp\AppData\Local\Temp\tmpp_trr7p5\6mgrbuac.json
2025-05-02 02:02:13,057 - cmdstanpy - DEBUG - input tempfile: C:\Users\hp\AppData\Local\Temp\tmpp_trr7p5\idhdgp9u.json
2025-05-02 02:02:13,058 - cmdstanpy - DEBUG - idx 0
2025-05-02 02:02:13,059 - cmdstanpy - DEBUG - running CmdStan, num_threads: None
2025-05-02 02:02:13,059 - cmdstanpy - DEBUG - CmdStan args: ['C:\\Users\\hp\\AppData\\Roaming\\Python\\Python312\\site-packages\\prophet\\stan_model\\prophet_model.bin', 'random', 'seed=26646', 'data', 'file=C:\\Users\\hp\\AppData\\Local\\Temp\\tmpp_trr7p5\\6mgrbuac.json', 'init=C:\\Users\\hp\\AppData\\Local\\Temp\\tmpp_trr7p5\\idhdgp9u.json', 'output', 'file=C:\\Users\\hp\\AppData\\Local\\Temp\\tmpp_trr7p5\\prophet_modelxarif4wq\\prophet_model-20250502020213.csv', 'method=optimize', 'algorithm=newton', 'iter=10000']
2025-05-02 02:02:13,059 - cmdstanpy - INFO - Chain [1] start processing
2025-05-02 02:02:30,961 - cmdstanpy - INFO - Chain [1] done processing
2025-05-02 02:02:30,972 - __main__ - INFO - Prophet model trained successfully
2025-05-02 02:02:31,007 - __main__ - INFO - Performance Metrics:
2025-05-02 02:02:31,008 - __main__ - INFO - MSE: 81.68
2025-05-02 02:02:31,008 - __main__ - INFO - RMSE: 9.04
2025-05-02 02:02:31,008 - __main__ - INFO - MAE: 7.27
2025-05-02 02:02:31,008 - __main__ - INFO - R2 Score: 0.27
2025-05-02 02:02:31,008 - __main__ - INFO - Feedback: R2 score is low. Consider adding more features or using a different model.
2025-05-02 02:02:31,009 - __main__ - INFO - Sample Actual vs Predicted:
Actual: [491.37043958 481.427651   486.80117884 496.82767412 477.31319994]
Predicted: [496.24262325 480.07100373 493.15434528 511.76751324 475.01592626]
2025-05-02 02:02:31,009 - __main__ - INFO - Logged 18 prediction errors for feedback loop
2025-05-02 02:02:31,044 - __main__ - INFO - Generated 7 future predictions
2025-05-02 02:02:31,156 - __main__ - INFO - Plot saved as nabil_stock_predictions_SCB.png
2025-05-02 02:02:31,158 - __main__ - INFO - Saved feedback log to feedback_log_SCB.csv
2025-05-02 02:02:31,160 - __main__ - INFO - DataFrame columns before saving for SCB: ['Date', 'Open', 'High', 'Low', 'Close', 'Volume', 'Daily_Return', 'MA5', 'MA20', 'Volatility', 'P_E_Ratio', 'combined_sentiment', 'Sentiment_Lag1', 'Sentiment_Trend', 'Predicted_Close']
2025-05-02 02:02:31,161 - __main__ - INFO - Number of columns: 15
2025-05-02 02:02:31,161 - __main__ - INFO - DataFrame shape: (97, 15)
2025-05-02 02:02:31,163 - __main__ - INFO - Saved combined data with predictions for SCB to combined_data_with_predictions_SCB.csv
2025-05-02 02:02:31,164 - __main__ - INFO - Prediction engine completed successfully for SCB
2025-05-02 02:02:31,164 - __main__ - INFO - Starting Sentimetrics AI prediction engine for KBL
2025-05-02 02:02:31,179 - __main__ - INFO - Loaded combined data for KBL with 90 rows
2025-05-02 02:02:31,180 - __main__ - INFO - Calculated technical indicators: RSI, MACD, and lagged Close prices
2025-05-02 02:02:31,181 - __main__ - INFO - Data preprocessing completed
2025-05-02 02:02:31,184 - __main__ - INFO - Training set size: 72, Testing set size: 18
2025-05-02 02:02:31,185 - __main__ - INFO - Test set Close price stats:
count     18.000000
mean     375.847466
std       31.982232
min      330.276713
25%      348.800945
50%      369.549800
75%      406.194344
max      432.070761
Name: Close, dtype: float64
2025-05-02 02:02:31,187 - cmdstanpy - DEBUG - cmd: where.exe tbb.dll
cwd: None
2025-05-02 02:02:31,228 - cmdstanpy - DEBUG - TBB already found in load path
2025-05-02 02:02:31,247 - cmdstanpy - DEBUG - input tempfile: C:\Users\hp\AppData\Local\Temp\tmpp_trr7p5\ohgr4c8a.json
2025-05-02 02:02:31,252 - cmdstanpy - DEBUG - input tempfile: C:\Users\hp\AppData\Local\Temp\tmpp_trr7p5\1wwcmyrd.json
2025-05-02 02:02:31,253 - cmdstanpy - DEBUG - idx 0
2025-05-02 02:02:31,253 - cmdstanpy - DEBUG - running CmdStan, num_threads: None
2025-05-02 02:02:31,253 - cmdstanpy - DEBUG - CmdStan args: ['C:\\Users\\hp\\AppData\\Roaming\\Python\\Python312\\site-packages\\prophet\\stan_model\\prophet_model.bin', 'random', 'seed=19259', 'data', 'file=C:\\Users\\hp\\AppData\\Local\\Temp\\tmpp_trr7p5\\ohgr4c8a.json', 'init=C:\\Users\\hp\\AppData\\Local\\Temp\\tmpp_trr7p5\\1wwcmyrd.json', 'output', 'file=C:\\Users\\hp\\AppData\\Local\\Temp\\tmpp_trr7p5\\prophet_modele0two57u\\prophet_model-20250502020231.csv', 'method=optimize', 'algorithm=newton', 'iter=10000']
2025-05-02 02:02:31,253 - cmdstanpy - INFO - Chain [1] start processing
2025-05-02 02:02:50,329 - cmdstanpy - INFO - Chain [1] done processing
2025-05-02 02:02:50,340 - __main__ - INFO - Prophet model trained successfully
2025-05-02 02:02:50,379 - __main__ - INFO - Performance Metrics:
2025-05-02 02:02:50,380 - __main__ - INFO - MSE: 47.96
2025-05-02 02:02:50,380 - __main__ - INFO - RMSE: 6.93
2025-05-02 02:02:50,380 - __main__ - INFO - MAE: 5.57
2025-05-02 02:02:50,380 - __main__ - INFO - R2 Score: 0.95
2025-05-02 02:02:50,380 - __main__ - INFO - Sample Actual vs Predicted:
Actual: [417.68229009 432.07076129 408.25470248 416.84240489 400.01326831]
Predicted: [421.41598649 431.03135209 413.12326879 428.29086469 398.25307637]
2025-05-02 02:02:50,380 - __main__ - INFO - Logged 18 prediction errors for feedback loop
2025-05-02 02:02:50,429 - __main__ - INFO - Generated 7 future predictions
2025-05-02 02:02:50,536 - __main__ - INFO - Plot saved as nabil_stock_predictions_KBL.png
2025-05-02 02:02:50,538 - __main__ - INFO - Saved feedback log to feedback_log_KBL.csv
2025-05-02 02:02:50,540 - __main__ - INFO - DataFrame columns before saving for KBL: ['Date', 'Open', 'High', 'Low', 'Close', 'Volume', 'Daily_Return', 'MA5', 'MA20', 'Volatility', 'P_E_Ratio', 'combined_sentiment', 'Sentiment_Lag1', 'Sentiment_Trend', 'Predicted_Close']
2025-05-02 02:02:50,540 - __main__ - INFO - Number of columns: 15
2025-05-02 02:02:50,540 - __main__ - INFO - DataFrame shape: (97, 15)
2025-05-02 02:02:50,542 - __main__ - INFO - Saved combined data with predictions for KBL to combined_data_with_predictions_KBL.csv
2025-05-02 02:02:50,543 - __main__ - INFO - Prediction engine completed successfully for KBL
2025-05-02 02:02:50,543 - __main__ - INFO - Starting Sentimetrics AI prediction engine for NMB
2025-05-02 02:02:50,556 - __main__ - INFO - Loaded combined data for NMB with 90 rows
2025-05-02 02:02:50,559 - __main__ - INFO - Calculated technical indicators: RSI, MACD, and lagged Close prices
2025-05-02 02:02:50,561 - __main__ - INFO - Data preprocessing completed
2025-05-02 02:02:50,563 - __main__ - INFO - Training set size: 72, Testing set size: 18
2025-05-02 02:02:50,565 - __main__ - INFO - Test set Close price stats:
count     18.000000
mean     565.246653
std       41.773265
min      496.984930
25%      530.149973
50%      576.720066
75%      605.107516
max      610.000000
Name: Close, dtype: float64
2025-05-02 02:02:50,567 - cmdstanpy - DEBUG - cmd: where.exe tbb.dll
cwd: None
2025-05-02 02:02:50,607 - cmdstanpy - DEBUG - TBB already found in load path
2025-05-02 02:02:50,622 - cmdstanpy - DEBUG - input tempfile: C:\Users\hp\AppData\Local\Temp\tmpp_trr7p5\_6u0r8u7.json
2025-05-02 02:02:50,628 - cmdstanpy - DEBUG - input tempfile: C:\Users\hp\AppData\Local\Temp\tmpp_trr7p5\jthr2dlk.json
2025-05-02 02:02:50,630 - cmdstanpy - DEBUG - idx 0
2025-05-02 02:02:50,630 - cmdstanpy - DEBUG - running CmdStan, num_threads: None
2025-05-02 02:02:50,630 - cmdstanpy - DEBUG - CmdStan args: ['C:\\Users\\hp\\AppData\\Roaming\\Python\\Python312\\site-packages\\prophet\\stan_model\\prophet_model.bin', 'random', 'seed=12638', 'data', 'file=C:\\Users\\hp\\AppData\\Local\\Temp\\tmpp_trr7p5\\_6u0r8u7.json', 'init=C:\\Users\\hp\\AppData\\Local\\Temp\\tmpp_trr7p5\\jthr2dlk.json', 'output', 'file=C:\\Users\\hp\\AppData\\Local\\Temp\\tmpp_trr7p5\\prophet_modeltmhh4ivs\\prophet_model-20250502020250.csv', 'method=optimize', 'algorithm=newton', 'iter=10000']
2025-05-02 02:02:50,630 - cmdstanpy - INFO - Chain [1] start processing
2025-05-02 02:03:09,381 - cmdstanpy - INFO - Chain [1] done processing
2025-05-02 02:03:09,393 - __main__ - INFO - Prophet model trained successfully
2025-05-02 02:03:09,429 - __main__ - INFO - Performance Metrics:
2025-05-02 02:03:09,430 - __main__ - INFO - MSE: 108.48
2025-05-02 02:03:09,430 - __main__ - INFO - RMSE: 10.42
2025-05-02 02:03:09,430 - __main__ - INFO - MAE: 8.37
2025-05-02 02:03:09,430 - __main__ - INFO - R2 Score: 0.93
2025-05-02 02:03:09,430 - __main__ - INFO - Sample Actual vs Predicted:
Actual: [503.59987237 499.76797628 496.98493017 529.29353652 541.30479504]
Predicted: [509.21894365 498.20865643 504.31075296 546.51505293 538.66147955]
2025-05-02 02:03:09,430 - __main__ - INFO - Logged 18 prediction errors for feedback loop
2025-05-02 02:03:09,465 - __main__ - INFO - Generated 7 future predictions
2025-05-02 02:03:09,571 - __main__ - INFO - Plot saved as nabil_stock_predictions_NMB.png
2025-05-02 02:03:09,572 - __main__ - INFO - Saved feedback log to feedback_log_NMB.csv
2025-05-02 02:03:09,573 - __main__ - INFO - DataFrame columns before saving for NMB: ['Date', 'Open', 'High', 'Low', 'Close', 'Volume', 'Daily_Return', 'MA5', 'MA20', 'Volatility', 'P_E_Ratio', 'combined_sentiment', 'Sentiment_Lag1', 'Sentiment_Trend', 'Predicted_Close']
2025-05-02 02:03:09,574 - __main__ - INFO - Number of columns: 15
2025-05-02 02:03:09,574 - __main__ - INFO - DataFrame shape: (97, 15)
2025-05-02 02:03:09,577 - __main__ - INFO - Saved combined data with predictions for NMB to combined_data_with_predictions_NMB.csv
2025-05-02 02:03:09,577 - __main__ - INFO - Prediction engine completed successfully for NMB
2025-05-02 02:03:09,578 - __main__ - INFO - Starting Sentimetrics AI prediction engine for GBIME
2025-05-02 02:03:09,616 - __main__ - INFO - Loaded combined data for GBIME with 90 rows
2025-05-02 02:03:09,619 - __main__ - INFO - Calculated technical indicators: RSI, MACD, and lagged Close prices
2025-05-02 02:03:09,621 - __main__ - INFO - Data preprocessing completed
2025-05-02 02:03:09,624 - __main__ - INFO - Training set size: 72, Testing set size: 18
2025-05-02 02:03:09,625 - __main__ - INFO - Test set Close price stats:
count     18.000000
mean     471.808661
std       28.897069
min      430.704841
25%      451.413630
50%      470.563981
75%      479.619045
max      535.527654
Name: Close, dtype: float64
2025-05-02 02:03:09,627 - cmdstanpy - DEBUG - cmd: where.exe tbb.dll
cwd: None
2025-05-02 02:03:09,667 - cmdstanpy - DEBUG - TBB already found in load path
2025-05-02 02:03:09,682 - cmdstanpy - DEBUG - input tempfile: C:\Users\hp\AppData\Local\Temp\tmpp_trr7p5\1hbhym4v.json
2025-05-02 02:03:09,686 - cmdstanpy - DEBUG - input tempfile: C:\Users\hp\AppData\Local\Temp\tmpp_trr7p5\3knf8pw0.json
2025-05-02 02:03:09,689 - cmdstanpy - DEBUG - idx 0
2025-05-02 02:03:09,689 - cmdstanpy - DEBUG - running CmdStan, num_threads: None
2025-05-02 02:03:09,690 - cmdstanpy - DEBUG - CmdStan args: ['C:\\Users\\hp\\AppData\\Roaming\\Python\\Python312\\site-packages\\prophet\\stan_model\\prophet_model.bin', 'random', 'seed=74476', 'data', 'file=C:\\Users\\hp\\AppData\\Local\\Temp\\tmpp_trr7p5\\1hbhym4v.json', 'init=C:\\Users\\hp\\AppData\\Local\\Temp\\tmpp_trr7p5\\3knf8pw0.json', 'output', 'file=C:\\Users\\hp\\AppData\\Local\\Temp\\tmpp_trr7p5\\prophet_modelm9x053q9\\prophet_model-20250502020309.csv', 'method=optimize', 'algorithm=newton', 'iter=10000']
2025-05-02 02:03:09,690 - cmdstanpy - INFO - Chain [1] start processing
2025-05-02 02:03:17,966 - cmdstanpy - INFO - Chain [1] done processing
2025-05-02 02:03:17,976 - __main__ - INFO - Prophet model trained successfully
2025-05-02 02:03:18,010 - __main__ - INFO - Performance Metrics:
2025-05-02 02:03:18,011 - __main__ - INFO - MSE: 75.59
2025-05-02 02:03:18,011 - __main__ - INFO - RMSE: 8.69
2025-05-02 02:03:18,011 - __main__ - INFO - MAE: 6.99
2025-05-02 02:03:18,011 - __main__ - INFO - R2 Score: 0.90
2025-05-02 02:03:18,012 - __main__ - INFO - Sample Actual vs Predicted:
Actual: [480.91656219 474.72746791 450.66426978 472.05704417 438.23903447]
Predicted: [485.59965922 473.41879428 456.77196777 486.42462825 436.02551142]
2025-05-02 02:03:18,012 - __main__ - INFO - Logged 18 prediction errors for feedback loop
2025-05-02 02:03:18,045 - __main__ - INFO - Generated 7 future predictions
2025-05-02 02:03:18,157 - __main__ - INFO - Plot saved as nabil_stock_predictions_GBIME.png
2025-05-02 02:03:18,159 - __main__ - INFO - Saved feedback log to feedback_log_GBIME.csv
2025-05-02 02:03:18,161 - __main__ - INFO - DataFrame columns before saving for GBIME: ['Date', 'Open', 'High', 'Low', 'Close', 'Volume', 'Daily_Return', 'MA5', 'MA20', 'Volatility', 'P_E_Ratio', 'combined_sentiment', 'Sentiment_Lag1', 'Sentiment_Trend', 'Predicted_Close']
2025-05-02 02:03:18,161 - __main__ - INFO - Number of columns: 15
2025-05-02 02:03:18,161 - __main__ - INFO - DataFrame shape: (97, 15)
2025-05-02 02:03:18,163 - __main__ - INFO - Saved combined data with predictions for GBIME to combined_data_with_predictions_GBIME.csv
2025-05-02 02:03:18,163 - __main__ - INFO - Prediction engine completed successfully for GBIME
2025-05-02 02:03:18,164 - __main__ - INFO - Starting Sentimetrics AI prediction engine for NICA
2025-05-02 02:03:18,177 - __main__ - INFO - Loaded combined data for NICA with 90 rows
2025-05-02 02:03:18,180 - __main__ - INFO - Calculated technical indicators: RSI, MACD, and lagged Close prices
2025-05-02 02:03:18,181 - __main__ - INFO - Data preprocessing completed
2025-05-02 02:03:18,184 - __main__ - INFO - Training set size: 72, Testing set size: 18
2025-05-02 02:03:18,185 - __main__ - INFO - Test set Close price stats:
count     18.000000
mean     435.842546
std       44.104294
min      358.733205
25%      401.271524
50%      450.988061
75%      467.177833
max      496.636855
Name: Close, dtype: float64
2025-05-02 02:03:18,187 - cmdstanpy - DEBUG - cmd: where.exe tbb.dll
cwd: None
2025-05-02 02:03:18,227 - cmdstanpy - DEBUG - TBB already found in load path
2025-05-02 02:03:18,245 - cmdstanpy - DEBUG - input tempfile: C:\Users\hp\AppData\Local\Temp\tmpp_trr7p5\70jkcy0o.json
2025-05-02 02:03:18,249 - cmdstanpy - DEBUG - input tempfile: C:\Users\hp\AppData\Local\Temp\tmpp_trr7p5\l539wlgp.json
2025-05-02 02:03:18,251 - cmdstanpy - DEBUG - idx 0
2025-05-02 02:03:18,251 - cmdstanpy - DEBUG - running CmdStan, num_threads: None
2025-05-02 02:03:18,252 - cmdstanpy - DEBUG - CmdStan args: ['C:\\Users\\hp\\AppData\\Roaming\\Python\\Python312\\site-packages\\prophet\\stan_model\\prophet_model.bin', 'random', 'seed=5041', 'data', 'file=C:\\Users\\hp\\AppData\\Local\\Temp\\tmpp_trr7p5\\70jkcy0o.json', 'init=C:\\Users\\hp\\AppData\\Local\\Temp\\tmpp_trr7p5\\l539wlgp.json', 'output', 'file=C:\\Users\\hp\\AppData\\Local\\Temp\\tmpp_trr7p5\\prophet_modelbx07sp2d\\prophet_model-20250502020318.csv', 'method=optimize', 'algorithm=newton', 'iter=10000']
2025-05-02 02:03:18,252 - cmdstanpy - INFO - Chain [1] start processing
2025-05-02 02:03:23,113 - cmdstanpy - INFO - Chain [1] done processing
2025-05-02 02:03:23,123 - __main__ - INFO - Prophet model trained successfully
2025-05-02 02:03:23,159 - __main__ - INFO - Performance Metrics:
2025-05-02 02:03:23,159 - __main__ - INFO - MSE: 64.50
2025-05-02 02:03:23,159 - __main__ - INFO - RMSE: 8.03
2025-05-02 02:03:23,159 - __main__ - INFO - MAE: 6.46
2025-05-02 02:03:23,159 - __main__ - INFO - R2 Score: 0.96
2025-05-02 02:03:23,160 - __main__ - INFO - Sample Actual vs Predicted:
Actual: [358.73320451 362.89444527 383.42886887 382.86898172 395.40529687]
Predicted: [363.0637161  361.68994439 389.07540194 396.14573456 393.3649456 ]
2025-05-02 02:03:23,160 - __main__ - INFO - Logged 18 prediction errors for feedback loop
2025-05-02 02:03:23,194 - __main__ - INFO - Generated 7 future predictions
2025-05-02 02:03:23,305 - __main__ - INFO - Plot saved as nabil_stock_predictions_NICA.png
2025-05-02 02:03:23,306 - __main__ - INFO - Saved feedback log to feedback_log_NICA.csv
2025-05-02 02:03:23,308 - __main__ - INFO - DataFrame columns before saving for NICA: ['Date', 'Open', 'High', 'Low', 'Close', 'Volume', 'Daily_Return', 'MA5', 'MA20', 'Volatility', 'P_E_Ratio', 'combined_sentiment', 'Sentiment_Lag1', 'Sentiment_Trend', 'Predicted_Close']
2025-05-02 02:03:23,308 - __main__ - INFO - Number of columns: 15
2025-05-02 02:03:23,308 - __main__ - INFO - DataFrame shape: (97, 15)
2025-05-02 02:03:23,311 - __main__ - INFO - Saved combined data with predictions for NICA to combined_data_with_predictions_NICA.csv
2025-05-02 02:03:23,311 - __main__ - INFO - Prediction engine completed successfully for NICA
2025-05-02 02:03:23,311 - __main__ - INFO - Starting Sentimetrics AI prediction engine for PRVU
2025-05-02 02:03:23,327 - __main__ - INFO - Loaded combined data for PRVU with 90 rows
2025-05-02 02:03:23,330 - __main__ - INFO - Calculated technical indicators: RSI, MACD, and lagged Close prices
2025-05-02 02:03:23,331 - __main__ - INFO - Data preprocessing completed
2025-05-02 02:03:23,334 - __main__ - INFO - Training set size: 72, Testing set size: 18
2025-05-02 02:03:23,335 - __main__ - INFO - Test set Close price stats:
count     18.000000
mean     460.648668
std       15.629647
min      439.102694
25%      452.968398
50%      458.470743
75%      464.522125
max      509.256890
Name: Close, dtype: float64
2025-05-02 02:03:23,337 - cmdstanpy - DEBUG - cmd: where.exe tbb.dll
cwd: None
2025-05-02 02:03:23,380 - cmdstanpy - DEBUG - TBB already found in load path
2025-05-02 02:03:23,398 - cmdstanpy - DEBUG - input tempfile: C:\Users\hp\AppData\Local\Temp\tmpp_trr7p5\6ifukvld.json
2025-05-02 02:03:23,403 - cmdstanpy - DEBUG - input tempfile: C:\Users\hp\AppData\Local\Temp\tmpp_trr7p5\avi_rc97.json
2025-05-02 02:03:23,404 - cmdstanpy - DEBUG - idx 0
2025-05-02 02:03:23,404 - cmdstanpy - DEBUG - running CmdStan, num_threads: None
2025-05-02 02:03:23,404 - cmdstanpy - DEBUG - CmdStan args: ['C:\\Users\\hp\\AppData\\Roaming\\Python\\Python312\\site-packages\\prophet\\stan_model\\prophet_model.bin', 'random', 'seed=65935', 'data', 'file=C:\\Users\\hp\\AppData\\Local\\Temp\\tmpp_trr7p5\\6ifukvld.json', 'init=C:\\Users\\hp\\AppData\\Local\\Temp\\tmpp_trr7p5\\avi_rc97.json', 'output', 'file=C:\\Users\\hp\\AppData\\Local\\Temp\\tmpp_trr7p5\\prophet_modelxmp_rdk0\\prophet_model-20250502020323.csv', 'method=optimize', 'algorithm=newton', 'iter=10000']
2025-05-02 02:03:23,404 - cmdstanpy - INFO - Chain [1] start processing
2025-05-02 02:03:23,600 - cmdstanpy - INFO - Chain [1] done processing
2025-05-02 02:03:23,609 - __main__ - INFO - Prophet model trained successfully
2025-05-02 02:03:23,643 - __main__ - INFO - Performance Metrics:
2025-05-02 02:03:23,643 - __main__ - INFO - MSE: 96.25
2025-05-02 02:03:23,643 - __main__ - INFO - RMSE: 9.81
2025-05-02 02:03:23,643 - __main__ - INFO - MAE: 8.01
2025-05-02 02:03:23,643 - __main__ - INFO - R2 Score: 0.58
2025-05-02 02:03:23,643 - __main__ - INFO - Feedback: R2 score is low. Consider adding more features or using a different model.
2025-05-02 02:03:23,644 - __main__ - INFO - Sample Actual vs Predicted:
Actual: [471.18189067 457.4522482  452.17100837 455.47254322 461.20790497]
Predicted: [476.3157293  458.46357792 460.12192808 471.01186432 461.70372454]
2025-05-02 02:03:23,644 - __main__ - INFO - Logged 18 prediction errors for feedback loop
2025-05-02 02:03:23,679 - __main__ - INFO - Generated 7 future predictions
2025-05-02 02:03:23,781 - __main__ - INFO - Plot saved as nabil_stock_predictions_PRVU.png
2025-05-02 02:03:23,783 - __main__ - INFO - Saved feedback log to feedback_log_PRVU.csv
2025-05-02 02:03:23,784 - __main__ - INFO - DataFrame columns before saving for PRVU: ['Date', 'Open', 'High', 'Low', 'Close', 'Volume', 'Daily_Return', 'MA5', 'MA20', 'Volatility', 'P_E_Ratio', 'combined_sentiment', 'Sentiment_Lag1', 'Sentiment_Trend', 'Predicted_Close']
2025-05-02 02:03:23,784 - __main__ - INFO - Number of columns: 15
2025-05-02 02:03:23,784 - __main__ - INFO - DataFrame shape: (97, 15)
2025-05-02 02:03:23,787 - __main__ - INFO - Saved combined data with predictions for PRVU to combined_data_with_predictions_PRVU.csv
2025-05-02 02:03:23,788 - __main__ - INFO - Prediction engine completed successfully for PRVU
2025-05-02 02:03:23,788 - __main__ - INFO - Starting Sentimetrics AI prediction engine for SBI
2025-05-02 02:03:23,804 - __main__ - INFO - Loaded combined data for SBI with 90 rows
2025-05-02 02:03:23,806 - __main__ - INFO - Calculated technical indicators: RSI, MACD, and lagged Close prices
2025-05-02 02:03:23,808 - __main__ - INFO - Data preprocessing completed
2025-05-02 02:03:23,810 - __main__ - INFO - Training set size: 72, Testing set size: 18
2025-05-02 02:03:23,811 - __main__ - INFO - Test set Close price stats:
count     18.000000
mean     481.715323
std       31.522436
min      434.907485
25%      462.287766
50%      471.290584
75%      496.718554
max      542.492811
Name: Close, dtype: float64
2025-05-02 02:03:23,813 - cmdstanpy - DEBUG - cmd: where.exe tbb.dll
cwd: None
2025-05-02 02:03:23,855 - cmdstanpy - DEBUG - TBB already found in load path
2025-05-02 02:03:23,870 - cmdstanpy - DEBUG - input tempfile: C:\Users\hp\AppData\Local\Temp\tmpp_trr7p5\v18fwm12.json
2025-05-02 02:03:23,875 - cmdstanpy - DEBUG - input tempfile: C:\Users\hp\AppData\Local\Temp\tmpp_trr7p5\v5k285lu.json
2025-05-02 02:03:23,877 - cmdstanpy - DEBUG - idx 0
2025-05-02 02:03:23,877 - cmdstanpy - DEBUG - running CmdStan, num_threads: None
2025-05-02 02:03:23,878 - cmdstanpy - DEBUG - CmdStan args: ['C:\\Users\\hp\\AppData\\Roaming\\Python\\Python312\\site-packages\\prophet\\stan_model\\prophet_model.bin', 'random', 'seed=48606', 'data', 'file=C:\\Users\\hp\\AppData\\Local\\Temp\\tmpp_trr7p5\\v18fwm12.json', 'init=C:\\Users\\hp\\AppData\\Local\\Temp\\tmpp_trr7p5\\v5k285lu.json', 'output', 'file=C:\\Users\\hp\\AppData\\Local\\Temp\\tmpp_trr7p5\\prophet_model_rlb8pzh\\prophet_model-20250502020323.csv', 'method=optimize', 'algorithm=newton', 'iter=10000']
2025-05-02 02:03:23,878 - cmdstanpy - INFO - Chain [1] start processing
2025-05-02 02:03:37,022 - cmdstanpy - INFO - Chain [1] done processing
2025-05-02 02:03:37,032 - __main__ - INFO - Prophet model trained successfully
2025-05-02 02:03:37,067 - __main__ - INFO - Performance Metrics:
2025-05-02 02:03:37,067 - __main__ - INFO - MSE: 78.79
2025-05-02 02:03:37,067 - __main__ - INFO - RMSE: 8.88
2025-05-02 02:03:37,067 - __main__ - INFO - MAE: 7.14
2025-05-02 02:03:37,067 - __main__ - INFO - R2 Score: 0.92
2025-05-02 02:03:37,067 - __main__ - INFO - Sample Actual vs Predicted:
Actual: [469.85938241 472.7217865  461.42723867 469.46147663 451.16957473]
Predicted: [474.64267338 471.38749886 467.6650678  484.13260784 448.91147428]
2025-05-02 02:03:37,067 - __main__ - INFO - Logged 18 prediction errors for feedback loop
2025-05-02 02:03:37,101 - __main__ - INFO - Generated 7 future predictions
2025-05-02 02:03:37,210 - __main__ - INFO - Plot saved as nabil_stock_predictions_SBI.png
2025-05-02 02:03:37,212 - __main__ - INFO - Saved feedback log to feedback_log_SBI.csv
2025-05-02 02:03:37,213 - __main__ - INFO - DataFrame columns before saving for SBI: ['Date', 'Open', 'High', 'Low', 'Close', 'Volume', 'Daily_Return', 'MA5', 'MA20', 'Volatility', 'P_E_Ratio', 'combined_sentiment', 'Sentiment_Lag1', 'Sentiment_Trend', 'Predicted_Close']
2025-05-02 02:03:37,213 - __main__ - INFO - Number of columns: 15
2025-05-02 02:03:37,213 - __main__ - INFO - DataFrame shape: (97, 15)
2025-05-02 02:03:37,216 - __main__ - INFO - Saved combined data with predictions for SBI to combined_data_with_predictions_SBI.csv
2025-05-02 02:03:37,217 - __main__ - INFO - Prediction engine completed successfully for SBI
2025-05-02 02:03:37,217 - __main__ - INFO - Starting Sentimetrics AI prediction engine for ADBL
2025-05-02 02:03:37,237 - __main__ - INFO - Loaded combined data for ADBL with 90 rows
2025-05-02 02:03:37,239 - __main__ - INFO - Calculated technical indicators: RSI, MACD, and lagged Close prices
2025-05-02 02:03:37,240 - __main__ - INFO - Data preprocessing completed
2025-05-02 02:03:37,243 - __main__ - INFO - Training set size: 72, Testing set size: 18
2025-05-02 02:03:37,244 - __main__ - INFO - Test set Close price stats:
count     18.000000
mean     571.714810
std       36.900476
min      489.416684
25%      550.547213
50%      573.575367
75%      603.650519
max      619.816093
Name: Close, dtype: float64
2025-05-02 02:03:37,245 - cmdstanpy - DEBUG - cmd: where.exe tbb.dll
cwd: None
2025-05-02 02:03:37,285 - cmdstanpy - DEBUG - TBB already found in load path
2025-05-02 02:03:37,302 - cmdstanpy - DEBUG - input tempfile: C:\Users\hp\AppData\Local\Temp\tmpp_trr7p5\z_bug1yr.json
2025-05-02 02:03:37,306 - cmdstanpy - DEBUG - input tempfile: C:\Users\hp\AppData\Local\Temp\tmpp_trr7p5\9jlimmdn.json
2025-05-02 02:03:37,307 - cmdstanpy - DEBUG - idx 0
2025-05-02 02:03:37,307 - cmdstanpy - DEBUG - running CmdStan, num_threads: None
2025-05-02 02:03:37,307 - cmdstanpy - DEBUG - CmdStan args: ['C:\\Users\\hp\\AppData\\Roaming\\Python\\Python312\\site-packages\\prophet\\stan_model\\prophet_model.bin', 'random', 'seed=67315', 'data', 'file=C:\\Users\\hp\\AppData\\Local\\Temp\\tmpp_trr7p5\\z_bug1yr.json', 'init=C:\\Users\\hp\\AppData\\Local\\Temp\\tmpp_trr7p5\\9jlimmdn.json', 'output', 'file=C:\\Users\\hp\\AppData\\Local\\Temp\\tmpp_trr7p5\\prophet_model9awsqpd1\\prophet_model-20250502020337.csv', 'method=optimize', 'algorithm=newton', 'iter=10000']
2025-05-02 02:03:37,308 - cmdstanpy - INFO - Chain [1] start processing
2025-05-02 02:03:48,709 - cmdstanpy - INFO - Chain [1] done processing
2025-05-02 02:03:48,719 - __main__ - INFO - Prophet model trained successfully
2025-05-02 02:03:48,748 - __main__ - INFO - Performance Metrics:
2025-05-02 02:03:48,748 - __main__ - INFO - MSE: 110.98
2025-05-02 02:03:48,748 - __main__ - INFO - RMSE: 10.53
2025-05-02 02:03:48,748 - __main__ - INFO - MAE: 8.47
2025-05-02 02:03:48,748 - __main__ - INFO - R2 Score: 0.91
2025-05-02 02:03:48,749 - __main__ - INFO - Sample Actual vs Predicted:
Actual: [548.51614297 567.64156384 576.54299037 584.00991242 599.91057049]
Predicted: [554.1928391  566.05773197 583.94597778 601.42181318 597.23032082]
2025-05-02 02:03:48,749 - __main__ - INFO - Logged 18 prediction errors for feedback loop
2025-05-02 02:03:48,785 - __main__ - INFO - Generated 7 future predictions
2025-05-02 02:03:48,897 - __main__ - INFO - Plot saved as nabil_stock_predictions_ADBL.png
2025-05-02 02:03:48,898 - __main__ - INFO - Saved feedback log to feedback_log_ADBL.csv
2025-05-02 02:03:48,901 - __main__ - INFO - DataFrame columns before saving for ADBL: ['Date', 'Open', 'High', 'Low', 'Close', 'Volume', 'Daily_Return', 'MA5', 'MA20', 'Volatility', 'P_E_Ratio', 'combined_sentiment', 'Sentiment_Lag1', 'Sentiment_Trend', 'Predicted_Close']
2025-05-02 02:03:48,901 - __main__ - INFO - Number of columns: 15
2025-05-02 02:03:48,901 - __main__ - INFO - DataFrame shape: (97, 15)
2025-05-02 02:03:48,903 - __main__ - INFO - Saved combined data with predictions for ADBL to combined_data_with_predictions_ADBL.csv
2025-05-02 02:03:48,903 - __main__ - INFO - Prediction engine completed successfully for ADBL
2025-05-02 10:23:55,080 - __main__ - INFO - Starting Sentimetrics AI prediction engine for NABIL
2025-05-02 10:23:55,111 - __main__ - INFO - Loaded combined data for NABIL with 90 rows
2025-05-02 10:23:55,121 - __main__ - INFO - Calculated technical indicators: RSI, MACD, and lagged Close prices
2025-05-02 10:23:55,121 - __main__ - INFO - Data preprocessing completed
2025-05-02 10:23:55,129 - __main__ - INFO - Training set size: 72, Testing set size: 18
2025-05-02 10:23:55,132 - __main__ - INFO - Test set Close price stats:
count     18.000000
mean     567.174480
std       17.162298
min      531.025300
25%      553.901375
50%      573.110974
75%      578.178953
max      591.870517
Name: Close, dtype: float64
2025-05-02 10:23:55,186 - cmdstanpy - DEBUG - cmd: where.exe tbb.dll
cwd: None
2025-05-02 10:23:55,235 - cmdstanpy - DEBUG - Adding TBB (C:\Users\hp\AppData\Roaming\Python\Python312\site-packages\prophet\stan_model\cmdstan-2.33.1\stan\lib\stan_math\lib\tbb) to PATH
2025-05-02 10:23:55,270 - cmdstanpy - DEBUG - input tempfile: C:\Users\hp\AppData\Local\Temp\tmpn7k3sd7_\t65j843e.json
2025-05-02 10:23:55,275 - cmdstanpy - DEBUG - input tempfile: C:\Users\hp\AppData\Local\Temp\tmpn7k3sd7_\ww1pvflf.json
2025-05-02 10:23:55,285 - cmdstanpy - DEBUG - idx 0
2025-05-02 10:23:55,285 - cmdstanpy - DEBUG - running CmdStan, num_threads: None
2025-05-02 10:23:55,285 - cmdstanpy - DEBUG - CmdStan args: ['C:\\Users\\hp\\AppData\\Roaming\\Python\\Python312\\site-packages\\prophet\\stan_model\\prophet_model.bin', 'random', 'seed=15090', 'data', 'file=C:\\Users\\hp\\AppData\\Local\\Temp\\tmpn7k3sd7_\\t65j843e.json', 'init=C:\\Users\\hp\\AppData\\Local\\Temp\\tmpn7k3sd7_\\ww1pvflf.json', 'output', 'file=C:\\Users\\hp\\AppData\\Local\\Temp\\tmpn7k3sd7_\\prophet_model91ku87kl\\prophet_model-20250502102355.csv', 'method=optimize', 'algorithm=newton', 'iter=10000']
2025-05-02 10:23:55,285 - cmdstanpy - INFO - Chain [1] start processing
2025-05-02 10:23:57,618 - cmdstanpy - INFO - Chain [1] done processing
2025-05-02 10:23:57,641 - __main__ - INFO - Prophet model trained successfully
2025-05-02 10:23:57,690 - __main__ - INFO - Performance Metrics:
2025-05-02 10:23:57,690 - __main__ - INFO - MSE: 109.26
2025-05-02 10:23:57,691 - __main__ - INFO - RMSE: 10.45
2025-05-02 10:23:57,691 - __main__ - INFO - MAE: 8.40
2025-05-02 10:23:57,691 - __main__ - INFO - R2 Score: 0.61
2025-05-02 10:23:57,691 - __main__ - INFO - Feedback: R2 score is low. Consider adding more features or using a different model.
2025-05-02 10:23:57,691 - __main__ - INFO - Sample Actual vs Predicted:
Actual: [548.53770625 568.845045   561.08308106 571.38035996 578.42624694]
Predicted: [554.14543254 567.24987975 568.40337132 588.63006519 575.74335553]
2025-05-02 10:23:57,691 - __main__ - INFO - Logged 18 prediction errors for feedback loop
2025-05-02 10:23:57,737 - __main__ - INFO - Generated 7 future predictions
2025-05-02 10:23:58,041 - __main__ - INFO - Plot saved as nabil_stock_predictions_NABIL.png
2025-05-02 10:23:58,043 - __main__ - INFO - Saved feedback log to feedback_log_NABIL.csv
2025-05-02 10:23:58,050 - __main__ - INFO - DataFrame columns before saving for NABIL: ['Date', 'Open', 'High', 'Low', 'Close', 'Volume', 'Daily_Return', 'MA5', 'MA20', 'Volatility', 'P_E_Ratio', 'combined_sentiment', 'Sentiment_Lag1', 'Sentiment_Trend', 'Predicted_Close']
2025-05-02 10:23:58,050 - __main__ - INFO - Number of columns: 15
2025-05-02 10:23:58,050 - __main__ - INFO - DataFrame shape: (97, 15)
2025-05-02 10:23:58,050 - __main__ - INFO - Saved combined data with predictions for NABIL to combined_data_with_predictions_NABIL.csv
2025-05-02 10:23:58,050 - __main__ - INFO - Prediction engine completed successfully for NABIL
2025-05-02 10:23:58,050 - __main__ - INFO - Starting Sentimetrics AI prediction engine for NRIC
2025-05-02 10:23:58,074 - __main__ - INFO - Loaded combined data for NRIC with 90 rows
2025-05-02 10:23:58,079 - __main__ - INFO - Calculated technical indicators: RSI, MACD, and lagged Close prices
2025-05-02 10:23:58,079 - __main__ - INFO - Data preprocessing completed
2025-05-02 10:23:58,084 - __main__ - INFO - Training set size: 72, Testing set size: 18
2025-05-02 10:23:58,087 - __main__ - INFO - Test set Close price stats:
count     18.000000
mean     450.253782
std       14.982552
min      424.471109
25%      440.637289
50%      449.069089
75%      457.670844
max      477.354207
Name: Close, dtype: float64
2025-05-02 10:23:58,087 - cmdstanpy - DEBUG - cmd: where.exe tbb.dll
cwd: None
2025-05-02 10:23:58,143 - cmdstanpy - DEBUG - TBB already found in load path
2025-05-02 10:23:58,161 - cmdstanpy - DEBUG - input tempfile: C:\Users\hp\AppData\Local\Temp\tmpn7k3sd7_\6skmzdab.json
2025-05-02 10:23:58,165 - cmdstanpy - DEBUG - input tempfile: C:\Users\hp\AppData\Local\Temp\tmpn7k3sd7_\c2pcoz_5.json
2025-05-02 10:23:58,168 - cmdstanpy - DEBUG - idx 0
2025-05-02 10:23:58,168 - cmdstanpy - DEBUG - running CmdStan, num_threads: None
2025-05-02 10:23:58,168 - cmdstanpy - DEBUG - CmdStan args: ['C:\\Users\\hp\\AppData\\Roaming\\Python\\Python312\\site-packages\\prophet\\stan_model\\prophet_model.bin', 'random', 'seed=96853', 'data', 'file=C:\\Users\\hp\\AppData\\Local\\Temp\\tmpn7k3sd7_\\6skmzdab.json', 'init=C:\\Users\\hp\\AppData\\Local\\Temp\\tmpn7k3sd7_\\c2pcoz_5.json', 'output', 'file=C:\\Users\\hp\\AppData\\Local\\Temp\\tmpn7k3sd7_\\prophet_modelf57i56si\\prophet_model-20250502102358.csv', 'method=optimize', 'algorithm=newton', 'iter=10000']
2025-05-02 10:23:58,168 - cmdstanpy - INFO - Chain [1] start processing
2025-05-02 10:24:05,697 - cmdstanpy - INFO - Chain [1] done processing
2025-05-02 10:24:05,719 - __main__ - INFO - Prophet model trained successfully
2025-05-02 10:24:05,783 - __main__ - INFO - Performance Metrics:
2025-05-02 10:24:05,783 - __main__ - INFO - MSE: 68.83
2025-05-02 10:24:05,789 - __main__ - INFO - RMSE: 8.30
2025-05-02 10:24:05,789 - __main__ - INFO - MAE: 6.67
2025-05-02 10:24:05,789 - __main__ - INFO - R2 Score: 0.68
2025-05-02 10:24:05,790 - __main__ - INFO - Feedback: R2 score is low. Consider adding more features or using a different model.
2025-05-02 10:24:05,790 - __main__ - INFO - Sample Actual vs Predicted:
Actual: [450.24543794 443.36053637 439.72953996 424.47110938 436.93923683]
Predicted: [454.71946468 442.11654044 445.56311213 438.18721039 434.83175844]
2025-05-02 10:24:05,790 - __main__ - INFO - Logged 18 prediction errors for feedback loop
2025-05-02 10:24:05,846 - __main__ - INFO - Generated 7 future predictions
2025-05-02 10:24:05,991 - __main__ - INFO - Plot saved as nabil_stock_predictions_NRIC.png
2025-05-02 10:24:05,991 - __main__ - INFO - Saved feedback log to feedback_log_NRIC.csv
2025-05-02 10:24:05,991 - __main__ - INFO - DataFrame columns before saving for NRIC: ['Date', 'Open', 'High', 'Low', 'Close', 'Volume', 'Daily_Return', 'MA5', 'MA20', 'Volatility', 'P_E_Ratio', 'combined_sentiment', 'Sentiment_Lag1', 'Sentiment_Trend', 'Predicted_Close']
2025-05-02 10:24:05,991 - __main__ - INFO - Number of columns: 15
2025-05-02 10:24:05,991 - __main__ - INFO - DataFrame shape: (97, 15)
2025-05-02 10:24:06,003 - __main__ - INFO - Saved combined data with predictions for NRIC to combined_data_with_predictions_NRIC.csv
2025-05-02 10:24:06,003 - __main__ - INFO - Prediction engine completed successfully for NRIC
2025-05-02 10:24:06,006 - __main__ - INFO - Starting Sentimetrics AI prediction engine for SHIVM
2025-05-02 10:24:06,024 - __main__ - INFO - Loaded combined data for SHIVM with 90 rows
2025-05-02 10:24:06,030 - __main__ - INFO - Calculated technical indicators: RSI, MACD, and lagged Close prices
2025-05-02 10:24:06,032 - __main__ - INFO - Data preprocessing completed
2025-05-02 10:24:06,032 - __main__ - INFO - Training set size: 72, Testing set size: 18
2025-05-02 10:24:06,032 - __main__ - INFO - Test set Close price stats:
count     18.000000
mean     390.149814
std       43.804893
min      333.234112
25%      350.231742
50%      379.519272
75%      423.167867
max      457.651758
Name: Close, dtype: float64
2025-05-02 10:24:06,039 - cmdstanpy - DEBUG - cmd: where.exe tbb.dll
cwd: None
2025-05-02 10:24:06,093 - cmdstanpy - DEBUG - TBB already found in load path
2025-05-02 10:24:06,116 - cmdstanpy - DEBUG - input tempfile: C:\Users\hp\AppData\Local\Temp\tmpn7k3sd7_\8fmcwdnq.json
2025-05-02 10:24:06,124 - cmdstanpy - DEBUG - input tempfile: C:\Users\hp\AppData\Local\Temp\tmpn7k3sd7_\so5_josx.json
2025-05-02 10:24:06,129 - cmdstanpy - DEBUG - idx 0
2025-05-02 10:24:06,129 - cmdstanpy - DEBUG - running CmdStan, num_threads: None
2025-05-02 10:24:06,129 - cmdstanpy - DEBUG - CmdStan args: ['C:\\Users\\hp\\AppData\\Roaming\\Python\\Python312\\site-packages\\prophet\\stan_model\\prophet_model.bin', 'random', 'seed=88220', 'data', 'file=C:\\Users\\hp\\AppData\\Local\\Temp\\tmpn7k3sd7_\\8fmcwdnq.json', 'init=C:\\Users\\hp\\AppData\\Local\\Temp\\tmpn7k3sd7_\\so5_josx.json', 'output', 'file=C:\\Users\\hp\\AppData\\Local\\Temp\\tmpn7k3sd7_\\prophet_modelehvdn05z\\prophet_model-20250502102406.csv', 'method=optimize', 'algorithm=newton', 'iter=10000']
2025-05-02 10:24:06,129 - cmdstanpy - INFO - Chain [1] start processing
2025-05-02 10:24:13,627 - cmdstanpy - INFO - Chain [1] done processing
2025-05-02 10:24:13,641 - __main__ - INFO - Prophet model trained successfully
2025-05-02 10:24:13,701 - __main__ - INFO - Performance Metrics:
2025-05-02 10:24:13,701 - __main__ - INFO - MSE: 51.69
2025-05-02 10:24:13,704 - __main__ - INFO - RMSE: 7.19
2025-05-02 10:24:13,704 - __main__ - INFO - MAE: 5.78
2025-05-02 10:24:13,704 - __main__ - INFO - R2 Score: 0.97
2025-05-02 10:24:13,704 - __main__ - INFO - Sample Actual vs Predicted:
Actual: [452.83369719 457.65175838 453.52253955 423.80041058 435.14979524]
Predicted: [456.69832185 456.5616437  458.56521609 435.6734019  433.31148099]
2025-05-02 10:24:13,704 - __main__ - INFO - Logged 18 prediction errors for feedback loop
2025-05-02 10:24:13,758 - __main__ - INFO - Generated 7 future predictions
2025-05-02 10:24:13,910 - __main__ - INFO - Plot saved as nabil_stock_predictions_SHIVM.png
2025-05-02 10:24:13,912 - __main__ - INFO - Saved feedback log to feedback_log_SHIVM.csv
2025-05-02 10:24:13,912 - __main__ - INFO - DataFrame columns before saving for SHIVM: ['Date', 'Open', 'High', 'Low', 'Close', 'Volume', 'Daily_Return', 'MA5', 'MA20', 'Volatility', 'P_E_Ratio', 'combined_sentiment', 'Sentiment_Lag1', 'Sentiment_Trend', 'Predicted_Close']
2025-05-02 10:24:13,912 - __main__ - INFO - Number of columns: 15
2025-05-02 10:24:13,912 - __main__ - INFO - DataFrame shape: (97, 15)
2025-05-02 10:24:13,922 - __main__ - INFO - Saved combined data with predictions for SHIVM to combined_data_with_predictions_SHIVM.csv
2025-05-02 10:24:13,922 - __main__ - INFO - Prediction engine completed successfully for SHIVM
2025-05-02 10:24:13,924 - __main__ - INFO - Starting Sentimetrics AI prediction engine for HBL
2025-05-02 10:24:13,943 - __main__ - INFO - Loaded combined data for HBL with 90 rows
2025-05-02 10:24:13,946 - __main__ - INFO - Calculated technical indicators: RSI, MACD, and lagged Close prices
2025-05-02 10:24:13,946 - __main__ - INFO - Data preprocessing completed
2025-05-02 10:24:13,950 - __main__ - INFO - Training set size: 72, Testing set size: 18
2025-05-02 10:24:13,955 - __main__ - INFO - Test set Close price stats:
count     18.000000
mean     590.154820
std       14.940862
min      568.819740
25%      575.637060
50%      591.928144
75%      598.772020
max      617.179286
Name: Close, dtype: float64
2025-05-02 10:24:13,955 - cmdstanpy - DEBUG - cmd: where.exe tbb.dll
cwd: None
2025-05-02 10:24:14,012 - cmdstanpy - DEBUG - TBB already found in load path
2025-05-02 10:24:14,036 - cmdstanpy - DEBUG - input tempfile: C:\Users\hp\AppData\Local\Temp\tmpn7k3sd7_\qwgn4x7r.json
2025-05-02 10:24:14,039 - cmdstanpy - DEBUG - input tempfile: C:\Users\hp\AppData\Local\Temp\tmpn7k3sd7_\8ad7tq5l.json
2025-05-02 10:24:14,044 - cmdstanpy - DEBUG - idx 0
2025-05-02 10:24:14,044 - cmdstanpy - DEBUG - running CmdStan, num_threads: None
2025-05-02 10:24:14,044 - cmdstanpy - DEBUG - CmdStan args: ['C:\\Users\\hp\\AppData\\Roaming\\Python\\Python312\\site-packages\\prophet\\stan_model\\prophet_model.bin', 'random', 'seed=85393', 'data', 'file=C:\\Users\\hp\\AppData\\Local\\Temp\\tmpn7k3sd7_\\qwgn4x7r.json', 'init=C:\\Users\\hp\\AppData\\Local\\Temp\\tmpn7k3sd7_\\8ad7tq5l.json', 'output', 'file=C:\\Users\\hp\\AppData\\Local\\Temp\\tmpn7k3sd7_\\prophet_modelgicfwrmd\\prophet_model-20250502102414.csv', 'method=optimize', 'algorithm=newton', 'iter=10000']
2025-05-02 10:24:14,044 - cmdstanpy - INFO - Chain [1] start processing
2025-05-02 10:24:22,632 - cmdstanpy - INFO - Chain [1] done processing
2025-05-02 10:24:22,652 - __main__ - INFO - Prophet model trained successfully
2025-05-02 10:24:22,710 - __main__ - INFO - Performance Metrics:
2025-05-02 10:24:22,710 - __main__ - INFO - MSE: 118.26
2025-05-02 10:24:22,710 - __main__ - INFO - RMSE: 10.87
2025-05-02 10:24:22,710 - __main__ - INFO - MAE: 8.74
2025-05-02 10:24:22,710 - __main__ - INFO - R2 Score: 0.44
2025-05-02 10:24:22,710 - __main__ - INFO - Feedback: R2 score is low. Consider adding more features or using a different model.
2025-05-02 10:24:22,710 - __main__ - INFO - Sample Actual vs Predicted:
Actual: [606.91259868 608.41301958 617.17928578 603.47712338 598.50561281]
Predicted: [612.76996233 606.77567314 624.81862709 621.44818605 595.73646639]
2025-05-02 10:24:22,712 - __main__ - INFO - Logged 18 prediction errors for feedback loop
2025-05-02 10:24:22,765 - __main__ - INFO - Generated 7 future predictions
2025-05-02 10:24:23,002 - __main__ - INFO - Plot saved as nabil_stock_predictions_HBL.png
2025-05-02 10:24:23,002 - __main__ - INFO - Saved feedback log to feedback_log_HBL.csv
2025-05-02 10:24:23,006 - __main__ - INFO - DataFrame columns before saving for HBL: ['Date', 'Open', 'High', 'Low', 'Close', 'Volume', 'Daily_Return', 'MA5', 'MA20', 'Volatility', 'P_E_Ratio', 'combined_sentiment', 'Sentiment_Lag1', 'Sentiment_Trend', 'Predicted_Close']
2025-05-02 10:24:23,006 - __main__ - INFO - Number of columns: 15
2025-05-02 10:24:23,006 - __main__ - INFO - DataFrame shape: (97, 15)
2025-05-02 10:24:23,012 - __main__ - INFO - Saved combined data with predictions for HBL to combined_data_with_predictions_HBL.csv
2025-05-02 10:24:23,012 - __main__ - INFO - Prediction engine completed successfully for HBL
2025-05-02 10:24:23,016 - __main__ - INFO - Starting Sentimetrics AI prediction engine for EBL
2025-05-02 10:24:23,036 - __main__ - INFO - Loaded combined data for EBL with 90 rows
2025-05-02 10:24:23,042 - __main__ - INFO - Calculated technical indicators: RSI, MACD, and lagged Close prices
2025-05-02 10:24:23,042 - __main__ - INFO - Data preprocessing completed
2025-05-02 10:24:23,050 - __main__ - INFO - Training set size: 72, Testing set size: 18
2025-05-02 10:24:23,052 - __main__ - INFO - Test set Close price stats:
count     18.000000
mean     499.758172
std       13.548130
min      476.968430
25%      491.299884
50%      500.626846
75%      509.491602
max      522.988620
Name: Close, dtype: float64
2025-05-02 10:24:23,055 - cmdstanpy - DEBUG - cmd: where.exe tbb.dll
cwd: None
2025-05-02 10:24:23,111 - cmdstanpy - DEBUG - TBB already found in load path
2025-05-02 10:24:23,134 - cmdstanpy - DEBUG - input tempfile: C:\Users\hp\AppData\Local\Temp\tmpn7k3sd7_\0a_qiauv.json
2025-05-02 10:24:23,140 - cmdstanpy - DEBUG - input tempfile: C:\Users\hp\AppData\Local\Temp\tmpn7k3sd7_\zmsw99yt.json
2025-05-02 10:24:23,140 - cmdstanpy - DEBUG - idx 0
2025-05-02 10:24:23,140 - cmdstanpy - DEBUG - running CmdStan, num_threads: None
2025-05-02 10:24:23,140 - cmdstanpy - DEBUG - CmdStan args: ['C:\\Users\\hp\\AppData\\Roaming\\Python\\Python312\\site-packages\\prophet\\stan_model\\prophet_model.bin', 'random', 'seed=46969', 'data', 'file=C:\\Users\\hp\\AppData\\Local\\Temp\\tmpn7k3sd7_\\0a_qiauv.json', 'init=C:\\Users\\hp\\AppData\\Local\\Temp\\tmpn7k3sd7_\\zmsw99yt.json', 'output', 'file=C:\\Users\\hp\\AppData\\Local\\Temp\\tmpn7k3sd7_\\prophet_model7kimyow3\\prophet_model-20250502102423.csv', 'method=optimize', 'algorithm=newton', 'iter=10000']
2025-05-02 10:24:23,140 - cmdstanpy - INFO - Chain [1] start processing
2025-05-02 10:24:33,037 - cmdstanpy - INFO - Chain [1] done processing
2025-05-02 10:24:33,043 - __main__ - INFO - Prophet model trained successfully
2025-05-02 10:24:33,098 - __main__ - INFO - Performance Metrics:
2025-05-02 10:24:33,098 - __main__ - INFO - MSE: 84.80
2025-05-02 10:24:33,098 - __main__ - INFO - RMSE: 9.21
2025-05-02 10:24:33,098 - __main__ - INFO - MAE: 7.40
2025-05-02 10:24:33,098 - __main__ - INFO - R2 Score: 0.51
2025-05-02 10:24:33,098 - __main__ - INFO - Feedback: R2 score is low. Consider adding more features or using a different model.
2025-05-02 10:24:33,105 - __main__ - INFO - Sample Actual vs Predicted:
Actual: [522.98862013 504.91389655 515.87769891 517.59069989 510.5576049 ]
Predicted: [527.95437739 503.53292913 522.35246541 532.814647   508.21821403]
2025-05-02 10:24:33,105 - __main__ - INFO - Logged 18 prediction errors for feedback loop
2025-05-02 10:24:33,158 - __main__ - INFO - Generated 7 future predictions
2025-05-02 10:24:33,309 - __main__ - INFO - Plot saved as nabil_stock_predictions_EBL.png
2025-05-02 10:24:33,309 - __main__ - INFO - Saved feedback log to feedback_log_EBL.csv
2025-05-02 10:24:33,316 - __main__ - INFO - DataFrame columns before saving for EBL: ['Date', 'Open', 'High', 'Low', 'Close', 'Volume', 'Daily_Return', 'MA5', 'MA20', 'Volatility', 'P_E_Ratio', 'combined_sentiment', 'Sentiment_Lag1', 'Sentiment_Trend', 'Predicted_Close']
2025-05-02 10:24:33,316 - __main__ - INFO - Number of columns: 15
2025-05-02 10:24:33,316 - __main__ - INFO - DataFrame shape: (97, 15)
2025-05-02 10:24:33,320 - __main__ - INFO - Saved combined data with predictions for EBL to combined_data_with_predictions_EBL.csv
2025-05-02 10:24:33,320 - __main__ - INFO - Prediction engine completed successfully for EBL
2025-05-02 10:24:33,323 - __main__ - INFO - Starting Sentimetrics AI prediction engine for SCB
2025-05-02 10:24:33,346 - __main__ - INFO - Loaded combined data for SCB with 90 rows
2025-05-02 10:24:33,348 - __main__ - INFO - Calculated technical indicators: RSI, MACD, and lagged Close prices
2025-05-02 10:24:33,348 - __main__ - INFO - Data preprocessing completed
2025-05-02 10:24:33,357 - __main__ - INFO - Training set size: 72, Testing set size: 18
2025-05-02 10:24:33,360 - __main__ - INFO - Test set Close price stats:
count     18.000000
mean     491.208838
std       14.609443
min      466.044143
25%      482.350772
50%      489.967965
75%      498.260732
max      517.354207
Name: Close, dtype: float64
2025-05-02 10:24:33,364 - cmdstanpy - DEBUG - cmd: where.exe tbb.dll
cwd: None
2025-05-02 10:24:33,418 - cmdstanpy - DEBUG - TBB already found in load path
2025-05-02 10:24:33,443 - cmdstanpy - DEBUG - input tempfile: C:\Users\hp\AppData\Local\Temp\tmpn7k3sd7_\y8rtgkfb.json
2025-05-02 10:24:33,443 - cmdstanpy - DEBUG - input tempfile: C:\Users\hp\AppData\Local\Temp\tmpn7k3sd7_\f_ynky6c.json
2025-05-02 10:24:33,450 - cmdstanpy - DEBUG - idx 0
2025-05-02 10:24:33,450 - cmdstanpy - DEBUG - running CmdStan, num_threads: None
2025-05-02 10:24:33,450 - cmdstanpy - DEBUG - CmdStan args: ['C:\\Users\\hp\\AppData\\Roaming\\Python\\Python312\\site-packages\\prophet\\stan_model\\prophet_model.bin', 'random', 'seed=74109', 'data', 'file=C:\\Users\\hp\\AppData\\Local\\Temp\\tmpn7k3sd7_\\y8rtgkfb.json', 'init=C:\\Users\\hp\\AppData\\Local\\Temp\\tmpn7k3sd7_\\f_ynky6c.json', 'output', 'file=C:\\Users\\hp\\AppData\\Local\\Temp\\tmpn7k3sd7_\\prophet_modelihanwiuy\\prophet_model-20250502102433.csv', 'method=optimize', 'algorithm=newton', 'iter=10000']
2025-05-02 10:24:33,450 - cmdstanpy - INFO - Chain [1] start processing
2025-05-02 10:24:41,922 - cmdstanpy - INFO - Chain [1] done processing
2025-05-02 10:24:41,946 - __main__ - INFO - Prophet model trained successfully
2025-05-02 10:24:41,991 - __main__ - INFO - Performance Metrics:
2025-05-02 10:24:41,991 - __main__ - INFO - MSE: 81.95
2025-05-02 10:24:41,991 - __main__ - INFO - RMSE: 9.05
2025-05-02 10:24:41,991 - __main__ - INFO - MAE: 7.28
2025-05-02 10:24:41,991 - __main__ - INFO - R2 Score: 0.59
2025-05-02 10:24:41,999 - __main__ - INFO - Feedback: R2 score is low. Consider adding more features or using a different model.
2025-05-02 10:24:41,999 - __main__ - INFO - Sample Actual vs Predicted:
Actual: [492.15555029 485.15828918 481.41493321 466.04414309 478.39991098]
Predicted: [497.01679999 483.78139754 487.75938078 480.98809682 476.08098739]
2025-05-02 10:24:42,000 - __main__ - INFO - Logged 18 prediction errors for feedback loop
2025-05-02 10:24:42,051 - __main__ - INFO - Generated 7 future predictions
2025-05-02 10:24:42,193 - __main__ - INFO - Plot saved as nabil_stock_predictions_SCB.png
2025-05-02 10:24:42,193 - __main__ - INFO - Saved feedback log to feedback_log_SCB.csv
2025-05-02 10:24:42,193 - __main__ - INFO - DataFrame columns before saving for SCB: ['Date', 'Open', 'High', 'Low', 'Close', 'Volume', 'Daily_Return', 'MA5', 'MA20', 'Volatility', 'P_E_Ratio', 'combined_sentiment', 'Sentiment_Lag1', 'Sentiment_Trend', 'Predicted_Close']
2025-05-02 10:24:42,193 - __main__ - INFO - Number of columns: 15
2025-05-02 10:24:42,193 - __main__ - INFO - DataFrame shape: (97, 15)
2025-05-02 10:24:42,203 - __main__ - INFO - Saved combined data with predictions for SCB to combined_data_with_predictions_SCB.csv
2025-05-02 10:24:42,203 - __main__ - INFO - Prediction engine completed successfully for SCB
2025-05-02 10:24:42,208 - __main__ - INFO - Starting Sentimetrics AI prediction engine for KBL
2025-05-02 10:24:42,227 - __main__ - INFO - Loaded combined data for KBL with 90 rows
2025-05-02 10:24:42,227 - __main__ - INFO - Calculated technical indicators: RSI, MACD, and lagged Close prices
2025-05-02 10:24:42,236 - __main__ - INFO - Data preprocessing completed
2025-05-02 10:24:42,239 - __main__ - INFO - Training set size: 72, Testing set size: 18
2025-05-02 10:24:42,239 - __main__ - INFO - Test set Close price stats:
count     18.000000
mean     388.827096
std       30.702258
min      337.362508
25%      363.591177
50%      396.637469
75%      412.528750
max      433.991427
Name: Close, dtype: float64
2025-05-02 10:24:42,245 - cmdstanpy - DEBUG - cmd: where.exe tbb.dll
cwd: None
2025-05-02 10:24:42,290 - cmdstanpy - DEBUG - TBB already found in load path
2025-05-02 10:24:42,317 - cmdstanpy - DEBUG - input tempfile: C:\Users\hp\AppData\Local\Temp\tmpn7k3sd7_\uakq1swe.json
2025-05-02 10:24:42,328 - cmdstanpy - DEBUG - input tempfile: C:\Users\hp\AppData\Local\Temp\tmpn7k3sd7_\fjkhv445.json
2025-05-02 10:24:42,328 - cmdstanpy - DEBUG - idx 0
2025-05-02 10:24:42,328 - cmdstanpy - DEBUG - running CmdStan, num_threads: None
2025-05-02 10:24:42,328 - cmdstanpy - DEBUG - CmdStan args: ['C:\\Users\\hp\\AppData\\Roaming\\Python\\Python312\\site-packages\\prophet\\stan_model\\prophet_model.bin', 'random', 'seed=54514', 'data', 'file=C:\\Users\\hp\\AppData\\Local\\Temp\\tmpn7k3sd7_\\uakq1swe.json', 'init=C:\\Users\\hp\\AppData\\Local\\Temp\\tmpn7k3sd7_\\fjkhv445.json', 'output', 'file=C:\\Users\\hp\\AppData\\Local\\Temp\\tmpn7k3sd7_\\prophet_modelaazols68\\prophet_model-20250502102442.csv', 'method=optimize', 'algorithm=newton', 'iter=10000']
2025-05-02 10:24:42,328 - cmdstanpy - INFO - Chain [1] start processing
2025-05-02 10:24:59,471 - cmdstanpy - INFO - Chain [1] done processing
2025-05-02 10:24:59,492 - __main__ - INFO - Prophet model trained successfully
2025-05-02 10:24:59,528 - __main__ - INFO - Performance Metrics:
2025-05-02 10:24:59,528 - __main__ - INFO - MSE: 51.33
2025-05-02 10:24:59,528 - __main__ - INFO - RMSE: 7.16
2025-05-02 10:24:59,528 - __main__ - INFO - MAE: 5.76
2025-05-02 10:24:59,528 - __main__ - INFO - R2 Score: 0.94
2025-05-02 10:24:59,528 - __main__ - INFO - Sample Actual vs Predicted:
Actual: [337.36250797 346.45802526 356.82381667 349.70610499 363.19553382]
Predicted: [341.2265437  345.38412041 361.86190242 361.55132235 361.37593617]
2025-05-02 10:24:59,528 - __main__ - INFO - Logged 18 prediction errors for feedback loop
2025-05-02 10:24:59,581 - __main__ - INFO - Generated 7 future predictions
2025-05-02 10:24:59,733 - __main__ - INFO - Plot saved as nabil_stock_predictions_KBL.png
2025-05-02 10:24:59,733 - __main__ - INFO - Saved feedback log to feedback_log_KBL.csv
2025-05-02 10:24:59,739 - __main__ - INFO - DataFrame columns before saving for KBL: ['Date', 'Open', 'High', 'Low', 'Close', 'Volume', 'Daily_Return', 'MA5', 'MA20', 'Volatility', 'P_E_Ratio', 'combined_sentiment', 'Sentiment_Lag1', 'Sentiment_Trend', 'Predicted_Close']
2025-05-02 10:24:59,741 - __main__ - INFO - Number of columns: 15
2025-05-02 10:24:59,741 - __main__ - INFO - DataFrame shape: (97, 15)
2025-05-02 10:24:59,746 - __main__ - INFO - Saved combined data with predictions for KBL to combined_data_with_predictions_KBL.csv
2025-05-02 10:24:59,746 - __main__ - INFO - Prediction engine completed successfully for KBL
2025-05-02 10:24:59,748 - __main__ - INFO - Starting Sentimetrics AI prediction engine for NMB
2025-05-02 10:24:59,770 - __main__ - INFO - Loaded combined data for NMB with 90 rows
2025-05-02 10:24:59,774 - __main__ - INFO - Calculated technical indicators: RSI, MACD, and lagged Close prices
2025-05-02 10:24:59,775 - __main__ - INFO - Data preprocessing completed
2025-05-02 10:24:59,780 - __main__ - INFO - Training set size: 72, Testing set size: 18
2025-05-02 10:24:59,782 - __main__ - INFO - Test set Close price stats:
count     18.000000
mean     552.479665
std       11.442372
min      534.003717
25%      544.747923
50%      551.732427
75%      561.448073
max      569.964551
Name: Close, dtype: float64
2025-05-02 10:24:59,784 - cmdstanpy - DEBUG - cmd: where.exe tbb.dll
cwd: None
2025-05-02 10:24:59,840 - cmdstanpy - DEBUG - TBB already found in load path
2025-05-02 10:24:59,867 - cmdstanpy - DEBUG - input tempfile: C:\Users\hp\AppData\Local\Temp\tmpn7k3sd7_\x6ri6yod.json
2025-05-02 10:24:59,870 - cmdstanpy - DEBUG - input tempfile: C:\Users\hp\AppData\Local\Temp\tmpn7k3sd7_\ttgr2a6e.json
2025-05-02 10:24:59,870 - cmdstanpy - DEBUG - idx 0
2025-05-02 10:24:59,875 - cmdstanpy - DEBUG - running CmdStan, num_threads: None
2025-05-02 10:24:59,875 - cmdstanpy - DEBUG - CmdStan args: ['C:\\Users\\hp\\AppData\\Roaming\\Python\\Python312\\site-packages\\prophet\\stan_model\\prophet_model.bin', 'random', 'seed=25844', 'data', 'file=C:\\Users\\hp\\AppData\\Local\\Temp\\tmpn7k3sd7_\\x6ri6yod.json', 'init=C:\\Users\\hp\\AppData\\Local\\Temp\\tmpn7k3sd7_\\ttgr2a6e.json', 'output', 'file=C:\\Users\\hp\\AppData\\Local\\Temp\\tmpn7k3sd7_\\prophet_modelxt896zn7\\prophet_model-20250502102459.csv', 'method=optimize', 'algorithm=newton', 'iter=10000']
2025-05-02 10:24:59,875 - cmdstanpy - INFO - Chain [1] start processing
2025-05-02 10:25:00,079 - cmdstanpy - INFO - Chain [1] done processing
2025-05-02 10:25:00,105 - __main__ - INFO - Prophet model trained successfully
2025-05-02 10:25:00,165 - __main__ - INFO - Performance Metrics:
2025-05-02 10:25:00,165 - __main__ - INFO - MSE: 227.75
2025-05-02 10:25:00,165 - __main__ - INFO - RMSE: 15.09
2025-05-02 10:25:00,165 - __main__ - INFO - MAE: 12.21
2025-05-02 10:25:00,165 - __main__ - INFO - R2 Score: -0.84
2025-05-02 10:25:00,165 - __main__ - INFO - Feedback: R2 score is low. Consider adding more features or using a different model.
2025-05-02 10:25:00,165 - __main__ - INFO - Sample Actual vs Predicted:
Actual: [562.15334582 551.26322936 549.73825517 569.96455149 568.44277368]
Predicted: [567.49432961 549.61386394 556.20614658 584.43553966 562.3974782 ]
2025-05-02 10:25:00,180 - __main__ - INFO - Logged 18 prediction errors for feedback loop
2025-05-02 10:25:00,223 - __main__ - INFO - Generated 7 future predictions
2025-05-02 10:25:00,388 - __main__ - INFO - Plot saved as nabil_stock_predictions_NMB.png
2025-05-02 10:25:00,388 - __main__ - INFO - Saved feedback log to feedback_log_NMB.csv
2025-05-02 10:25:00,388 - __main__ - INFO - DataFrame columns before saving for NMB: ['Date', 'Open', 'High', 'Low', 'Close', 'Volume', 'Daily_Return', 'MA5', 'MA20', 'Volatility', 'P_E_Ratio', 'combined_sentiment', 'Sentiment_Lag1', 'Sentiment_Trend', 'Predicted_Close']
2025-05-02 10:25:00,394 - __main__ - INFO - Number of columns: 15
2025-05-02 10:25:00,394 - __main__ - INFO - DataFrame shape: (97, 15)
2025-05-02 10:25:00,395 - __main__ - INFO - Saved combined data with predictions for NMB to combined_data_with_predictions_NMB.csv
2025-05-02 10:25:00,395 - __main__ - INFO - Prediction engine completed successfully for NMB
2025-05-02 10:25:00,395 - __main__ - INFO - Starting Sentimetrics AI prediction engine for GBIME
2025-05-02 10:25:00,402 - __main__ - INFO - Loaded combined data for GBIME with 90 rows
2025-05-02 10:25:00,405 - __main__ - INFO - Calculated technical indicators: RSI, MACD, and lagged Close prices
2025-05-02 10:25:00,406 - __main__ - INFO - Data preprocessing completed
2025-05-02 10:25:00,412 - __main__ - INFO - Training set size: 72, Testing set size: 18
2025-05-02 10:25:00,414 - __main__ - INFO - Test set Close price stats:
count     18.000000
mean     513.886487
std       22.024849
min      472.647761
25%      506.307387
50%      512.022619
75%      525.976597
max      553.139322
Name: Close, dtype: float64
2025-05-02 10:25:00,414 - cmdstanpy - DEBUG - cmd: where.exe tbb.dll
cwd: None
2025-05-02 10:25:00,475 - cmdstanpy - DEBUG - TBB already found in load path
2025-05-02 10:25:00,502 - cmdstanpy - DEBUG - input tempfile: C:\Users\hp\AppData\Local\Temp\tmpn7k3sd7_\fvdagq5y.json
2025-05-02 10:25:00,507 - cmdstanpy - DEBUG - input tempfile: C:\Users\hp\AppData\Local\Temp\tmpn7k3sd7_\yp6v2usn.json
2025-05-02 10:25:00,511 - cmdstanpy - DEBUG - idx 0
2025-05-02 10:25:00,511 - cmdstanpy - DEBUG - running CmdStan, num_threads: None
2025-05-02 10:25:00,511 - cmdstanpy - DEBUG - CmdStan args: ['C:\\Users\\hp\\AppData\\Roaming\\Python\\Python312\\site-packages\\prophet\\stan_model\\prophet_model.bin', 'random', 'seed=65358', 'data', 'file=C:\\Users\\hp\\AppData\\Local\\Temp\\tmpn7k3sd7_\\fvdagq5y.json', 'init=C:\\Users\\hp\\AppData\\Local\\Temp\\tmpn7k3sd7_\\yp6v2usn.json', 'output', 'file=C:\\Users\\hp\\AppData\\Local\\Temp\\tmpn7k3sd7_\\prophet_modellg64_gzz\\prophet_model-20250502102500.csv', 'method=optimize', 'algorithm=newton', 'iter=10000']
2025-05-02 10:25:00,511 - cmdstanpy - INFO - Chain [1] start processing
2025-05-02 10:25:33,328 - cmdstanpy - INFO - Chain [1] done processing
2025-05-02 10:25:33,359 - __main__ - INFO - Prophet model trained successfully
2025-05-02 10:25:33,442 - __main__ - INFO - Performance Metrics:
2025-05-02 10:25:33,442 - __main__ - INFO - MSE: 89.66
2025-05-02 10:25:33,442 - __main__ - INFO - RMSE: 9.47
2025-05-02 10:25:33,442 - __main__ - INFO - MAE: 7.61
2025-05-02 10:25:33,442 - __main__ - INFO - R2 Score: 0.80
2025-05-02 10:25:33,444 - __main__ - INFO - Sample Actual vs Predicted:
Actual: [498.97160248 508.01147487 505.73935764 508.52911328 533.19852219]
Predicted: [504.07897475 506.59271332 512.39840617 524.18468429 530.79424735]
2025-05-02 10:25:33,445 - __main__ - INFO - Logged 18 prediction errors for feedback loop
2025-05-02 10:25:33,518 - __main__ - INFO - Generated 7 future predictions
2025-05-02 10:25:33,776 - __main__ - INFO - Plot saved as nabil_stock_predictions_GBIME.png
2025-05-02 10:25:33,780 - __main__ - INFO - Saved feedback log to feedback_log_GBIME.csv
2025-05-02 10:25:33,785 - __main__ - INFO - DataFrame columns before saving for GBIME: ['Date', 'Open', 'High', 'Low', 'Close', 'Volume', 'Daily_Return', 'MA5', 'MA20', 'Volatility', 'P_E_Ratio', 'combined_sentiment', 'Sentiment_Lag1', 'Sentiment_Trend', 'Predicted_Close']
2025-05-02 10:25:33,785 - __main__ - INFO - Number of columns: 15
2025-05-02 10:25:33,785 - __main__ - INFO - DataFrame shape: (97, 15)
2025-05-02 10:25:33,797 - __main__ - INFO - Saved combined data with predictions for GBIME to combined_data_with_predictions_GBIME.csv
2025-05-02 10:25:33,797 - __main__ - INFO - Prediction engine completed successfully for GBIME
2025-05-02 10:25:33,797 - __main__ - INFO - Starting Sentimetrics AI prediction engine for NICA
2025-05-02 10:25:33,827 - __main__ - INFO - Loaded combined data for NICA with 90 rows
2025-05-02 10:25:33,839 - __main__ - INFO - Calculated technical indicators: RSI, MACD, and lagged Close prices
2025-05-02 10:25:33,843 - __main__ - INFO - Data preprocessing completed
2025-05-02 10:25:33,850 - __main__ - INFO - Training set size: 72, Testing set size: 18
2025-05-02 10:25:33,854 - __main__ - INFO - Test set Close price stats:
count     18.000000
mean     417.543398
std       32.074638
min      369.710618
25%      388.348416
50%      415.432336
75%      443.670340
max      470.465177
Name: Close, dtype: float64
2025-05-02 10:25:33,857 - cmdstanpy - DEBUG - cmd: where.exe tbb.dll
cwd: None
2025-05-02 10:25:33,928 - cmdstanpy - DEBUG - TBB already found in load path
2025-05-02 10:25:33,972 - cmdstanpy - DEBUG - input tempfile: C:\Users\hp\AppData\Local\Temp\tmpn7k3sd7_\5xiwk3kr.json
2025-05-02 10:25:33,983 - cmdstanpy - DEBUG - input tempfile: C:\Users\hp\AppData\Local\Temp\tmpn7k3sd7_\a56xghif.json
2025-05-02 10:25:33,986 - cmdstanpy - DEBUG - idx 0
2025-05-02 10:25:33,986 - cmdstanpy - DEBUG - running CmdStan, num_threads: None
2025-05-02 10:25:33,986 - cmdstanpy - DEBUG - CmdStan args: ['C:\\Users\\hp\\AppData\\Roaming\\Python\\Python312\\site-packages\\prophet\\stan_model\\prophet_model.bin', 'random', 'seed=25033', 'data', 'file=C:\\Users\\hp\\AppData\\Local\\Temp\\tmpn7k3sd7_\\5xiwk3kr.json', 'init=C:\\Users\\hp\\AppData\\Local\\Temp\\tmpn7k3sd7_\\a56xghif.json', 'output', 'file=C:\\Users\\hp\\AppData\\Local\\Temp\\tmpn7k3sd7_\\prophet_modelv8wigs9f\\prophet_model-20250502102533.csv', 'method=optimize', 'algorithm=newton', 'iter=10000']
2025-05-02 10:25:33,986 - cmdstanpy - INFO - Chain [1] start processing
2025-05-02 10:25:55,337 - cmdstanpy - INFO - Chain [1] done processing
2025-05-02 10:25:55,353 - __main__ - INFO - Prophet model trained successfully
2025-05-02 10:25:55,402 - __main__ - INFO - Performance Metrics:
2025-05-02 10:25:55,402 - __main__ - INFO - MSE: 59.20
2025-05-02 10:25:55,402 - __main__ - INFO - RMSE: 7.69
2025-05-02 10:25:55,402 - __main__ - INFO - MAE: 6.18
2025-05-02 10:25:55,402 - __main__ - INFO - R2 Score: 0.94
2025-05-02 10:25:55,402 - __main__ - INFO - Sample Actual vs Predicted:
Actual: [464.49262587 470.46517713 455.64460917 448.01491053 442.63827992]
Predicted: [468.64078871 469.31072091 461.05353594 460.7336943  440.68305659]
2025-05-02 10:25:55,402 - __main__ - INFO - Logged 18 prediction errors for feedback loop
2025-05-02 10:25:55,453 - __main__ - INFO - Generated 7 future predictions
2025-05-02 10:25:55,623 - __main__ - INFO - Plot saved as nabil_stock_predictions_NICA.png
2025-05-02 10:25:55,625 - __main__ - INFO - Saved feedback log to feedback_log_NICA.csv
2025-05-02 10:25:55,625 - __main__ - INFO - DataFrame columns before saving for NICA: ['Date', 'Open', 'High', 'Low', 'Close', 'Volume', 'Daily_Return', 'MA5', 'MA20', 'Volatility', 'P_E_Ratio', 'combined_sentiment', 'Sentiment_Lag1', 'Sentiment_Trend', 'Predicted_Close']
2025-05-02 10:25:55,625 - __main__ - INFO - Number of columns: 15
2025-05-02 10:25:55,625 - __main__ - INFO - DataFrame shape: (97, 15)
2025-05-02 10:25:55,633 - __main__ - INFO - Saved combined data with predictions for NICA to combined_data_with_predictions_NICA.csv
2025-05-02 10:25:55,633 - __main__ - INFO - Prediction engine completed successfully for NICA
2025-05-02 10:25:55,633 - __main__ - INFO - Starting Sentimetrics AI prediction engine for PRVU
2025-05-02 10:25:55,652 - __main__ - INFO - Loaded combined data for PRVU with 90 rows
2025-05-02 10:25:55,663 - __main__ - INFO - Calculated technical indicators: RSI, MACD, and lagged Close prices
2025-05-02 10:25:55,663 - __main__ - INFO - Data preprocessing completed
2025-05-02 10:25:55,663 - __main__ - INFO - Training set size: 72, Testing set size: 18
2025-05-02 10:25:55,671 - __main__ - INFO - Test set Close price stats:
count     18.000000
mean     493.650567
std       43.630676
min      404.566128
25%      458.678663
50%      502.914405
75%      534.588279
max      540.897239
Name: Close, dtype: float64
2025-05-02 10:25:55,671 - cmdstanpy - DEBUG - cmd: where.exe tbb.dll
cwd: None
2025-05-02 10:25:55,726 - cmdstanpy - DEBUG - TBB already found in load path
2025-05-02 10:25:55,746 - cmdstanpy - DEBUG - input tempfile: C:\Users\hp\AppData\Local\Temp\tmpn7k3sd7_\3fe0jgdf.json
2025-05-02 10:25:55,754 - cmdstanpy - DEBUG - input tempfile: C:\Users\hp\AppData\Local\Temp\tmpn7k3sd7_\e8ndrzxi.json
2025-05-02 10:25:55,759 - cmdstanpy - DEBUG - idx 0
2025-05-02 10:25:55,759 - cmdstanpy - DEBUG - running CmdStan, num_threads: None
2025-05-02 10:25:55,759 - cmdstanpy - DEBUG - CmdStan args: ['C:\\Users\\hp\\AppData\\Roaming\\Python\\Python312\\site-packages\\prophet\\stan_model\\prophet_model.bin', 'random', 'seed=2155', 'data', 'file=C:\\Users\\hp\\AppData\\Local\\Temp\\tmpn7k3sd7_\\3fe0jgdf.json', 'init=C:\\Users\\hp\\AppData\\Local\\Temp\\tmpn7k3sd7_\\e8ndrzxi.json', 'output', 'file=C:\\Users\\hp\\AppData\\Local\\Temp\\tmpn7k3sd7_\\prophet_modelii7q3vna\\prophet_model-20250502102555.csv', 'method=optimize', 'algorithm=newton', 'iter=10000']
2025-05-02 10:25:55,759 - cmdstanpy - INFO - Chain [1] start processing
2025-05-02 10:26:19,663 - cmdstanpy - INFO - Chain [1] done processing
2025-05-02 10:26:19,687 - __main__ - INFO - Prophet model trained successfully
2025-05-02 10:26:19,738 - __main__ - INFO - Performance Metrics:
2025-05-02 10:26:19,739 - __main__ - INFO - MSE: 82.74
2025-05-02 10:26:19,739 - __main__ - INFO - RMSE: 9.10
2025-05-02 10:26:19,739 - __main__ - INFO - MAE: 7.31
2025-05-02 10:26:19,739 - __main__ - INFO - R2 Score: 0.95
2025-05-02 10:26:19,739 - __main__ - INFO - Sample Actual vs Predicted:
Actual: [404.56612754 433.99712503 440.56289364 453.6162269  458.26170155]
Predicted: [409.47046604 432.63229897 446.9577855  468.65336683 455.95014915]
2025-05-02 10:26:19,739 - __main__ - INFO - Logged 18 prediction errors for feedback loop
2025-05-02 10:26:19,778 - __main__ - INFO - Generated 7 future predictions
2025-05-02 10:26:19,932 - __main__ - INFO - Plot saved as nabil_stock_predictions_PRVU.png
2025-05-02 10:26:19,932 - __main__ - INFO - Saved feedback log to feedback_log_PRVU.csv
2025-05-02 10:26:19,932 - __main__ - INFO - DataFrame columns before saving for PRVU: ['Date', 'Open', 'High', 'Low', 'Close', 'Volume', 'Daily_Return', 'MA5', 'MA20', 'Volatility', 'P_E_Ratio', 'combined_sentiment', 'Sentiment_Lag1', 'Sentiment_Trend', 'Predicted_Close']
2025-05-02 10:26:19,932 - __main__ - INFO - Number of columns: 15
2025-05-02 10:26:19,932 - __main__ - INFO - DataFrame shape: (97, 15)
2025-05-02 10:26:19,943 - __main__ - INFO - Saved combined data with predictions for PRVU to combined_data_with_predictions_PRVU.csv
2025-05-02 10:26:19,943 - __main__ - INFO - Prediction engine completed successfully for PRVU
2025-05-02 10:26:19,946 - __main__ - INFO - Starting Sentimetrics AI prediction engine for SBI
2025-05-02 10:26:19,967 - __main__ - INFO - Loaded combined data for SBI with 90 rows
2025-05-02 10:26:19,973 - __main__ - INFO - Calculated technical indicators: RSI, MACD, and lagged Close prices
2025-05-02 10:26:19,975 - __main__ - INFO - Data preprocessing completed
2025-05-02 10:26:19,977 - __main__ - INFO - Training set size: 72, Testing set size: 18
2025-05-02 10:26:19,982 - __main__ - INFO - Test set Close price stats:
count     18.000000
mean     485.946101
std       14.511379
min      465.171849
25%      475.282225
50%      483.981618
75%      493.947173
max      518.990750
Name: Close, dtype: float64
2025-05-02 10:26:19,989 - cmdstanpy - DEBUG - cmd: where.exe tbb.dll
cwd: None
2025-05-02 10:26:20,046 - cmdstanpy - DEBUG - TBB already found in load path
2025-05-02 10:26:20,069 - cmdstanpy - DEBUG - input tempfile: C:\Users\hp\AppData\Local\Temp\tmpn7k3sd7_\pwqk7z6o.json
2025-05-02 10:26:20,077 - cmdstanpy - DEBUG - input tempfile: C:\Users\hp\AppData\Local\Temp\tmpn7k3sd7_\e9rmx0g9.json
2025-05-02 10:26:20,079 - cmdstanpy - DEBUG - idx 0
2025-05-02 10:26:20,079 - cmdstanpy - DEBUG - running CmdStan, num_threads: None
2025-05-02 10:26:20,079 - cmdstanpy - DEBUG - CmdStan args: ['C:\\Users\\hp\\AppData\\Roaming\\Python\\Python312\\site-packages\\prophet\\stan_model\\prophet_model.bin', 'random', 'seed=41359', 'data', 'file=C:\\Users\\hp\\AppData\\Local\\Temp\\tmpn7k3sd7_\\pwqk7z6o.json', 'init=C:\\Users\\hp\\AppData\\Local\\Temp\\tmpn7k3sd7_\\e9rmx0g9.json', 'output', 'file=C:\\Users\\hp\\AppData\\Local\\Temp\\tmpn7k3sd7_\\prophet_modeljwzwxm39\\prophet_model-20250502102620.csv', 'method=optimize', 'algorithm=newton', 'iter=10000']
2025-05-02 10:26:20,079 - cmdstanpy - INFO - Chain [1] start processing
2025-05-02 10:26:43,095 - cmdstanpy - INFO - Chain [1] done processing
2025-05-02 10:26:43,119 - __main__ - INFO - Prophet model trained successfully
2025-05-02 10:26:43,152 - __main__ - INFO - Performance Metrics:
2025-05-02 10:26:43,152 - __main__ - INFO - MSE: 80.18
2025-05-02 10:26:43,152 - __main__ - INFO - RMSE: 8.95
2025-05-02 10:26:43,152 - __main__ - INFO - MAE: 7.20
2025-05-02 10:26:43,152 - __main__ - INFO - R2 Score: 0.60
2025-05-02 10:26:43,152 - __main__ - INFO - Feedback: R2 score is low. Consider adding more features or using a different model.
2025-05-02 10:26:43,152 - __main__ - INFO - Sample Actual vs Predicted:
Actual: [485.12951896 475.73364483 484.46486859 474.45977396 475.13175132]
Predicted: [489.95691092 474.38973701 490.75956927 489.26185538 472.85590549]
2025-05-02 10:26:43,152 - __main__ - INFO - Logged 18 prediction errors for feedback loop
2025-05-02 10:26:43,209 - __main__ - INFO - Generated 7 future predictions
2025-05-02 10:26:43,362 - __main__ - INFO - Plot saved as nabil_stock_predictions_SBI.png
2025-05-02 10:26:43,362 - __main__ - INFO - Saved feedback log to feedback_log_SBI.csv
2025-05-02 10:26:43,362 - __main__ - INFO - DataFrame columns before saving for SBI: ['Date', 'Open', 'High', 'Low', 'Close', 'Volume', 'Daily_Return', 'MA5', 'MA20', 'Volatility', 'P_E_Ratio', 'combined_sentiment', 'Sentiment_Lag1', 'Sentiment_Trend', 'Predicted_Close']
2025-05-02 10:26:43,362 - __main__ - INFO - Number of columns: 15
2025-05-02 10:26:43,362 - __main__ - INFO - DataFrame shape: (97, 15)
2025-05-02 10:26:43,374 - __main__ - INFO - Saved combined data with predictions for SBI to combined_data_with_predictions_SBI.csv
2025-05-02 10:26:43,376 - __main__ - INFO - Prediction engine completed successfully for SBI
2025-05-02 10:26:43,377 - __main__ - INFO - Starting Sentimetrics AI prediction engine for ADBL
2025-05-02 10:26:43,382 - __main__ - INFO - Loaded combined data for ADBL with 90 rows
2025-05-02 10:26:43,387 - __main__ - INFO - Calculated technical indicators: RSI, MACD, and lagged Close prices
2025-05-02 10:26:43,389 - __main__ - INFO - Data preprocessing completed
2025-05-02 10:26:43,393 - __main__ - INFO - Training set size: 72, Testing set size: 18
2025-05-02 10:26:43,396 - __main__ - INFO - Test set Close price stats:
count     18.000000
mean     533.117866
std       31.652122
min      496.192812
25%      509.870401
50%      521.973065
75%      546.559114
max      592.563488
Name: Close, dtype: float64
2025-05-02 10:26:43,399 - cmdstanpy - DEBUG - cmd: where.exe tbb.dll
cwd: None
2025-05-02 10:26:43,455 - cmdstanpy - DEBUG - TBB already found in load path
2025-05-02 10:26:43,471 - cmdstanpy - DEBUG - input tempfile: C:\Users\hp\AppData\Local\Temp\tmpn7k3sd7_\taf6xzwx.json
2025-05-02 10:26:43,480 - cmdstanpy - DEBUG - input tempfile: C:\Users\hp\AppData\Local\Temp\tmpn7k3sd7_\b7dqcps_.json
2025-05-02 10:26:43,484 - cmdstanpy - DEBUG - idx 0
2025-05-02 10:26:43,484 - cmdstanpy - DEBUG - running CmdStan, num_threads: None
2025-05-02 10:26:43,484 - cmdstanpy - DEBUG - CmdStan args: ['C:\\Users\\hp\\AppData\\Roaming\\Python\\Python312\\site-packages\\prophet\\stan_model\\prophet_model.bin', 'random', 'seed=48086', 'data', 'file=C:\\Users\\hp\\AppData\\Local\\Temp\\tmpn7k3sd7_\\taf6xzwx.json', 'init=C:\\Users\\hp\\AppData\\Local\\Temp\\tmpn7k3sd7_\\b7dqcps_.json', 'output', 'file=C:\\Users\\hp\\AppData\\Local\\Temp\\tmpn7k3sd7_\\prophet_modelsb3yy3jl\\prophet_model-20250502102643.csv', 'method=optimize', 'algorithm=newton', 'iter=10000']
2025-05-02 10:26:43,484 - cmdstanpy - INFO - Chain [1] start processing
2025-05-02 10:26:51,137 - cmdstanpy - INFO - Chain [1] done processing
2025-05-02 10:26:51,160 - __main__ - INFO - Prophet model trained successfully
2025-05-02 10:26:51,207 - __main__ - INFO - Performance Metrics:
2025-05-02 10:26:51,211 - __main__ - INFO - MSE: 96.50
2025-05-02 10:26:51,211 - __main__ - INFO - RMSE: 9.82
2025-05-02 10:26:51,211 - __main__ - INFO - MAE: 7.90
2025-05-02 10:26:51,211 - __main__ - INFO - R2 Score: 0.90
2025-05-02 10:26:51,211 - __main__ - INFO - Sample Actual vs Predicted:
Actual: [539.37876561 521.04860419 516.67194811 518.81574998 506.81825833]
Predicted: [544.67565636 519.57511949 523.57857144 535.0555762  504.32236364]
2025-05-02 10:26:51,211 - __main__ - INFO - Logged 18 prediction errors for feedback loop
2025-05-02 10:26:51,254 - __main__ - INFO - Generated 7 future predictions
2025-05-02 10:26:51,405 - __main__ - INFO - Plot saved as nabil_stock_predictions_ADBL.png
2025-05-02 10:26:51,405 - __main__ - INFO - Saved feedback log to feedback_log_ADBL.csv
2025-05-02 10:26:51,411 - __main__ - INFO - DataFrame columns before saving for ADBL: ['Date', 'Open', 'High', 'Low', 'Close', 'Volume', 'Daily_Return', 'MA5', 'MA20', 'Volatility', 'P_E_Ratio', 'combined_sentiment', 'Sentiment_Lag1', 'Sentiment_Trend', 'Predicted_Close']
2025-05-02 10:26:51,411 - __main__ - INFO - Number of columns: 15
2025-05-02 10:26:51,411 - __main__ - INFO - DataFrame shape: (97, 15)
2025-05-02 10:26:51,416 - __main__ - INFO - Saved combined data with predictions for ADBL to combined_data_with_predictions_ADBL.csv
2025-05-02 10:26:51,417 - __main__ - INFO - Prediction engine completed successfully for ADBL
2025-05-02 18:58:45,462 - __main__ - INFO - Starting Sentimetrics AI prediction engine for NABIL
2025-05-02 18:58:45,484 - __main__ - INFO - Loaded combined data for NABIL with 90 rows
2025-05-02 18:58:45,488 - __main__ - INFO - Calculated technical indicators: RSI, MACD, and lagged Close prices
2025-05-02 18:58:45,493 - __main__ - INFO - Data preprocessing completed
2025-05-02 18:58:45,500 - __main__ - INFO - Training set size: 72, Testing set size: 18
2025-05-02 18:58:45,505 - __main__ - INFO - Test set Close price stats:
count     18.000000
mean     564.411212
std       21.509604
min      522.760121
25%      557.926596
50%      562.415878
75%      577.212552
max      600.000000
Name: Close, dtype: float64
2025-05-02 18:58:45,577 - cmdstanpy - DEBUG - cmd: where.exe tbb.dll
cwd: None
2025-05-02 18:58:45,638 - cmdstanpy - DEBUG - Adding TBB (C:\Users\hp\AppData\Roaming\Python\Python312\site-packages\prophet\stan_model\cmdstan-2.33.1\stan\lib\stan_math\lib\tbb) to PATH
2025-05-02 18:58:45,672 - cmdstanpy - DEBUG - input tempfile: C:\Users\hp\AppData\Local\Temp\tmpq9j5jlpu\8drf52mt.json
2025-05-02 18:58:45,679 - cmdstanpy - DEBUG - input tempfile: C:\Users\hp\AppData\Local\Temp\tmpq9j5jlpu\f9s4zy40.json
2025-05-02 18:58:45,683 - cmdstanpy - DEBUG - idx 0
2025-05-02 18:58:45,683 - cmdstanpy - DEBUG - running CmdStan, num_threads: None
2025-05-02 18:58:45,683 - cmdstanpy - DEBUG - CmdStan args: ['C:\\Users\\hp\\AppData\\Roaming\\Python\\Python312\\site-packages\\prophet\\stan_model\\prophet_model.bin', 'random', 'seed=49694', 'data', 'file=C:\\Users\\hp\\AppData\\Local\\Temp\\tmpq9j5jlpu\\8drf52mt.json', 'init=C:\\Users\\hp\\AppData\\Local\\Temp\\tmpq9j5jlpu\\f9s4zy40.json', 'output', 'file=C:\\Users\\hp\\AppData\\Local\\Temp\\tmpq9j5jlpu\\prophet_modelj4ol6i_r\\prophet_model-20250502185845.csv', 'method=optimize', 'algorithm=newton', 'iter=10000']
2025-05-02 18:58:45,683 - cmdstanpy - INFO - Chain [1] start processing
2025-05-02 18:58:51,626 - cmdstanpy - INFO - Chain [1] done processing
2025-05-02 18:58:51,650 - __main__ - INFO - Prophet model trained successfully
2025-05-02 18:58:51,692 - __main__ - INFO - Performance Metrics:
2025-05-02 18:58:51,692 - __main__ - INFO - MSE: 108.16
2025-05-02 18:58:51,692 - __main__ - INFO - RMSE: 10.40
2025-05-02 18:58:51,692 - __main__ - INFO - MAE: 8.36
2025-05-02 18:58:51,692 - __main__ - INFO - R2 Score: 0.75
2025-05-02 18:58:51,702 - __main__ - INFO - Sample Actual vs Predicted:
Actual: [550.88171484 559.80922768 557.4247509  560.10214699 584.65919635]
Predicted: [556.49133285 558.25106655 564.73860165 577.29704685 582.01861797]
2025-05-02 18:58:51,702 - __main__ - INFO - Logged 18 prediction errors for feedback loop
2025-05-02 18:58:51,748 - __main__ - INFO - Generated 7 future predictions
2025-05-02 18:58:51,996 - __main__ - INFO - Plot saved as nabil_stock_predictions_NABIL.png
2025-05-02 18:58:52,014 - __main__ - INFO - Saved feedback log to feedback_log_NABIL.csv
2025-05-02 18:58:52,014 - __main__ - INFO - DataFrame columns before saving for NABIL: ['Date', 'Open', 'High', 'Low', 'Close', 'Volume', 'Daily_Return', 'MA5', 'MA20', 'Volatility', 'P_E_Ratio', 'combined_sentiment', 'Sentiment_Lag1', 'Sentiment_Trend', 'Predicted_Close']
2025-05-02 18:58:52,014 - __main__ - INFO - Number of columns: 15
2025-05-02 18:58:52,014 - __main__ - INFO - DataFrame shape: (97, 15)
2025-05-02 18:58:52,022 - __main__ - INFO - Saved combined data with predictions for NABIL to combined_data_with_predictions_NABIL.csv
2025-05-02 18:58:52,024 - __main__ - INFO - Prediction engine completed successfully for NABIL
2025-05-02 18:58:52,026 - __main__ - INFO - Starting Sentimetrics AI prediction engine for NRIC
2025-05-02 18:58:52,046 - __main__ - INFO - Loaded combined data for NRIC with 90 rows
2025-05-02 18:58:52,054 - __main__ - INFO - Calculated technical indicators: RSI, MACD, and lagged Close prices
2025-05-02 18:58:52,057 - __main__ - INFO - Data preprocessing completed
2025-05-02 18:58:52,060 - __main__ - INFO - Training set size: 72, Testing set size: 18
2025-05-02 18:58:52,060 - __main__ - INFO - Test set Close price stats:
count     18.000000
mean     489.021338
std       38.804405
min      411.614725
25%      464.246379
50%      493.342972
75%      517.817190
max      538.596287
Name: Close, dtype: float64
2025-05-02 18:58:52,066 - cmdstanpy - DEBUG - cmd: where.exe tbb.dll
cwd: None
2025-05-02 18:58:52,122 - cmdstanpy - DEBUG - TBB already found in load path
2025-05-02 18:58:52,147 - cmdstanpy - DEBUG - input tempfile: C:\Users\hp\AppData\Local\Temp\tmpq9j5jlpu\8bh_y4bg.json
2025-05-02 18:58:52,153 - cmdstanpy - DEBUG - input tempfile: C:\Users\hp\AppData\Local\Temp\tmpq9j5jlpu\b8s09j9n.json
2025-05-02 18:58:52,153 - cmdstanpy - DEBUG - idx 0
2025-05-02 18:58:52,153 - cmdstanpy - DEBUG - running CmdStan, num_threads: None
2025-05-02 18:58:52,153 - cmdstanpy - DEBUG - CmdStan args: ['C:\\Users\\hp\\AppData\\Roaming\\Python\\Python312\\site-packages\\prophet\\stan_model\\prophet_model.bin', 'random', 'seed=51500', 'data', 'file=C:\\Users\\hp\\AppData\\Local\\Temp\\tmpq9j5jlpu\\8bh_y4bg.json', 'init=C:\\Users\\hp\\AppData\\Local\\Temp\\tmpq9j5jlpu\\b8s09j9n.json', 'output', 'file=C:\\Users\\hp\\AppData\\Local\\Temp\\tmpq9j5jlpu\\prophet_modelj395xez5\\prophet_model-20250502185852.csv', 'method=optimize', 'algorithm=newton', 'iter=10000']
2025-05-02 18:58:52,153 - cmdstanpy - INFO - Chain [1] start processing
2025-05-02 18:59:17,276 - cmdstanpy - INFO - Chain [1] done processing
2025-05-02 18:59:17,299 - __main__ - INFO - Prophet model trained successfully
2025-05-02 18:59:17,344 - __main__ - INFO - Performance Metrics:
2025-05-02 18:59:17,344 - __main__ - INFO - MSE: 81.20
2025-05-02 18:59:17,344 - __main__ - INFO - RMSE: 9.01
2025-05-02 18:59:17,344 - __main__ - INFO - MAE: 7.24
2025-05-02 18:59:17,344 - __main__ - INFO - R2 Score: 0.94
2025-05-02 18:59:17,344 - __main__ - INFO - Sample Actual vs Predicted:
Actual: [459.42783336 484.01571758 492.30724116 494.37870236 524.27248988]
Predicted: [464.28604299 482.66356652 498.64204415 509.27471698 521.98250209]
2025-05-02 18:59:17,344 - __main__ - INFO - Logged 18 prediction errors for feedback loop
2025-05-02 18:59:17,399 - __main__ - INFO - Generated 7 future predictions
2025-05-02 18:59:17,548 - __main__ - INFO - Plot saved as nabil_stock_predictions_NRIC.png
2025-05-02 18:59:17,548 - __main__ - INFO - Saved feedback log to feedback_log_NRIC.csv
2025-05-02 18:59:17,548 - __main__ - INFO - DataFrame columns before saving for NRIC: ['Date', 'Open', 'High', 'Low', 'Close', 'Volume', 'Daily_Return', 'MA5', 'MA20', 'Volatility', 'P_E_Ratio', 'combined_sentiment', 'Sentiment_Lag1', 'Sentiment_Trend', 'Predicted_Close']
2025-05-02 18:59:17,548 - __main__ - INFO - Number of columns: 15
2025-05-02 18:59:17,548 - __main__ - INFO - DataFrame shape: (97, 15)
2025-05-02 18:59:17,557 - __main__ - INFO - Saved combined data with predictions for NRIC to combined_data_with_predictions_NRIC.csv
2025-05-02 18:59:17,557 - __main__ - INFO - Prediction engine completed successfully for NRIC
2025-05-02 18:59:17,557 - __main__ - INFO - Starting Sentimetrics AI prediction engine for SHIVM
2025-05-02 18:59:17,575 - __main__ - INFO - Loaded combined data for SHIVM with 90 rows
2025-05-02 18:59:17,584 - __main__ - INFO - Calculated technical indicators: RSI, MACD, and lagged Close prices
2025-05-02 18:59:17,586 - __main__ - INFO - Data preprocessing completed
2025-05-02 18:59:17,589 - __main__ - INFO - Training set size: 72, Testing set size: 18
2025-05-02 18:59:17,593 - __main__ - INFO - Test set Close price stats:
count     18.000000
mean     389.286608
std       45.538662
min      334.547557
25%      349.867284
50%      379.707293
75%      429.116383
max      466.742646
Name: Close, dtype: float64
2025-05-02 18:59:17,593 - cmdstanpy - DEBUG - cmd: where.exe tbb.dll
cwd: None
2025-05-02 18:59:17,648 - cmdstanpy - DEBUG - TBB already found in load path
2025-05-02 18:59:17,667 - cmdstanpy - DEBUG - input tempfile: C:\Users\hp\AppData\Local\Temp\tmpq9j5jlpu\1yt3_mgd.json
2025-05-02 18:59:17,672 - cmdstanpy - DEBUG - input tempfile: C:\Users\hp\AppData\Local\Temp\tmpq9j5jlpu\t87ez9mm.json
2025-05-02 18:59:17,679 - cmdstanpy - DEBUG - idx 0
2025-05-02 18:59:17,679 - cmdstanpy - DEBUG - running CmdStan, num_threads: None
2025-05-02 18:59:17,679 - cmdstanpy - DEBUG - CmdStan args: ['C:\\Users\\hp\\AppData\\Roaming\\Python\\Python312\\site-packages\\prophet\\stan_model\\prophet_model.bin', 'random', 'seed=58561', 'data', 'file=C:\\Users\\hp\\AppData\\Local\\Temp\\tmpq9j5jlpu\\1yt3_mgd.json', 'init=C:\\Users\\hp\\AppData\\Local\\Temp\\tmpq9j5jlpu\\t87ez9mm.json', 'output', 'file=C:\\Users\\hp\\AppData\\Local\\Temp\\tmpq9j5jlpu\\prophet_model0_fmxzv2\\prophet_model-20250502185917.csv', 'method=optimize', 'algorithm=newton', 'iter=10000']
2025-05-02 18:59:17,679 - cmdstanpy - INFO - Chain [1] start processing
2025-05-02 18:59:43,036 - cmdstanpy - INFO - Chain [1] done processing
2025-05-02 18:59:43,058 - __main__ - INFO - Prophet model trained successfully
2025-05-02 18:59:43,103 - __main__ - INFO - Performance Metrics:
2025-05-02 18:59:43,103 - __main__ - INFO - MSE: 51.45
2025-05-02 18:59:43,103 - __main__ - INFO - RMSE: 7.17
2025-05-02 18:59:43,103 - __main__ - INFO - MAE: 5.77
2025-05-02 18:59:43,103 - __main__ - INFO - R2 Score: 0.97
2025-05-02 18:59:43,103 - __main__ - INFO - Sample Actual vs Predicted:
Actual: [448.76882583 466.74264608 446.31648168 462.45901727 435.70129602]
Predicted: [452.63697123 465.66702153 451.3600729  474.31778354 433.87910099]
2025-05-02 18:59:43,108 - __main__ - INFO - Logged 18 prediction errors for feedback loop
2025-05-02 18:59:43,152 - __main__ - INFO - Generated 7 future predictions
2025-05-02 18:59:43,325 - __main__ - INFO - Plot saved as nabil_stock_predictions_SHIVM.png
2025-05-02 18:59:43,325 - __main__ - INFO - Saved feedback log to feedback_log_SHIVM.csv
2025-05-02 18:59:43,325 - __main__ - INFO - DataFrame columns before saving for SHIVM: ['Date', 'Open', 'High', 'Low', 'Close', 'Volume', 'Daily_Return', 'MA5', 'MA20', 'Volatility', 'P_E_Ratio', 'combined_sentiment', 'Sentiment_Lag1', 'Sentiment_Trend', 'Predicted_Close']
2025-05-02 18:59:43,325 - __main__ - INFO - Number of columns: 15
2025-05-02 18:59:43,325 - __main__ - INFO - DataFrame shape: (97, 15)
2025-05-02 18:59:43,335 - __main__ - INFO - Saved combined data with predictions for SHIVM to combined_data_with_predictions_SHIVM.csv
2025-05-02 18:59:43,335 - __main__ - INFO - Prediction engine completed successfully for SHIVM
2025-05-02 18:59:43,339 - __main__ - INFO - Starting Sentimetrics AI prediction engine for HBL
2025-05-02 18:59:43,366 - __main__ - INFO - Loaded combined data for HBL with 90 rows
2025-05-02 18:59:43,367 - __main__ - INFO - Calculated technical indicators: RSI, MACD, and lagged Close prices
2025-05-02 18:59:43,367 - __main__ - INFO - Data preprocessing completed
2025-05-02 18:59:43,375 - __main__ - INFO - Training set size: 72, Testing set size: 18
2025-05-02 18:59:43,375 - __main__ - INFO - Test set Close price stats:
count     18.000000
mean     611.548904
std       10.646350
min      583.349745
25%      606.824785
50%      612.729880
75%      617.711730
max      629.660967
Name: Close, dtype: float64
2025-05-02 18:59:43,379 - cmdstanpy - DEBUG - cmd: where.exe tbb.dll
cwd: None
2025-05-02 18:59:43,434 - cmdstanpy - DEBUG - TBB already found in load path
2025-05-02 18:59:43,457 - cmdstanpy - DEBUG - input tempfile: C:\Users\hp\AppData\Local\Temp\tmpq9j5jlpu\ctl4akvu.json
2025-05-02 18:59:43,460 - cmdstanpy - DEBUG - input tempfile: C:\Users\hp\AppData\Local\Temp\tmpq9j5jlpu\xk1dml1k.json
2025-05-02 18:59:43,460 - cmdstanpy - DEBUG - idx 0
2025-05-02 18:59:43,460 - cmdstanpy - DEBUG - running CmdStan, num_threads: None
2025-05-02 18:59:43,465 - cmdstanpy - DEBUG - CmdStan args: ['C:\\Users\\hp\\AppData\\Roaming\\Python\\Python312\\site-packages\\prophet\\stan_model\\prophet_model.bin', 'random', 'seed=72182', 'data', 'file=C:\\Users\\hp\\AppData\\Local\\Temp\\tmpq9j5jlpu\\ctl4akvu.json', 'init=C:\\Users\\hp\\AppData\\Local\\Temp\\tmpq9j5jlpu\\xk1dml1k.json', 'output', 'file=C:\\Users\\hp\\AppData\\Local\\Temp\\tmpq9j5jlpu\\prophet_model63vjye0n\\prophet_model-20250502185943.csv', 'method=optimize', 'algorithm=newton', 'iter=10000']
2025-05-02 18:59:43,465 - cmdstanpy - INFO - Chain [1] start processing
2025-05-02 18:59:55,969 - cmdstanpy - INFO - Chain [1] done processing
2025-05-02 18:59:56,009 - __main__ - INFO - Prophet model trained successfully
2025-05-02 18:59:56,060 - __main__ - INFO - Performance Metrics:
2025-05-02 18:59:56,060 - __main__ - INFO - MSE: 126.99
2025-05-02 18:59:56,060 - __main__ - INFO - RMSE: 11.27
2025-05-02 18:59:56,060 - __main__ - INFO - MAE: 9.06
2025-05-02 18:59:56,060 - __main__ - INFO - R2 Score: -0.19
2025-05-02 18:59:56,060 - __main__ - INFO - Feedback: R2 score is low. Consider adding more features or using a different model.
2025-05-02 18:59:56,060 - __main__ - INFO - Sample Actual vs Predicted:
Actual: [605.96453509 623.66640493 583.34974458 619.11385604 612.92549334]
Predicted: [612.03849974 621.97393115 591.27031308 637.74064263 610.06022114]
2025-05-02 18:59:56,060 - __main__ - INFO - Logged 18 prediction errors for feedback loop
2025-05-02 18:59:56,100 - __main__ - INFO - Generated 7 future predictions
2025-05-02 18:59:56,353 - __main__ - INFO - Plot saved as nabil_stock_predictions_HBL.png
2025-05-02 18:59:56,353 - __main__ - INFO - Saved feedback log to feedback_log_HBL.csv
2025-05-02 18:59:56,353 - __main__ - INFO - DataFrame columns before saving for HBL: ['Date', 'Open', 'High', 'Low', 'Close', 'Volume', 'Daily_Return', 'MA5', 'MA20', 'Volatility', 'P_E_Ratio', 'combined_sentiment', 'Sentiment_Lag1', 'Sentiment_Trend', 'Predicted_Close']
2025-05-02 18:59:56,353 - __main__ - INFO - Number of columns: 15
2025-05-02 18:59:56,353 - __main__ - INFO - DataFrame shape: (97, 15)
2025-05-02 18:59:56,365 - __main__ - INFO - Saved combined data with predictions for HBL to combined_data_with_predictions_HBL.csv
2025-05-02 18:59:56,365 - __main__ - INFO - Prediction engine completed successfully for HBL
2025-05-02 18:59:56,368 - __main__ - INFO - Starting Sentimetrics AI prediction engine for EBL
2025-05-02 18:59:56,391 - __main__ - INFO - Loaded combined data for EBL with 90 rows
2025-05-02 18:59:56,394 - __main__ - INFO - Calculated technical indicators: RSI, MACD, and lagged Close prices
2025-05-02 18:59:56,398 - __main__ - INFO - Data preprocessing completed
2025-05-02 18:59:56,398 - __main__ - INFO - Training set size: 72, Testing set size: 18
2025-05-02 18:59:56,404 - __main__ - INFO - Test set Close price stats:
count     18.000000
mean     514.910944
std       41.079870
min      441.962172
25%      490.097075
50%      533.486367
75%      543.875957
max      570.469420
Name: Close, dtype: float64
2025-05-02 18:59:56,407 - cmdstanpy - DEBUG - cmd: where.exe tbb.dll
cwd: None
2025-05-02 18:59:56,456 - cmdstanpy - DEBUG - TBB already found in load path
2025-05-02 18:59:56,479 - cmdstanpy - DEBUG - input tempfile: C:\Users\hp\AppData\Local\Temp\tmpq9j5jlpu\eewzwz51.json
2025-05-02 18:59:56,487 - cmdstanpy - DEBUG - input tempfile: C:\Users\hp\AppData\Local\Temp\tmpq9j5jlpu\e7xz1b1n.json
2025-05-02 18:59:56,489 - cmdstanpy - DEBUG - idx 0
2025-05-02 18:59:56,489 - cmdstanpy - DEBUG - running CmdStan, num_threads: None
2025-05-02 18:59:56,489 - cmdstanpy - DEBUG - CmdStan args: ['C:\\Users\\hp\\AppData\\Roaming\\Python\\Python312\\site-packages\\prophet\\stan_model\\prophet_model.bin', 'random', 'seed=29534', 'data', 'file=C:\\Users\\hp\\AppData\\Local\\Temp\\tmpq9j5jlpu\\eewzwz51.json', 'init=C:\\Users\\hp\\AppData\\Local\\Temp\\tmpq9j5jlpu\\e7xz1b1n.json', 'output', 'file=C:\\Users\\hp\\AppData\\Local\\Temp\\tmpq9j5jlpu\\prophet_model4oq91nkf\\prophet_model-20250502185956.csv', 'method=optimize', 'algorithm=newton', 'iter=10000']
2025-05-02 18:59:56,489 - cmdstanpy - INFO - Chain [1] start processing
2025-05-02 19:00:25,397 - cmdstanpy - INFO - Chain [1] done processing
2025-05-02 19:00:25,418 - __main__ - INFO - Prophet model trained successfully
2025-05-02 19:00:25,463 - __main__ - INFO - Performance Metrics:
2025-05-02 19:00:25,463 - __main__ - INFO - MSE: 90.02
2025-05-02 19:00:25,463 - __main__ - INFO - RMSE: 9.49
2025-05-02 19:00:25,463 - __main__ - INFO - MAE: 7.63
2025-05-02 19:00:25,463 - __main__ - INFO - R2 Score: 0.94
2025-05-02 19:00:25,463 - __main__ - INFO - Sample Actual vs Predicted:
Actual: [441.96217224 463.67184849 457.84569599 447.57603929 487.43685864]
Predicted: [447.07775532 462.2482783  464.51604182 463.26084454 485.02579502]
2025-05-02 19:00:25,463 - __main__ - INFO - Logged 18 prediction errors for feedback loop
2025-05-02 19:00:25,517 - __main__ - INFO - Generated 7 future predictions
2025-05-02 19:00:25,689 - __main__ - INFO - Plot saved as nabil_stock_predictions_EBL.png
2025-05-02 19:00:25,689 - __main__ - INFO - Saved feedback log to feedback_log_EBL.csv
2025-05-02 19:00:25,689 - __main__ - INFO - DataFrame columns before saving for EBL: ['Date', 'Open', 'High', 'Low', 'Close', 'Volume', 'Daily_Return', 'MA5', 'MA20', 'Volatility', 'P_E_Ratio', 'combined_sentiment', 'Sentiment_Lag1', 'Sentiment_Trend', 'Predicted_Close']
2025-05-02 19:00:25,689 - __main__ - INFO - Number of columns: 15
2025-05-02 19:00:25,689 - __main__ - INFO - DataFrame shape: (97, 15)
2025-05-02 19:00:25,700 - __main__ - INFO - Saved combined data with predictions for EBL to combined_data_with_predictions_EBL.csv
2025-05-02 19:00:25,700 - __main__ - INFO - Prediction engine completed successfully for EBL
2025-05-02 19:00:25,700 - __main__ - INFO - Starting Sentimetrics AI prediction engine for SCB
2025-05-02 19:00:25,734 - __main__ - INFO - Loaded combined data for SCB with 90 rows
2025-05-02 19:00:25,741 - __main__ - INFO - Calculated technical indicators: RSI, MACD, and lagged Close prices
2025-05-02 19:00:25,743 - __main__ - INFO - Data preprocessing completed
2025-05-02 19:00:25,748 - __main__ - INFO - Training set size: 72, Testing set size: 18
2025-05-02 19:00:25,749 - __main__ - INFO - Test set Close price stats:
count     18.000000
mean     509.324522
std       15.030391
min      485.511231
25%      498.111728
50%      509.507434
75%      517.380564
max      539.738181
Name: Close, dtype: float64
2025-05-02 19:00:25,754 - cmdstanpy - DEBUG - cmd: where.exe tbb.dll
cwd: None
2025-05-02 19:00:25,812 - cmdstanpy - DEBUG - TBB already found in load path
2025-05-02 19:00:25,829 - cmdstanpy - DEBUG - input tempfile: C:\Users\hp\AppData\Local\Temp\tmpq9j5jlpu\r74pqcaj.json
2025-05-02 19:00:25,837 - cmdstanpy - DEBUG - input tempfile: C:\Users\hp\AppData\Local\Temp\tmpq9j5jlpu\qglxci9j.json
2025-05-02 19:00:25,842 - cmdstanpy - DEBUG - idx 0
2025-05-02 19:00:25,842 - cmdstanpy - DEBUG - running CmdStan, num_threads: None
2025-05-02 19:00:25,842 - cmdstanpy - DEBUG - CmdStan args: ['C:\\Users\\hp\\AppData\\Roaming\\Python\\Python312\\site-packages\\prophet\\stan_model\\prophet_model.bin', 'random', 'seed=89187', 'data', 'file=C:\\Users\\hp\\AppData\\Local\\Temp\\tmpq9j5jlpu\\r74pqcaj.json', 'init=C:\\Users\\hp\\AppData\\Local\\Temp\\tmpq9j5jlpu\\qglxci9j.json', 'output', 'file=C:\\Users\\hp\\AppData\\Local\\Temp\\tmpq9j5jlpu\\prophet_model3kn6naan\\prophet_model-20250502190025.csv', 'method=optimize', 'algorithm=newton', 'iter=10000']
2025-05-02 19:00:25,842 - cmdstanpy - INFO - Chain [1] start processing
2025-05-02 19:00:36,561 - cmdstanpy - INFO - Chain [1] done processing
2025-05-02 19:00:36,581 - __main__ - INFO - Prophet model trained successfully
2025-05-02 19:00:36,623 - __main__ - INFO - Performance Metrics:
2025-05-02 19:00:36,623 - __main__ - INFO - MSE: 88.08
2025-05-02 19:00:36,623 - __main__ - INFO - RMSE: 9.39
2025-05-02 19:00:36,623 - __main__ - INFO - MAE: 7.54
2025-05-02 19:00:36,623 - __main__ - INFO - R2 Score: 0.59
2025-05-02 19:00:36,623 - __main__ - INFO - Feedback: R2 score is low. Consider adding more features or using a different model.
2025-05-02 19:00:36,623 - __main__ - INFO - Sample Actual vs Predicted:
Actual: [539.73818109 515.46131527 503.29773536 532.8350645  516.16500324]
Predicted: [544.79797187 514.05288329 509.89539402 548.34940445 513.77979873]
2025-05-02 19:00:36,631 - __main__ - INFO - Logged 18 prediction errors for feedback loop
2025-05-02 19:00:36,670 - __main__ - INFO - Generated 7 future predictions
2025-05-02 19:00:36,824 - __main__ - INFO - Plot saved as nabil_stock_predictions_SCB.png
2025-05-02 19:00:36,824 - __main__ - INFO - Saved feedback log to feedback_log_SCB.csv
2025-05-02 19:00:36,824 - __main__ - INFO - DataFrame columns before saving for SCB: ['Date', 'Open', 'High', 'Low', 'Close', 'Volume', 'Daily_Return', 'MA5', 'MA20', 'Volatility', 'P_E_Ratio', 'combined_sentiment', 'Sentiment_Lag1', 'Sentiment_Trend', 'Predicted_Close']
2025-05-02 19:00:36,824 - __main__ - INFO - Number of columns: 15
2025-05-02 19:00:36,830 - __main__ - INFO - DataFrame shape: (97, 15)
2025-05-02 19:00:36,834 - __main__ - INFO - Saved combined data with predictions for SCB to combined_data_with_predictions_SCB.csv
2025-05-02 19:00:36,834 - __main__ - INFO - Prediction engine completed successfully for SCB
2025-05-02 19:00:36,836 - __main__ - INFO - Starting Sentimetrics AI prediction engine for KBL
2025-05-02 19:00:36,838 - __main__ - INFO - Loaded combined data for KBL with 90 rows
2025-05-02 19:00:36,838 - __main__ - INFO - Calculated technical indicators: RSI, MACD, and lagged Close prices
2025-05-02 19:00:36,843 - __main__ - INFO - Data preprocessing completed
2025-05-02 19:00:36,849 - __main__ - INFO - Training set size: 72, Testing set size: 18
2025-05-02 19:00:36,849 - __main__ - INFO - Test set Close price stats:
count     18.000000
mean     375.448990
std       33.362179
min      327.551040
25%      353.504340
50%      363.010111
75%      403.921703
max      441.501014
Name: Close, dtype: float64
2025-05-02 19:00:36,855 - cmdstanpy - DEBUG - cmd: where.exe tbb.dll
cwd: None
2025-05-02 19:00:36,909 - cmdstanpy - DEBUG - TBB already found in load path
2025-05-02 19:00:36,931 - cmdstanpy - DEBUG - input tempfile: C:\Users\hp\AppData\Local\Temp\tmpq9j5jlpu\febmn9da.json
2025-05-02 19:00:36,931 - cmdstanpy - DEBUG - input tempfile: C:\Users\hp\AppData\Local\Temp\tmpq9j5jlpu\c0mj6k7o.json
2025-05-02 19:00:36,931 - cmdstanpy - DEBUG - idx 0
2025-05-02 19:00:36,931 - cmdstanpy - DEBUG - running CmdStan, num_threads: None
2025-05-02 19:00:36,931 - cmdstanpy - DEBUG - CmdStan args: ['C:\\Users\\hp\\AppData\\Roaming\\Python\\Python312\\site-packages\\prophet\\stan_model\\prophet_model.bin', 'random', 'seed=72891', 'data', 'file=C:\\Users\\hp\\AppData\\Local\\Temp\\tmpq9j5jlpu\\febmn9da.json', 'init=C:\\Users\\hp\\AppData\\Local\\Temp\\tmpq9j5jlpu\\c0mj6k7o.json', 'output', 'file=C:\\Users\\hp\\AppData\\Local\\Temp\\tmpq9j5jlpu\\prophet_model9a3hg_a8\\prophet_model-20250502190036.csv', 'method=optimize', 'algorithm=newton', 'iter=10000']
2025-05-02 19:00:36,931 - cmdstanpy - INFO - Chain [1] start processing
2025-05-02 19:01:06,531 - cmdstanpy - INFO - Chain [1] done processing
2025-05-02 19:01:06,546 - __main__ - INFO - Prophet model trained successfully
2025-05-02 19:01:06,605 - __main__ - INFO - Performance Metrics:
2025-05-02 19:01:06,605 - __main__ - INFO - MSE: 47.86
2025-05-02 19:01:06,605 - __main__ - INFO - RMSE: 6.92
2025-05-02 19:01:06,605 - __main__ - INFO - MAE: 5.56
2025-05-02 19:01:06,605 - __main__ - INFO - R2 Score: 0.95
2025-05-02 19:01:06,608 - __main__ - INFO - Sample Actual vs Predicted:
Actual: [441.5010136  412.31444144 424.29199733 417.46696539 392.56797523]
Predicted: [445.23414958 411.27952713 429.15879108 428.90667711 390.81302512]
2025-05-02 19:01:06,608 - __main__ - INFO - Logged 18 prediction errors for feedback loop
2025-05-02 19:01:06,653 - __main__ - INFO - Generated 7 future predictions
2025-05-02 19:01:06,807 - __main__ - INFO - Plot saved as nabil_stock_predictions_KBL.png
2025-05-02 19:01:06,807 - __main__ - INFO - Saved feedback log to feedback_log_KBL.csv
2025-05-02 19:01:06,813 - __main__ - INFO - DataFrame columns before saving for KBL: ['Date', 'Open', 'High', 'Low', 'Close', 'Volume', 'Daily_Return', 'MA5', 'MA20', 'Volatility', 'P_E_Ratio', 'combined_sentiment', 'Sentiment_Lag1', 'Sentiment_Trend', 'Predicted_Close']
2025-05-02 19:01:06,813 - __main__ - INFO - Number of columns: 15
2025-05-02 19:01:06,813 - __main__ - INFO - DataFrame shape: (97, 15)
2025-05-02 19:01:06,818 - __main__ - INFO - Saved combined data with predictions for KBL to combined_data_with_predictions_KBL.csv
2025-05-02 19:01:06,818 - __main__ - INFO - Prediction engine completed successfully for KBL
2025-05-02 19:01:06,818 - __main__ - INFO - Starting Sentimetrics AI prediction engine for NMB
2025-05-02 19:01:06,843 - __main__ - INFO - Loaded combined data for NMB with 90 rows
2025-05-02 19:01:06,849 - __main__ - INFO - Calculated technical indicators: RSI, MACD, and lagged Close prices
2025-05-02 19:01:06,853 - __main__ - INFO - Data preprocessing completed
2025-05-02 19:01:06,855 - __main__ - INFO - Training set size: 72, Testing set size: 18
2025-05-02 19:01:06,860 - __main__ - INFO - Test set Close price stats:
count     18.000000
mean     566.667108
std       38.666405
min      479.553153
25%      544.326810
50%      572.072193
75%      596.823028
max      610.000000
Name: Close, dtype: float64
2025-05-02 19:01:06,863 - cmdstanpy - DEBUG - cmd: where.exe tbb.dll
cwd: None
2025-05-02 19:01:06,913 - cmdstanpy - DEBUG - TBB already found in load path
2025-05-02 19:01:06,945 - cmdstanpy - DEBUG - input tempfile: C:\Users\hp\AppData\Local\Temp\tmpq9j5jlpu\aw63ap05.json
2025-05-02 19:01:06,951 - cmdstanpy - DEBUG - input tempfile: C:\Users\hp\AppData\Local\Temp\tmpq9j5jlpu\cs4s5u7r.json
2025-05-02 19:01:06,951 - cmdstanpy - DEBUG - idx 0
2025-05-02 19:01:06,951 - cmdstanpy - DEBUG - running CmdStan, num_threads: None
2025-05-02 19:01:06,951 - cmdstanpy - DEBUG - CmdStan args: ['C:\\Users\\hp\\AppData\\Roaming\\Python\\Python312\\site-packages\\prophet\\stan_model\\prophet_model.bin', 'random', 'seed=21975', 'data', 'file=C:\\Users\\hp\\AppData\\Local\\Temp\\tmpq9j5jlpu\\aw63ap05.json', 'init=C:\\Users\\hp\\AppData\\Local\\Temp\\tmpq9j5jlpu\\cs4s5u7r.json', 'output', 'file=C:\\Users\\hp\\AppData\\Local\\Temp\\tmpq9j5jlpu\\prophet_model3t41zzos\\prophet_model-20250502190106.csv', 'method=optimize', 'algorithm=newton', 'iter=10000']
2025-05-02 19:01:06,951 - cmdstanpy - INFO - Chain [1] start processing
2025-05-02 19:01:29,457 - cmdstanpy - INFO - Chain [1] done processing
2025-05-02 19:01:29,492 - __main__ - INFO - Prophet model trained successfully
2025-05-02 19:01:29,531 - __main__ - INFO - Performance Metrics:
2025-05-02 19:01:29,531 - __main__ - INFO - MSE: 109.03
2025-05-02 19:01:29,534 - __main__ - INFO - RMSE: 10.44
2025-05-02 19:01:29,534 - __main__ - INFO - MAE: 8.39
2025-05-02 19:01:29,534 - __main__ - INFO - R2 Score: 0.92
2025-05-02 19:01:29,534 - __main__ - INFO - Sample Actual vs Predicted:
Actual: [549.77707116 563.75560194 589.11899699 582.64102895 610.        ]
Predicted: [555.40525979 562.18736442 596.45823542 599.90080915 607.3450252 ]
2025-05-02 19:01:29,534 - __main__ - INFO - Logged 18 prediction errors for feedback loop
2025-05-02 19:01:29,576 - __main__ - INFO - Generated 7 future predictions
2025-05-02 19:01:29,707 - __main__ - INFO - Plot saved as nabil_stock_predictions_NMB.png
2025-05-02 19:01:29,707 - __main__ - INFO - Saved feedback log to feedback_log_NMB.csv
2025-05-02 19:01:29,707 - __main__ - INFO - DataFrame columns before saving for NMB: ['Date', 'Open', 'High', 'Low', 'Close', 'Volume', 'Daily_Return', 'MA5', 'MA20', 'Volatility', 'P_E_Ratio', 'combined_sentiment', 'Sentiment_Lag1', 'Sentiment_Trend', 'Predicted_Close']
2025-05-02 19:01:29,707 - __main__ - INFO - Number of columns: 15
2025-05-02 19:01:29,713 - __main__ - INFO - DataFrame shape: (97, 15)
2025-05-02 19:01:29,713 - __main__ - INFO - Saved combined data with predictions for NMB to combined_data_with_predictions_NMB.csv
2025-05-02 19:01:29,713 - __main__ - INFO - Prediction engine completed successfully for NMB
2025-05-02 19:01:29,713 - __main__ - INFO - Starting Sentimetrics AI prediction engine for GBIME
2025-05-02 19:01:29,735 - __main__ - INFO - Loaded combined data for GBIME with 90 rows
2025-05-02 19:01:29,735 - __main__ - INFO - Calculated technical indicators: RSI, MACD, and lagged Close prices
2025-05-02 19:01:29,735 - __main__ - INFO - Data preprocessing completed
2025-05-02 19:01:29,747 - __main__ - INFO - Training set size: 72, Testing set size: 18
2025-05-02 19:01:29,747 - __main__ - INFO - Test set Close price stats:
count     18.000000
mean     514.843792
std       35.888451
min      440.222821
25%      488.302843
50%      525.734720
75%      544.386031
max      560.162142
Name: Close, dtype: float64
2025-05-02 19:01:29,752 - cmdstanpy - DEBUG - cmd: where.exe tbb.dll
cwd: None
2025-05-02 19:01:29,800 - cmdstanpy - DEBUG - TBB already found in load path
2025-05-02 19:01:29,818 - cmdstanpy - DEBUG - input tempfile: C:\Users\hp\AppData\Local\Temp\tmpq9j5jlpu\n0spfz3_.json
2025-05-02 19:01:29,818 - cmdstanpy - DEBUG - input tempfile: C:\Users\hp\AppData\Local\Temp\tmpq9j5jlpu\iqs_0uww.json
2025-05-02 19:01:29,824 - cmdstanpy - DEBUG - idx 0
2025-05-02 19:01:29,824 - cmdstanpy - DEBUG - running CmdStan, num_threads: None
2025-05-02 19:01:29,825 - cmdstanpy - DEBUG - CmdStan args: ['C:\\Users\\hp\\AppData\\Roaming\\Python\\Python312\\site-packages\\prophet\\stan_model\\prophet_model.bin', 'random', 'seed=59547', 'data', 'file=C:\\Users\\hp\\AppData\\Local\\Temp\\tmpq9j5jlpu\\n0spfz3_.json', 'init=C:\\Users\\hp\\AppData\\Local\\Temp\\tmpq9j5jlpu\\iqs_0uww.json', 'output', 'file=C:\\Users\\hp\\AppData\\Local\\Temp\\tmpq9j5jlpu\\prophet_modely0bw916p\\prophet_model-20250502190129.csv', 'method=optimize', 'algorithm=newton', 'iter=10000']
2025-05-02 19:01:29,825 - cmdstanpy - INFO - Chain [1] start processing
2025-05-02 19:01:54,589 - cmdstanpy - INFO - Chain [1] done processing
2025-05-02 19:01:54,605 - __main__ - INFO - Prophet model trained successfully
2025-05-02 19:01:54,653 - __main__ - INFO - Performance Metrics:
2025-05-02 19:01:54,653 - __main__ - INFO - MSE: 90.00
2025-05-02 19:01:54,653 - __main__ - INFO - RMSE: 9.49
2025-05-02 19:01:54,653 - __main__ - INFO - MAE: 7.63
2025-05-02 19:01:54,653 - __main__ - INFO - R2 Score: 0.93
2025-05-02 19:01:54,653 - __main__ - INFO - Sample Actual vs Predicted:
Actual: [472.25994132 504.90812372 529.99055793 536.73838548 546.97385009]
Predicted: [477.37458072 503.48445467 536.6597368  552.42084229 544.56280491]
2025-05-02 19:01:54,653 - __main__ - INFO - Logged 18 prediction errors for feedback loop
2025-05-02 19:01:54,703 - __main__ - INFO - Generated 7 future predictions
2025-05-02 19:01:54,852 - __main__ - INFO - Plot saved as nabil_stock_predictions_GBIME.png
2025-05-02 19:01:54,856 - __main__ - INFO - Saved feedback log to feedback_log_GBIME.csv
2025-05-02 19:01:54,856 - __main__ - INFO - DataFrame columns before saving for GBIME: ['Date', 'Open', 'High', 'Low', 'Close', 'Volume', 'Daily_Return', 'MA5', 'MA20', 'Volatility', 'P_E_Ratio', 'combined_sentiment', 'Sentiment_Lag1', 'Sentiment_Trend', 'Predicted_Close']
2025-05-02 19:01:54,856 - __main__ - INFO - Number of columns: 15
2025-05-02 19:01:54,856 - __main__ - INFO - DataFrame shape: (97, 15)
2025-05-02 19:01:54,864 - __main__ - INFO - Saved combined data with predictions for GBIME to combined_data_with_predictions_GBIME.csv
2025-05-02 19:01:54,864 - __main__ - INFO - Prediction engine completed successfully for GBIME
2025-05-02 19:01:54,865 - __main__ - INFO - Starting Sentimetrics AI prediction engine for NICA
2025-05-02 19:01:54,889 - __main__ - INFO - Loaded combined data for NICA with 90 rows
2025-05-02 19:01:54,890 - __main__ - INFO - Calculated technical indicators: RSI, MACD, and lagged Close prices
2025-05-02 19:01:54,890 - __main__ - INFO - Data preprocessing completed
2025-05-02 19:01:54,897 - __main__ - INFO - Training set size: 72, Testing set size: 18
2025-05-02 19:01:54,901 - __main__ - INFO - Test set Close price stats:
count     18.000000
mean     404.072922
std       31.217675
min      367.428767
25%      381.302986
50%      393.265199
75%      417.373720
max      462.563488
Name: Close, dtype: float64
2025-05-02 19:01:54,902 - cmdstanpy - DEBUG - cmd: where.exe tbb.dll
cwd: None
2025-05-02 19:01:54,962 - cmdstanpy - DEBUG - TBB already found in load path
2025-05-02 19:01:54,994 - cmdstanpy - DEBUG - input tempfile: C:\Users\hp\AppData\Local\Temp\tmpq9j5jlpu\5z05jifg.json
2025-05-02 19:01:55,002 - cmdstanpy - DEBUG - input tempfile: C:\Users\hp\AppData\Local\Temp\tmpq9j5jlpu\bn9lghig.json
2025-05-02 19:01:55,002 - cmdstanpy - DEBUG - idx 0
2025-05-02 19:01:55,002 - cmdstanpy - DEBUG - running CmdStan, num_threads: None
2025-05-02 19:01:55,002 - cmdstanpy - DEBUG - CmdStan args: ['C:\\Users\\hp\\AppData\\Roaming\\Python\\Python312\\site-packages\\prophet\\stan_model\\prophet_model.bin', 'random', 'seed=78768', 'data', 'file=C:\\Users\\hp\\AppData\\Local\\Temp\\tmpq9j5jlpu\\5z05jifg.json', 'init=C:\\Users\\hp\\AppData\\Local\\Temp\\tmpq9j5jlpu\\bn9lghig.json', 'output', 'file=C:\\Users\\hp\\AppData\\Local\\Temp\\tmpq9j5jlpu\\prophet_model8kmnq52k\\prophet_model-20250502190155.csv', 'method=optimize', 'algorithm=newton', 'iter=10000']
2025-05-02 19:01:55,002 - cmdstanpy - INFO - Chain [1] start processing
2025-05-02 19:02:11,683 - cmdstanpy - INFO - Chain [1] done processing
2025-05-02 19:02:11,699 - __main__ - INFO - Prophet model trained successfully
2025-05-02 19:02:11,752 - __main__ - INFO - Performance Metrics:
2025-05-02 19:02:11,752 - __main__ - INFO - MSE: 55.44
2025-05-02 19:02:11,753 - __main__ - INFO - RMSE: 7.45
2025-05-02 19:02:11,753 - __main__ - INFO - MAE: 5.99
2025-05-02 19:02:11,753 - __main__ - INFO - R2 Score: 0.94
2025-05-02 19:02:11,753 - __main__ - INFO - Sample Actual vs Predicted:
Actual: [411.28887797 392.846357   388.35734136 390.38878369 378.27893248]
Predicted: [415.3019403  391.72787239 393.5905032  402.69597946 376.38552831]
2025-05-02 19:02:11,753 - __main__ - INFO - Logged 18 prediction errors for feedback loop
2025-05-02 19:02:11,796 - __main__ - INFO - Generated 7 future predictions
2025-05-02 19:02:11,939 - __main__ - INFO - Plot saved as nabil_stock_predictions_NICA.png
2025-05-02 19:02:11,943 - __main__ - INFO - Saved feedback log to feedback_log_NICA.csv
2025-05-02 19:02:11,945 - __main__ - INFO - DataFrame columns before saving for NICA: ['Date', 'Open', 'High', 'Low', 'Close', 'Volume', 'Daily_Return', 'MA5', 'MA20', 'Volatility', 'P_E_Ratio', 'combined_sentiment', 'Sentiment_Lag1', 'Sentiment_Trend', 'Predicted_Close']
2025-05-02 19:02:11,945 - __main__ - INFO - Number of columns: 15
2025-05-02 19:02:11,945 - __main__ - INFO - DataFrame shape: (97, 15)
2025-05-02 19:02:11,945 - __main__ - INFO - Saved combined data with predictions for NICA to combined_data_with_predictions_NICA.csv
2025-05-02 19:02:11,945 - __main__ - INFO - Prediction engine completed successfully for NICA
2025-05-02 19:02:11,945 - __main__ - INFO - Starting Sentimetrics AI prediction engine for PRVU
2025-05-02 19:02:11,975 - __main__ - INFO - Loaded combined data for PRVU with 90 rows
2025-05-02 19:02:11,978 - __main__ - INFO - Calculated technical indicators: RSI, MACD, and lagged Close prices
2025-05-02 19:02:11,978 - __main__ - INFO - Data preprocessing completed
2025-05-02 19:02:11,984 - __main__ - INFO - Training set size: 72, Testing set size: 18
2025-05-02 19:02:11,984 - __main__ - INFO - Test set Close price stats:
count     18.000000
mean     460.648668
std       15.629647
min      439.102694
25%      452.968398
50%      458.470743
75%      464.522125
max      509.256890
Name: Close, dtype: float64
2025-05-02 19:02:11,989 - cmdstanpy - DEBUG - cmd: where.exe tbb.dll
cwd: None
2025-05-02 19:02:12,041 - cmdstanpy - DEBUG - TBB already found in load path
2025-05-02 19:02:12,050 - cmdstanpy - DEBUG - input tempfile: C:\Users\hp\AppData\Local\Temp\tmpq9j5jlpu\2wiekvcx.json
2025-05-02 19:02:12,066 - cmdstanpy - DEBUG - input tempfile: C:\Users\hp\AppData\Local\Temp\tmpq9j5jlpu\uljryuzc.json
2025-05-02 19:02:12,067 - cmdstanpy - DEBUG - idx 0
2025-05-02 19:02:12,067 - cmdstanpy - DEBUG - running CmdStan, num_threads: None
2025-05-02 19:02:12,067 - cmdstanpy - DEBUG - CmdStan args: ['C:\\Users\\hp\\AppData\\Roaming\\Python\\Python312\\site-packages\\prophet\\stan_model\\prophet_model.bin', 'random', 'seed=84975', 'data', 'file=C:\\Users\\hp\\AppData\\Local\\Temp\\tmpq9j5jlpu\\2wiekvcx.json', 'init=C:\\Users\\hp\\AppData\\Local\\Temp\\tmpq9j5jlpu\\uljryuzc.json', 'output', 'file=C:\\Users\\hp\\AppData\\Local\\Temp\\tmpq9j5jlpu\\prophet_modelnswgew30\\prophet_model-20250502190212.csv', 'method=optimize', 'algorithm=newton', 'iter=10000']
2025-05-02 19:02:12,067 - cmdstanpy - INFO - Chain [1] start processing
2025-05-02 19:02:12,333 - cmdstanpy - INFO - Chain [1] done processing
2025-05-02 19:02:12,350 - __main__ - INFO - Prophet model trained successfully
2025-05-02 19:02:12,392 - __main__ - INFO - Performance Metrics:
2025-05-02 19:02:12,399 - __main__ - INFO - MSE: 96.25
2025-05-02 19:02:12,399 - __main__ - INFO - RMSE: 9.81
2025-05-02 19:02:12,399 - __main__ - INFO - MAE: 8.01
2025-05-02 19:02:12,399 - __main__ - INFO - R2 Score: 0.58
2025-05-02 19:02:12,399 - __main__ - INFO - Feedback: R2 score is low. Consider adding more features or using a different model.
2025-05-02 19:02:12,399 - __main__ - INFO - Sample Actual vs Predicted:
Actual: [471.18189067 457.4522482  452.17100837 455.47254322 461.20790497]
Predicted: [476.3157293  458.46357792 460.12192808 471.01186432 461.70372454]
2025-05-02 19:02:12,401 - __main__ - INFO - Logged 18 prediction errors for feedback loop
2025-05-02 19:02:12,447 - __main__ - INFO - Generated 7 future predictions
2025-05-02 19:02:12,602 - __main__ - INFO - Plot saved as nabil_stock_predictions_PRVU.png
2025-05-02 19:02:12,607 - __main__ - INFO - Saved feedback log to feedback_log_PRVU.csv
2025-05-02 19:02:12,607 - __main__ - INFO - DataFrame columns before saving for PRVU: ['Date', 'Open', 'High', 'Low', 'Close', 'Volume', 'Daily_Return', 'MA5', 'MA20', 'Volatility', 'P_E_Ratio', 'combined_sentiment', 'Sentiment_Lag1', 'Sentiment_Trend', 'Predicted_Close']
2025-05-02 19:02:12,607 - __main__ - INFO - Number of columns: 15
2025-05-02 19:02:12,607 - __main__ - INFO - DataFrame shape: (97, 15)
2025-05-02 19:02:12,615 - __main__ - INFO - Saved combined data with predictions for PRVU to combined_data_with_predictions_PRVU.csv
2025-05-02 19:02:12,615 - __main__ - INFO - Prediction engine completed successfully for PRVU
2025-05-02 19:02:12,615 - __main__ - INFO - Starting Sentimetrics AI prediction engine for SBI
2025-05-02 19:02:12,636 - __main__ - INFO - Loaded combined data for SBI with 90 rows
2025-05-02 19:02:12,640 - __main__ - INFO - Calculated technical indicators: RSI, MACD, and lagged Close prices
2025-05-02 19:02:12,642 - __main__ - INFO - Data preprocessing completed
2025-05-02 19:02:12,647 - __main__ - INFO - Training set size: 72, Testing set size: 18
2025-05-02 19:02:12,649 - __main__ - INFO - Test set Close price stats:
count     18.000000
mean     511.510594
std       25.662236
min      475.629771
25%      487.468106
50%      509.670715
75%      530.693276
max      560.000000
Name: Close, dtype: float64
2025-05-02 19:02:12,651 - cmdstanpy - DEBUG - cmd: where.exe tbb.dll
cwd: None
2025-05-02 19:02:12,713 - cmdstanpy - DEBUG - TBB already found in load path
2025-05-02 19:02:12,737 - cmdstanpy - DEBUG - input tempfile: C:\Users\hp\AppData\Local\Temp\tmpq9j5jlpu\6v1ydw1y.json
2025-05-02 19:02:12,746 - cmdstanpy - DEBUG - input tempfile: C:\Users\hp\AppData\Local\Temp\tmpq9j5jlpu\129uvdal.json
2025-05-02 19:02:12,748 - cmdstanpy - DEBUG - idx 0
2025-05-02 19:02:12,748 - cmdstanpy - DEBUG - running CmdStan, num_threads: None
2025-05-02 19:02:12,749 - cmdstanpy - DEBUG - CmdStan args: ['C:\\Users\\hp\\AppData\\Roaming\\Python\\Python312\\site-packages\\prophet\\stan_model\\prophet_model.bin', 'random', 'seed=40546', 'data', 'file=C:\\Users\\hp\\AppData\\Local\\Temp\\tmpq9j5jlpu\\6v1ydw1y.json', 'init=C:\\Users\\hp\\AppData\\Local\\Temp\\tmpq9j5jlpu\\129uvdal.json', 'output', 'file=C:\\Users\\hp\\AppData\\Local\\Temp\\tmpq9j5jlpu\\prophet_modelrjalslw9\\prophet_model-20250502190212.csv', 'method=optimize', 'algorithm=newton', 'iter=10000']
2025-05-02 19:02:12,750 - cmdstanpy - INFO - Chain [1] start processing
2025-05-02 19:02:36,680 - cmdstanpy - INFO - Chain [1] done processing
2025-05-02 19:02:36,700 - __main__ - INFO - Prophet model trained successfully
2025-05-02 19:02:36,746 - __main__ - INFO - Performance Metrics:
2025-05-02 19:02:36,746 - __main__ - INFO - MSE: 88.84
2025-05-02 19:02:36,746 - __main__ - INFO - RMSE: 9.43
2025-05-02 19:02:36,746 - __main__ - INFO - MAE: 7.58
2025-05-02 19:02:36,746 - __main__ - INFO - R2 Score: 0.86
2025-05-02 19:02:36,751 - __main__ - INFO - Sample Actual vs Predicted:
Actual: [476.65008423 491.0396761  486.27758322 475.62977082 509.22001315]
Predicted: [481.73141666 489.62504302 492.90341466 491.21053043 506.82441279]
2025-05-02 19:02:36,751 - __main__ - INFO - Logged 18 prediction errors for feedback loop
2025-05-02 19:02:36,799 - __main__ - INFO - Generated 7 future predictions
2025-05-02 19:02:36,943 - __main__ - INFO - Plot saved as nabil_stock_predictions_SBI.png
2025-05-02 19:02:36,943 - __main__ - INFO - Saved feedback log to feedback_log_SBI.csv
2025-05-02 19:02:36,943 - __main__ - INFO - DataFrame columns before saving for SBI: ['Date', 'Open', 'High', 'Low', 'Close', 'Volume', 'Daily_Return', 'MA5', 'MA20', 'Volatility', 'P_E_Ratio', 'combined_sentiment', 'Sentiment_Lag1', 'Sentiment_Trend', 'Predicted_Close']
2025-05-02 19:02:36,943 - __main__ - INFO - Number of columns: 15
2025-05-02 19:02:36,943 - __main__ - INFO - DataFrame shape: (97, 15)
2025-05-02 19:02:36,953 - __main__ - INFO - Saved combined data with predictions for SBI to combined_data_with_predictions_SBI.csv
2025-05-02 19:02:36,953 - __main__ - INFO - Prediction engine completed successfully for SBI
2025-05-02 19:02:36,954 - __main__ - INFO - Starting Sentimetrics AI prediction engine for ADBL
2025-05-02 19:02:36,982 - __main__ - INFO - Loaded combined data for ADBL with 90 rows
2025-05-02 19:02:36,986 - __main__ - INFO - Calculated technical indicators: RSI, MACD, and lagged Close prices
2025-05-02 19:02:36,990 - __main__ - INFO - Data preprocessing completed
2025-05-02 19:02:36,995 - __main__ - INFO - Training set size: 72, Testing set size: 18
2025-05-02 19:02:36,995 - __main__ - INFO - Test set Close price stats:
count     18.000000
mean     568.715603
std        9.491669
min      553.095301
25%      561.166870
50%      568.298886
75%      577.214142
max      584.966813
Name: Close, dtype: float64
2025-05-02 19:02:36,998 - cmdstanpy - DEBUG - cmd: where.exe tbb.dll
cwd: None
2025-05-02 19:02:37,057 - cmdstanpy - DEBUG - TBB already found in load path
2025-05-02 19:02:37,077 - cmdstanpy - DEBUG - input tempfile: C:\Users\hp\AppData\Local\Temp\tmpq9j5jlpu\ccnbvaql.json
2025-05-02 19:02:37,084 - cmdstanpy - DEBUG - input tempfile: C:\Users\hp\AppData\Local\Temp\tmpq9j5jlpu\0xfctxdg.json
2025-05-02 19:02:37,086 - cmdstanpy - DEBUG - idx 0
2025-05-02 19:02:37,086 - cmdstanpy - DEBUG - running CmdStan, num_threads: None
2025-05-02 19:02:37,086 - cmdstanpy - DEBUG - CmdStan args: ['C:\\Users\\hp\\AppData\\Roaming\\Python\\Python312\\site-packages\\prophet\\stan_model\\prophet_model.bin', 'random', 'seed=43006', 'data', 'file=C:\\Users\\hp\\AppData\\Local\\Temp\\tmpq9j5jlpu\\ccnbvaql.json', 'init=C:\\Users\\hp\\AppData\\Local\\Temp\\tmpq9j5jlpu\\0xfctxdg.json', 'output', 'file=C:\\Users\\hp\\AppData\\Local\\Temp\\tmpq9j5jlpu\\prophet_modelljrmhu61\\prophet_model-20250502190237.csv', 'method=optimize', 'algorithm=newton', 'iter=10000']
2025-05-02 19:02:37,086 - cmdstanpy - INFO - Chain [1] start processing
2025-05-02 19:03:02,763 - cmdstanpy - INFO - Chain [1] done processing
2025-05-02 19:03:02,784 - __main__ - INFO - Prophet model trained successfully
2025-05-02 19:03:02,828 - __main__ - INFO - Performance Metrics:
2025-05-02 19:03:02,835 - __main__ - INFO - MSE: 109.82
2025-05-02 19:03:02,835 - __main__ - INFO - RMSE: 10.48
2025-05-02 19:03:02,835 - __main__ - INFO - MAE: 8.42
2025-05-02 19:03:02,835 - __main__ - INFO - R2 Score: -0.29
2025-05-02 19:03:02,835 - __main__ - INFO - Feedback: R2 score is low. Consider adding more features or using a different model.
2025-05-02 19:03:02,836 - __main__ - INFO - Sample Actual vs Predicted:
Actual: [565.401117   555.12404136 560.31795943 579.49285387 553.09530072]
Predicted: [571.05101145 553.55147883 567.68507678 596.81640246 550.4320632 ]
2025-05-02 19:03:02,836 - __main__ - INFO - Logged 18 prediction errors for feedback loop
2025-05-02 19:03:02,878 - __main__ - INFO - Generated 7 future predictions
2025-05-02 19:03:03,026 - __main__ - INFO - Plot saved as nabil_stock_predictions_ADBL.png
2025-05-02 19:03:03,026 - __main__ - INFO - Saved feedback log to feedback_log_ADBL.csv
2025-05-02 19:03:03,026 - __main__ - INFO - DataFrame columns before saving for ADBL: ['Date', 'Open', 'High', 'Low', 'Close', 'Volume', 'Daily_Return', 'MA5', 'MA20', 'Volatility', 'P_E_Ratio', 'combined_sentiment', 'Sentiment_Lag1', 'Sentiment_Trend', 'Predicted_Close']
2025-05-02 19:03:03,026 - __main__ - INFO - Number of columns: 15
2025-05-02 19:03:03,026 - __main__ - INFO - DataFrame shape: (97, 15)
2025-05-02 19:03:03,037 - __main__ - INFO - Saved combined data with predictions for ADBL to combined_data_with_predictions_ADBL.csv
2025-05-02 19:03:03,037 - __main__ - INFO - Prediction engine completed successfully for ADBL
2025-05-02 20:29:20,260 - __main__ - INFO - Starting Sentimetrics AI prediction engine for NABIL
2025-05-02 20:29:20,283 - __main__ - INFO - Loaded combined data for NABIL with 90 rows
2025-05-02 20:29:20,290 - __main__ - INFO - Calculated technical indicators: RSI, MACD, and lagged Close prices
2025-05-02 20:29:20,290 - __main__ - INFO - Data preprocessing completed
2025-05-02 20:29:20,305 - __main__ - INFO - Training set size: 72, Testing set size: 18
2025-05-02 20:29:20,307 - __main__ - INFO - Test set Close price stats:
count     18.000000
mean     560.746570
std       36.237644
min      490.852902
25%      543.448367
50%      569.681688
75%      595.300340
max      600.000000
Name: Close, dtype: float64
2025-05-02 20:29:20,381 - cmdstanpy - DEBUG - cmd: where.exe tbb.dll
cwd: None
2025-05-02 20:29:20,448 - cmdstanpy - DEBUG - Adding TBB (C:\Users\hp\AppData\Roaming\Python\Python312\site-packages\prophet\stan_model\cmdstan-2.33.1\stan\lib\stan_math\lib\tbb) to PATH
2025-05-02 20:29:20,495 - cmdstanpy - DEBUG - input tempfile: C:\Users\hp\AppData\Local\Temp\tmpbr4soz08\74vz3wd0.json
2025-05-02 20:29:20,499 - cmdstanpy - DEBUG - input tempfile: C:\Users\hp\AppData\Local\Temp\tmpbr4soz08\r48n4drg.json
2025-05-02 20:29:20,505 - cmdstanpy - DEBUG - idx 0
2025-05-02 20:29:20,505 - cmdstanpy - DEBUG - running CmdStan, num_threads: None
2025-05-02 20:29:20,505 - cmdstanpy - DEBUG - CmdStan args: ['C:\\Users\\hp\\AppData\\Roaming\\Python\\Python312\\site-packages\\prophet\\stan_model\\prophet_model.bin', 'random', 'seed=68757', 'data', 'file=C:\\Users\\hp\\AppData\\Local\\Temp\\tmpbr4soz08\\74vz3wd0.json', 'init=C:\\Users\\hp\\AppData\\Local\\Temp\\tmpbr4soz08\\r48n4drg.json', 'output', 'file=C:\\Users\\hp\\AppData\\Local\\Temp\\tmpbr4soz08\\prophet_modelcwzjehf7\\prophet_model-20250502202920.csv', 'method=optimize', 'algorithm=newton', 'iter=10000']
2025-05-02 20:29:20,507 - cmdstanpy - INFO - Chain [1] start processing
2025-05-02 20:29:47,403 - cmdstanpy - INFO - Chain [1] done processing
2025-05-02 20:29:47,420 - __main__ - INFO - Prophet model trained successfully
2025-05-02 20:29:47,493 - __main__ - INFO - Performance Metrics:
2025-05-02 20:29:47,493 - __main__ - INFO - MSE: 106.76
2025-05-02 20:29:47,493 - __main__ - INFO - RMSE: 10.33
2025-05-02 20:29:47,493 - __main__ - INFO - MAE: 8.31
2025-05-02 20:29:47,496 - __main__ - INFO - R2 Score: 0.91
2025-05-02 20:29:47,496 - __main__ - INFO - Sample Actual vs Predicted:
Actual: [542.54346729 562.05814603 573.48776889 572.60083158 596.09049521]
Predicted: [548.11439672 560.507845   580.75188051 589.68183561 593.46482111]
2025-05-02 20:29:47,496 - __main__ - INFO - Logged 18 prediction errors for feedback loop
2025-05-02 20:29:47,564 - __main__ - INFO - Generated 7 future predictions
2025-05-02 20:29:47,809 - __main__ - INFO - Plot saved as nabil_stock_predictions_NABIL.png
2025-05-02 20:29:47,812 - __main__ - INFO - Saved feedback log to feedback_log_NABIL.csv
2025-05-02 20:29:47,818 - __main__ - INFO - DataFrame columns before saving for NABIL: ['Date', 'Open', 'High', 'Low', 'Close', 'Volume', 'Daily_Return', 'MA5', 'MA20', 'Volatility', 'P_E_Ratio', 'combined_sentiment', 'Sentiment_Lag1', 'Sentiment_Trend', 'Predicted_Close']
2025-05-02 20:29:47,818 - __main__ - INFO - Number of columns: 15
2025-05-02 20:29:47,818 - __main__ - INFO - DataFrame shape: (97, 15)
2025-05-02 20:29:47,822 - __main__ - INFO - Saved combined data with predictions for NABIL to combined_data_with_predictions_NABIL.csv
2025-05-02 20:29:47,822 - __main__ - INFO - Prediction engine completed successfully for NABIL
2025-05-02 20:29:47,822 - __main__ - INFO - Starting Sentimetrics AI prediction engine for NRIC
2025-05-02 20:29:47,841 - __main__ - INFO - Loaded combined data for NRIC with 90 rows
2025-05-02 20:29:47,841 - __main__ - INFO - Calculated technical indicators: RSI, MACD, and lagged Close prices
2025-05-02 20:29:47,846 - __main__ - INFO - Data preprocessing completed
2025-05-02 20:29:47,852 - __main__ - INFO - Training set size: 72, Testing set size: 18
2025-05-02 20:29:47,856 - __main__ - INFO - Test set Close price stats:
count     18.000000
mean     458.922308
std       38.582196
min      412.601710
25%      425.973887
50%      445.805171
75%      492.981855
max      535.814596
Name: Close, dtype: float64
2025-05-02 20:29:47,858 - cmdstanpy - DEBUG - cmd: where.exe tbb.dll
cwd: None
2025-05-02 20:29:47,923 - cmdstanpy - DEBUG - TBB already found in load path
2025-05-02 20:29:47,952 - cmdstanpy - DEBUG - input tempfile: C:\Users\hp\AppData\Local\Temp\tmpbr4soz08\n1kgrnlb.json
2025-05-02 20:29:47,958 - cmdstanpy - DEBUG - input tempfile: C:\Users\hp\AppData\Local\Temp\tmpbr4soz08\plnh8usu.json
2025-05-02 20:29:47,958 - cmdstanpy - DEBUG - idx 0
2025-05-02 20:29:47,962 - cmdstanpy - DEBUG - running CmdStan, num_threads: None
2025-05-02 20:29:47,962 - cmdstanpy - DEBUG - CmdStan args: ['C:\\Users\\hp\\AppData\\Roaming\\Python\\Python312\\site-packages\\prophet\\stan_model\\prophet_model.bin', 'random', 'seed=97563', 'data', 'file=C:\\Users\\hp\\AppData\\Local\\Temp\\tmpbr4soz08\\n1kgrnlb.json', 'init=C:\\Users\\hp\\AppData\\Local\\Temp\\tmpbr4soz08\\plnh8usu.json', 'output', 'file=C:\\Users\\hp\\AppData\\Local\\Temp\\tmpbr4soz08\\prophet_modelfqapw53m\\prophet_model-20250502202947.csv', 'method=optimize', 'algorithm=newton', 'iter=10000']
2025-05-02 20:29:47,962 - cmdstanpy - INFO - Chain [1] start processing
2025-05-02 20:29:49,549 - cmdstanpy - INFO - Chain [1] done processing
2025-05-02 20:29:49,568 - __main__ - INFO - Prophet model trained successfully
2025-05-02 20:29:49,620 - __main__ - INFO - Performance Metrics:
2025-05-02 20:29:49,620 - __main__ - INFO - MSE: 71.51
2025-05-02 20:29:49,620 - __main__ - INFO - RMSE: 8.46
2025-05-02 20:29:49,620 - __main__ - INFO - MAE: 6.80
2025-05-02 20:29:49,620 - __main__ - INFO - R2 Score: 0.95
2025-05-02 20:29:49,623 - __main__ - INFO - Sample Actual vs Predicted:
Actual: [535.81459643 508.87029763 513.16400389 501.9540196  497.64877396]
Predicted: [540.37375839 507.60133228 519.10886623 515.93315021 495.49969102]
2025-05-02 20:29:49,623 - __main__ - INFO - Logged 18 prediction errors for feedback loop
2025-05-02 20:29:49,670 - __main__ - INFO - Generated 7 future predictions
2025-05-02 20:29:49,852 - __main__ - INFO - Plot saved as nabil_stock_predictions_NRIC.png
2025-05-02 20:29:49,854 - __main__ - INFO - Saved feedback log to feedback_log_NRIC.csv
2025-05-02 20:29:49,858 - __main__ - INFO - DataFrame columns before saving for NRIC: ['Date', 'Open', 'High', 'Low', 'Close', 'Volume', 'Daily_Return', 'MA5', 'MA20', 'Volatility', 'P_E_Ratio', 'combined_sentiment', 'Sentiment_Lag1', 'Sentiment_Trend', 'Predicted_Close']
2025-05-02 20:29:49,858 - __main__ - INFO - Number of columns: 15
2025-05-02 20:29:49,858 - __main__ - INFO - DataFrame shape: (97, 15)
2025-05-02 20:29:49,864 - __main__ - INFO - Saved combined data with predictions for NRIC to combined_data_with_predictions_NRIC.csv
2025-05-02 20:29:49,865 - __main__ - INFO - Prediction engine completed successfully for NRIC
2025-05-02 20:29:49,865 - __main__ - INFO - Starting Sentimetrics AI prediction engine for SHIVM
2025-05-02 20:29:49,888 - __main__ - INFO - Loaded combined data for SHIVM with 90 rows
2025-05-02 20:29:49,889 - __main__ - INFO - Calculated technical indicators: RSI, MACD, and lagged Close prices
2025-05-02 20:29:49,889 - __main__ - INFO - Data preprocessing completed
2025-05-02 20:29:49,896 - __main__ - INFO - Training set size: 72, Testing set size: 18
2025-05-02 20:29:49,898 - __main__ - INFO - Test set Close price stats:
count     18.000000
mean     389.324522
std       15.030391
min      365.511231
25%      378.111728
50%      389.507434
75%      397.380564
max      419.738181
Name: Close, dtype: float64
2025-05-02 20:29:49,900 - cmdstanpy - DEBUG - cmd: where.exe tbb.dll
cwd: None
2025-05-02 20:29:49,948 - cmdstanpy - DEBUG - TBB already found in load path
2025-05-02 20:29:49,980 - cmdstanpy - DEBUG - input tempfile: C:\Users\hp\AppData\Local\Temp\tmpbr4soz08\g3oktr3p.json
2025-05-02 20:29:49,988 - cmdstanpy - DEBUG - input tempfile: C:\Users\hp\AppData\Local\Temp\tmpbr4soz08\2mbjw5p7.json
2025-05-02 20:29:49,988 - cmdstanpy - DEBUG - idx 0
2025-05-02 20:29:49,988 - cmdstanpy - DEBUG - running CmdStan, num_threads: None
2025-05-02 20:29:49,993 - cmdstanpy - DEBUG - CmdStan args: ['C:\\Users\\hp\\AppData\\Roaming\\Python\\Python312\\site-packages\\prophet\\stan_model\\prophet_model.bin', 'random', 'seed=62404', 'data', 'file=C:\\Users\\hp\\AppData\\Local\\Temp\\tmpbr4soz08\\g3oktr3p.json', 'init=C:\\Users\\hp\\AppData\\Local\\Temp\\tmpbr4soz08\\2mbjw5p7.json', 'output', 'file=C:\\Users\\hp\\AppData\\Local\\Temp\\tmpbr4soz08\\prophet_modelblr56ifz\\prophet_model-20250502202949.csv', 'method=optimize', 'algorithm=newton', 'iter=10000']
2025-05-02 20:29:49,993 - cmdstanpy - INFO - Chain [1] start processing
2025-05-02 20:30:16,497 - cmdstanpy - INFO - Chain [1] done processing
2025-05-02 20:30:16,515 - __main__ - INFO - Prophet model trained successfully
2025-05-02 20:30:16,560 - __main__ - INFO - Performance Metrics:
2025-05-02 20:30:16,560 - __main__ - INFO - MSE: 51.46
2025-05-02 20:30:16,560 - __main__ - INFO - RMSE: 7.17
2025-05-02 20:30:16,560 - __main__ - INFO - MAE: 5.77
2025-05-02 20:30:16,564 - __main__ - INFO - R2 Score: 0.76
2025-05-02 20:30:16,564 - __main__ - INFO - Sample Actual vs Predicted:
Actual: [419.73818109 395.46131527 383.29773536 412.8350645  396.16500324]
Predicted: [423.6058079  394.38470306 388.34094475 424.69409288 394.34175126]
2025-05-02 20:30:16,564 - __main__ - INFO - Logged 18 prediction errors for feedback loop
2025-05-02 20:30:16,612 - __main__ - INFO - Generated 7 future predictions
2025-05-02 20:30:16,781 - __main__ - INFO - Plot saved as nabil_stock_predictions_SHIVM.png
2025-05-02 20:30:16,781 - __main__ - INFO - Saved feedback log to feedback_log_SHIVM.csv
2025-05-02 20:30:16,781 - __main__ - INFO - DataFrame columns before saving for SHIVM: ['Date', 'Open', 'High', 'Low', 'Close', 'Volume', 'Daily_Return', 'MA5', 'MA20', 'Volatility', 'P_E_Ratio', 'combined_sentiment', 'Sentiment_Lag1', 'Sentiment_Trend', 'Predicted_Close']
2025-05-02 20:30:16,781 - __main__ - INFO - Number of columns: 15
2025-05-02 20:30:16,781 - __main__ - INFO - DataFrame shape: (97, 15)
2025-05-02 20:30:16,788 - __main__ - INFO - Saved combined data with predictions for SHIVM to combined_data_with_predictions_SHIVM.csv
2025-05-02 20:30:16,788 - __main__ - INFO - Prediction engine completed successfully for SHIVM
2025-05-02 20:30:16,788 - __main__ - INFO - Starting Sentimetrics AI prediction engine for HBL
2025-05-02 20:30:16,804 - __main__ - INFO - Loaded combined data for HBL with 90 rows
2025-05-02 20:30:16,807 - __main__ - INFO - Calculated technical indicators: RSI, MACD, and lagged Close prices
2025-05-02 20:30:16,809 - __main__ - INFO - Data preprocessing completed
2025-05-02 20:30:16,814 - __main__ - INFO - Training set size: 72, Testing set size: 18
2025-05-02 20:30:16,814 - __main__ - INFO - Test set Close price stats:
count     18.000000
mean     602.055836
std       43.906731
min      527.556149
25%      570.895135
50%      614.729659
75%      639.804767
max      650.000000
Name: Close, dtype: float64
2025-05-02 20:30:16,818 - cmdstanpy - DEBUG - cmd: where.exe tbb.dll
cwd: None
2025-05-02 20:30:16,874 - cmdstanpy - DEBUG - TBB already found in load path
2025-05-02 20:30:16,902 - cmdstanpy - DEBUG - input tempfile: C:\Users\hp\AppData\Local\Temp\tmpbr4soz08\jn0m4kv7.json
2025-05-02 20:30:16,907 - cmdstanpy - DEBUG - input tempfile: C:\Users\hp\AppData\Local\Temp\tmpbr4soz08\4di35elu.json
2025-05-02 20:30:16,907 - cmdstanpy - DEBUG - idx 0
2025-05-02 20:30:16,907 - cmdstanpy - DEBUG - running CmdStan, num_threads: None
2025-05-02 20:30:16,907 - cmdstanpy - DEBUG - CmdStan args: ['C:\\Users\\hp\\AppData\\Roaming\\Python\\Python312\\site-packages\\prophet\\stan_model\\prophet_model.bin', 'random', 'seed=15858', 'data', 'file=C:\\Users\\hp\\AppData\\Local\\Temp\\tmpbr4soz08\\jn0m4kv7.json', 'init=C:\\Users\\hp\\AppData\\Local\\Temp\\tmpbr4soz08\\4di35elu.json', 'output', 'file=C:\\Users\\hp\\AppData\\Local\\Temp\\tmpbr4soz08\\prophet_model7hy4lqld\\prophet_model-20250502203016.csv', 'method=optimize', 'algorithm=newton', 'iter=10000']
2025-05-02 20:30:16,907 - cmdstanpy - INFO - Chain [1] start processing
2025-05-02 20:30:22,810 - cmdstanpy - INFO - Chain [1] done processing
2025-05-02 20:30:22,837 - __main__ - INFO - Prophet model trained successfully
2025-05-02 20:30:22,887 - __main__ - INFO - Performance Metrics:
2025-05-02 20:30:22,887 - __main__ - INFO - MSE: 123.07
2025-05-02 20:30:22,887 - __main__ - INFO - RMSE: 11.09
2025-05-02 20:30:22,887 - __main__ - INFO - MAE: 8.92
2025-05-02 20:30:22,887 - __main__ - INFO - R2 Score: 0.93
2025-05-02 20:30:22,887 - __main__ - INFO - Sample Actual vs Predicted:
Actual: [534.18502834 558.65725266 527.5561492  537.92164216 570.57888441]
Predicted: [540.16552574 556.99188347 535.35455138 556.26012417 567.75889546]
2025-05-02 20:30:22,887 - __main__ - INFO - Logged 18 prediction errors for feedback loop
2025-05-02 20:30:22,937 - __main__ - INFO - Generated 7 future predictions
2025-05-02 20:30:23,165 - __main__ - INFO - Plot saved as nabil_stock_predictions_HBL.png
2025-05-02 20:30:23,169 - __main__ - INFO - Saved feedback log to feedback_log_HBL.csv
2025-05-02 20:30:23,172 - __main__ - INFO - DataFrame columns before saving for HBL: ['Date', 'Open', 'High', 'Low', 'Close', 'Volume', 'Daily_Return', 'MA5', 'MA20', 'Volatility', 'P_E_Ratio', 'combined_sentiment', 'Sentiment_Lag1', 'Sentiment_Trend', 'Predicted_Close']
2025-05-02 20:30:23,172 - __main__ - INFO - Number of columns: 15
2025-05-02 20:30:23,172 - __main__ - INFO - DataFrame shape: (97, 15)
2025-05-02 20:30:23,177 - __main__ - INFO - Saved combined data with predictions for HBL to combined_data_with_predictions_HBL.csv
2025-05-02 20:30:23,177 - __main__ - INFO - Prediction engine completed successfully for HBL
2025-05-02 20:30:23,180 - __main__ - INFO - Starting Sentimetrics AI prediction engine for EBL
2025-05-02 20:30:23,200 - __main__ - INFO - Loaded combined data for EBL with 90 rows
2025-05-02 20:30:23,201 - __main__ - INFO - Calculated technical indicators: RSI, MACD, and lagged Close prices
2025-05-02 20:30:23,204 - __main__ - INFO - Data preprocessing completed
2025-05-02 20:30:23,207 - __main__ - INFO - Training set size: 72, Testing set size: 18
2025-05-02 20:30:23,209 - __main__ - INFO - Test set Close price stats:
count     18.000000
mean     477.098319
std       26.651786
min      441.782477
25%      455.641702
50%      470.625157
75%      491.314256
max      526.114569
Name: Close, dtype: float64
2025-05-02 20:30:23,209 - cmdstanpy - DEBUG - cmd: where.exe tbb.dll
cwd: None
2025-05-02 20:30:23,267 - cmdstanpy - DEBUG - TBB already found in load path
2025-05-02 20:30:23,294 - cmdstanpy - DEBUG - input tempfile: C:\Users\hp\AppData\Local\Temp\tmpbr4soz08\cqrsad9n.json
2025-05-02 20:30:23,299 - cmdstanpy - DEBUG - input tempfile: C:\Users\hp\AppData\Local\Temp\tmpbr4soz08\5eohukja.json
2025-05-02 20:30:23,299 - cmdstanpy - DEBUG - idx 0
2025-05-02 20:30:23,299 - cmdstanpy - DEBUG - running CmdStan, num_threads: None
2025-05-02 20:30:23,299 - cmdstanpy - DEBUG - CmdStan args: ['C:\\Users\\hp\\AppData\\Roaming\\Python\\Python312\\site-packages\\prophet\\stan_model\\prophet_model.bin', 'random', 'seed=8160', 'data', 'file=C:\\Users\\hp\\AppData\\Local\\Temp\\tmpbr4soz08\\cqrsad9n.json', 'init=C:\\Users\\hp\\AppData\\Local\\Temp\\tmpbr4soz08\\5eohukja.json', 'output', 'file=C:\\Users\\hp\\AppData\\Local\\Temp\\tmpbr4soz08\\prophet_modelcqycnr5n\\prophet_model-20250502203023.csv', 'method=optimize', 'algorithm=newton', 'iter=10000']
2025-05-02 20:30:23,299 - cmdstanpy - INFO - Chain [1] start processing
2025-05-02 20:30:39,824 - cmdstanpy - INFO - Chain [1] done processing
2025-05-02 20:30:39,840 - __main__ - INFO - Prophet model trained successfully
2025-05-02 20:30:39,891 - __main__ - INFO - Performance Metrics:
2025-05-02 20:30:39,891 - __main__ - INFO - MSE: 77.29
2025-05-02 20:30:39,891 - __main__ - INFO - RMSE: 8.79
2025-05-02 20:30:39,891 - __main__ - INFO - MAE: 7.07
2025-05-02 20:30:39,891 - __main__ - INFO - R2 Score: 0.88
2025-05-02 20:30:39,891 - __main__ - INFO - Sample Actual vs Predicted:
Actual: [473.93414284 476.45474319 486.86509317 470.20929132 452.21521991]
Predicted: [478.67052388 475.13218243 493.04207325 484.73874042 449.9776766 ]
2025-05-02 20:30:39,891 - __main__ - INFO - Logged 18 prediction errors for feedback loop
2025-05-02 20:30:39,950 - __main__ - INFO - Generated 7 future predictions
2025-05-02 20:30:40,119 - __main__ - INFO - Plot saved as nabil_stock_predictions_EBL.png
2025-05-02 20:30:40,119 - __main__ - INFO - Saved feedback log to feedback_log_EBL.csv
2025-05-02 20:30:40,119 - __main__ - INFO - DataFrame columns before saving for EBL: ['Date', 'Open', 'High', 'Low', 'Close', 'Volume', 'Daily_Return', 'MA5', 'MA20', 'Volatility', 'P_E_Ratio', 'combined_sentiment', 'Sentiment_Lag1', 'Sentiment_Trend', 'Predicted_Close']
2025-05-02 20:30:40,119 - __main__ - INFO - Number of columns: 15
2025-05-02 20:30:40,119 - __main__ - INFO - DataFrame shape: (97, 15)
2025-05-02 20:30:40,129 - __main__ - INFO - Saved combined data with predictions for EBL to combined_data_with_predictions_EBL.csv
2025-05-02 20:30:40,129 - __main__ - INFO - Prediction engine completed successfully for EBL
2025-05-02 20:30:40,129 - __main__ - INFO - Starting Sentimetrics AI prediction engine for SCB
2025-05-02 20:30:40,154 - __main__ - INFO - Loaded combined data for SCB with 90 rows
2025-05-02 20:30:40,154 - __main__ - INFO - Calculated technical indicators: RSI, MACD, and lagged Close prices
2025-05-02 20:30:40,158 - __main__ - INFO - Data preprocessing completed
2025-05-02 20:30:40,160 - __main__ - INFO - Training set size: 72, Testing set size: 18
2025-05-02 20:30:40,168 - __main__ - INFO - Test set Close price stats:
count     18.000000
mean     524.441926
std       25.942704
min      472.740054
25%      502.008417
50%      533.944815
75%      545.750337
max      554.284028
Name: Close, dtype: float64
2025-05-02 20:30:40,171 - cmdstanpy - DEBUG - cmd: where.exe tbb.dll
cwd: None
2025-05-02 20:30:40,221 - cmdstanpy - DEBUG - TBB already found in load path
2025-05-02 20:30:40,247 - cmdstanpy - DEBUG - input tempfile: C:\Users\hp\AppData\Local\Temp\tmpbr4soz08\a3r5qbxl.json
2025-05-02 20:30:40,253 - cmdstanpy - DEBUG - input tempfile: C:\Users\hp\AppData\Local\Temp\tmpbr4soz08\qxgxv5vv.json
2025-05-02 20:30:40,256 - cmdstanpy - DEBUG - idx 0
2025-05-02 20:30:40,256 - cmdstanpy - DEBUG - running CmdStan, num_threads: None
2025-05-02 20:30:40,256 - cmdstanpy - DEBUG - CmdStan args: ['C:\\Users\\hp\\AppData\\Roaming\\Python\\Python312\\site-packages\\prophet\\stan_model\\prophet_model.bin', 'random', 'seed=6229', 'data', 'file=C:\\Users\\hp\\AppData\\Local\\Temp\\tmpbr4soz08\\a3r5qbxl.json', 'init=C:\\Users\\hp\\AppData\\Local\\Temp\\tmpbr4soz08\\qxgxv5vv.json', 'output', 'file=C:\\Users\\hp\\AppData\\Local\\Temp\\tmpbr4soz08\\prophet_modelanv377cf\\prophet_model-20250502203040.csv', 'method=optimize', 'algorithm=newton', 'iter=10000']
2025-05-02 20:30:40,256 - cmdstanpy - INFO - Chain [1] start processing
2025-05-02 20:30:54,693 - cmdstanpy - INFO - Chain [1] done processing
2025-05-02 20:30:54,710 - __main__ - INFO - Prophet model trained successfully
2025-05-02 20:30:54,763 - __main__ - INFO - Performance Metrics:
2025-05-02 20:30:54,763 - __main__ - INFO - MSE: 93.39
2025-05-02 20:30:54,763 - __main__ - INFO - RMSE: 9.66
2025-05-02 20:30:54,763 - __main__ - INFO - MAE: 7.77
2025-05-02 20:30:54,763 - __main__ - INFO - R2 Score: 0.85
2025-05-02 20:30:54,763 - __main__ - INFO - Sample Actual vs Predicted:
Actual: [472.74005387 490.09882226 494.63593944 489.29572774 505.92209167]
Predicted: [477.94960712 488.64818455 501.42903298 505.27013641 503.46568487]
2025-05-02 20:30:54,763 - __main__ - INFO - Logged 18 prediction errors for feedback loop
2025-05-02 20:30:54,817 - __main__ - INFO - Generated 7 future predictions
2025-05-02 20:30:54,999 - __main__ - INFO - Plot saved as nabil_stock_predictions_SCB.png
2025-05-02 20:30:55,002 - __main__ - INFO - Saved feedback log to feedback_log_SCB.csv
2025-05-02 20:30:55,002 - __main__ - INFO - DataFrame columns before saving for SCB: ['Date', 'Open', 'High', 'Low', 'Close', 'Volume', 'Daily_Return', 'MA5', 'MA20', 'Volatility', 'P_E_Ratio', 'combined_sentiment', 'Sentiment_Lag1', 'Sentiment_Trend', 'Predicted_Close']
2025-05-02 20:30:55,002 - __main__ - INFO - Number of columns: 15
2025-05-02 20:30:55,002 - __main__ - INFO - DataFrame shape: (97, 15)
2025-05-02 20:30:55,010 - __main__ - INFO - Saved combined data with predictions for SCB to combined_data_with_predictions_SCB.csv
2025-05-02 20:30:55,010 - __main__ - INFO - Prediction engine completed successfully for SCB
2025-05-02 20:30:55,012 - __main__ - INFO - Starting Sentimetrics AI prediction engine for KBL
2025-05-02 20:30:55,031 - __main__ - INFO - Loaded combined data for KBL with 90 rows
2025-05-02 20:30:55,032 - __main__ - INFO - Calculated technical indicators: RSI, MACD, and lagged Close prices
2025-05-02 20:30:55,037 - __main__ - INFO - Data preprocessing completed
2025-05-02 20:30:55,040 - __main__ - INFO - Training set size: 72, Testing set size: 18
2025-05-02 20:30:55,040 - __main__ - INFO - Test set Close price stats:
count     18.000000
mean     378.197134
std       45.000502
min      318.549570
25%      341.665279
50%      361.144708
75%      425.013012
max      449.353965
Name: Close, dtype: float64
2025-05-02 20:30:55,040 - cmdstanpy - DEBUG - cmd: where.exe tbb.dll
cwd: None
2025-05-02 20:30:55,105 - cmdstanpy - DEBUG - TBB already found in load path
2025-05-02 20:30:55,123 - cmdstanpy - DEBUG - input tempfile: C:\Users\hp\AppData\Local\Temp\tmpbr4soz08\16yosjjz.json
2025-05-02 20:30:55,129 - cmdstanpy - DEBUG - input tempfile: C:\Users\hp\AppData\Local\Temp\tmpbr4soz08\z1o4xuu9.json
2025-05-02 20:30:55,134 - cmdstanpy - DEBUG - idx 0
2025-05-02 20:30:55,134 - cmdstanpy - DEBUG - running CmdStan, num_threads: None
2025-05-02 20:30:55,134 - cmdstanpy - DEBUG - CmdStan args: ['C:\\Users\\hp\\AppData\\Roaming\\Python\\Python312\\site-packages\\prophet\\stan_model\\prophet_model.bin', 'random', 'seed=46627', 'data', 'file=C:\\Users\\hp\\AppData\\Local\\Temp\\tmpbr4soz08\\16yosjjz.json', 'init=C:\\Users\\hp\\AppData\\Local\\Temp\\tmpbr4soz08\\z1o4xuu9.json', 'output', 'file=C:\\Users\\hp\\AppData\\Local\\Temp\\tmpbr4soz08\\prophet_modelrukj4916\\prophet_model-20250502203055.csv', 'method=optimize', 'algorithm=newton', 'iter=10000']
2025-05-02 20:30:55,134 - cmdstanpy - INFO - Chain [1] start processing
2025-05-02 20:31:22,129 - cmdstanpy - INFO - Chain [1] done processing
2025-05-02 20:31:22,148 - __main__ - INFO - Prophet model trained successfully
2025-05-02 20:31:22,206 - __main__ - INFO - Performance Metrics:
2025-05-02 20:31:22,206 - __main__ - INFO - MSE: 48.57
2025-05-02 20:31:22,206 - __main__ - INFO - RMSE: 6.97
2025-05-02 20:31:22,206 - __main__ - INFO - MAE: 5.60
2025-05-02 20:31:22,206 - __main__ - INFO - R2 Score: 0.97
2025-05-02 20:31:22,206 - __main__ - INFO - Sample Actual vs Predicted:
Actual: [449.35396539 440.15713481 442.09791817 432.88791632 427.80310023]
Predicted: [453.10906253 439.10932848 446.99500623 444.40607315 426.03004437]
2025-05-02 20:31:22,206 - __main__ - INFO - Logged 18 prediction errors for feedback loop
2025-05-02 20:31:22,259 - __main__ - INFO - Generated 7 future predictions
2025-05-02 20:31:22,434 - __main__ - INFO - Plot saved as nabil_stock_predictions_KBL.png
2025-05-02 20:31:22,436 - __main__ - INFO - Saved feedback log to feedback_log_KBL.csv
2025-05-02 20:31:22,436 - __main__ - INFO - DataFrame columns before saving for KBL: ['Date', 'Open', 'High', 'Low', 'Close', 'Volume', 'Daily_Return', 'MA5', 'MA20', 'Volatility', 'P_E_Ratio', 'combined_sentiment', 'Sentiment_Lag1', 'Sentiment_Trend', 'Predicted_Close']
2025-05-02 20:31:22,436 - __main__ - INFO - Number of columns: 15
2025-05-02 20:31:22,436 - __main__ - INFO - DataFrame shape: (97, 15)
2025-05-02 20:31:22,442 - __main__ - INFO - Saved combined data with predictions for KBL to combined_data_with_predictions_KBL.csv
2025-05-02 20:31:22,443 - __main__ - INFO - Prediction engine completed successfully for KBL
2025-05-02 20:31:22,443 - __main__ - INFO - Starting Sentimetrics AI prediction engine for NMB
2025-05-02 20:31:22,461 - __main__ - INFO - Loaded combined data for NMB with 90 rows
2025-05-02 20:31:22,470 - __main__ - INFO - Calculated technical indicators: RSI, MACD, and lagged Close prices
2025-05-02 20:31:22,472 - __main__ - INFO - Data preprocessing completed
2025-05-02 20:31:22,475 - __main__ - INFO - Training set size: 72, Testing set size: 18
2025-05-02 20:31:22,476 - __main__ - INFO - Test set Close price stats:
count     18.000000
mean     550.342481
std       34.945016
min      503.437377
25%      519.183425
50%      544.447532
75%      579.555026
max      610.000000
Name: Close, dtype: float64
2025-05-02 20:31:22,479 - cmdstanpy - DEBUG - cmd: where.exe tbb.dll
cwd: None
2025-05-02 20:31:22,538 - cmdstanpy - DEBUG - TBB already found in load path
2025-05-02 20:31:22,561 - cmdstanpy - DEBUG - input tempfile: C:\Users\hp\AppData\Local\Temp\tmpbr4soz08\747xcae0.json
2025-05-02 20:31:22,566 - cmdstanpy - DEBUG - input tempfile: C:\Users\hp\AppData\Local\Temp\tmpbr4soz08\pyodsy4m.json
2025-05-02 20:31:22,566 - cmdstanpy - DEBUG - idx 0
2025-05-02 20:31:22,566 - cmdstanpy - DEBUG - running CmdStan, num_threads: None
2025-05-02 20:31:22,566 - cmdstanpy - DEBUG - CmdStan args: ['C:\\Users\\hp\\AppData\\Roaming\\Python\\Python312\\site-packages\\prophet\\stan_model\\prophet_model.bin', 'random', 'seed=71691', 'data', 'file=C:\\Users\\hp\\AppData\\Local\\Temp\\tmpbr4soz08\\747xcae0.json', 'init=C:\\Users\\hp\\AppData\\Local\\Temp\\tmpbr4soz08\\pyodsy4m.json', 'output', 'file=C:\\Users\\hp\\AppData\\Local\\Temp\\tmpbr4soz08\\prophet_modelbhz6mi1_\\prophet_model-20250502203122.csv', 'method=optimize', 'algorithm=newton', 'iter=10000']
2025-05-02 20:31:22,566 - cmdstanpy - INFO - Chain [1] start processing
2025-05-02 20:31:27,436 - cmdstanpy - INFO - Chain [1] done processing
2025-05-02 20:31:27,446 - __main__ - INFO - Prophet model trained successfully
2025-05-02 20:31:27,519 - __main__ - INFO - Performance Metrics:
2025-05-02 20:31:27,519 - __main__ - INFO - MSE: 102.83
2025-05-02 20:31:27,519 - __main__ - INFO - RMSE: 10.14
2025-05-02 20:31:27,519 - __main__ - INFO - MAE: 8.15
2025-05-02 20:31:27,519 - __main__ - INFO - R2 Score: 0.91
2025-05-02 20:31:27,519 - __main__ - INFO - Sample Actual vs Predicted:
Actual: [589.83178327 610.         607.11535414 595.68925619 585.47867995]
Predicted: [595.30226282 608.48135658 614.24757694 612.45623526 582.90461284]
2025-05-02 20:31:27,521 - __main__ - INFO - Logged 18 prediction errors for feedback loop
2025-05-02 20:31:27,583 - __main__ - INFO - Generated 7 future predictions
2025-05-02 20:31:27,786 - __main__ - INFO - Plot saved as nabil_stock_predictions_NMB.png
2025-05-02 20:31:27,786 - __main__ - INFO - Saved feedback log to feedback_log_NMB.csv
2025-05-02 20:31:27,790 - __main__ - INFO - DataFrame columns before saving for NMB: ['Date', 'Open', 'High', 'Low', 'Close', 'Volume', 'Daily_Return', 'MA5', 'MA20', 'Volatility', 'P_E_Ratio', 'combined_sentiment', 'Sentiment_Lag1', 'Sentiment_Trend', 'Predicted_Close']
2025-05-02 20:31:27,790 - __main__ - INFO - Number of columns: 15
2025-05-02 20:31:27,790 - __main__ - INFO - DataFrame shape: (97, 15)
2025-05-02 20:31:27,797 - __main__ - INFO - Saved combined data with predictions for NMB to combined_data_with_predictions_NMB.csv
2025-05-02 20:31:27,797 - __main__ - INFO - Prediction engine completed successfully for NMB
2025-05-02 20:31:27,797 - __main__ - INFO - Starting Sentimetrics AI prediction engine for GBIME
2025-05-02 20:31:27,801 - __main__ - INFO - Loaded combined data for GBIME with 90 rows
2025-05-02 20:31:27,801 - __main__ - INFO - Calculated technical indicators: RSI, MACD, and lagged Close prices
2025-05-02 20:31:27,808 - __main__ - INFO - Data preprocessing completed
2025-05-02 20:31:27,811 - __main__ - INFO - Training set size: 72, Testing set size: 18
2025-05-02 20:31:27,818 - __main__ - INFO - Test set Close price stats:
count     18.000000
mean     484.892410
std       31.433846
min      439.939634
25%      458.439125
50%      478.988002
75%      514.565130
max      540.273008
Name: Close, dtype: float64
2025-05-02 20:31:27,818 - cmdstanpy - DEBUG - cmd: where.exe tbb.dll
cwd: None
2025-05-02 20:31:27,886 - cmdstanpy - DEBUG - TBB already found in load path
2025-05-02 20:31:27,906 - cmdstanpy - DEBUG - input tempfile: C:\Users\hp\AppData\Local\Temp\tmpbr4soz08\az9fguuh.json
2025-05-02 20:31:27,913 - cmdstanpy - DEBUG - input tempfile: C:\Users\hp\AppData\Local\Temp\tmpbr4soz08\k1rb_jve.json
2025-05-02 20:31:27,916 - cmdstanpy - DEBUG - idx 0
2025-05-02 20:31:27,916 - cmdstanpy - DEBUG - running CmdStan, num_threads: None
2025-05-02 20:31:27,916 - cmdstanpy - DEBUG - CmdStan args: ['C:\\Users\\hp\\AppData\\Roaming\\Python\\Python312\\site-packages\\prophet\\stan_model\\prophet_model.bin', 'random', 'seed=30321', 'data', 'file=C:\\Users\\hp\\AppData\\Local\\Temp\\tmpbr4soz08\\az9fguuh.json', 'init=C:\\Users\\hp\\AppData\\Local\\Temp\\tmpbr4soz08\\k1rb_jve.json', 'output', 'file=C:\\Users\\hp\\AppData\\Local\\Temp\\tmpbr4soz08\\prophet_modelkkn2kjxb\\prophet_model-20250502203127.csv', 'method=optimize', 'algorithm=newton', 'iter=10000']
2025-05-02 20:31:27,916 - cmdstanpy - INFO - Chain [1] start processing
2025-05-02 20:31:40,887 - cmdstanpy - INFO - Chain [1] done processing
2025-05-02 20:31:40,898 - __main__ - INFO - Prophet model trained successfully
2025-05-02 20:31:40,958 - __main__ - INFO - Performance Metrics:
2025-05-02 20:31:40,958 - __main__ - INFO - MSE: 79.83
2025-05-02 20:31:40,958 - __main__ - INFO - RMSE: 8.93
2025-05-02 20:31:40,958 - __main__ - INFO - MAE: 7.18
2025-05-02 20:31:40,958 - __main__ - INFO - R2 Score: 0.91
2025-05-02 20:31:40,958 - __main__ - INFO - Sample Actual vs Predicted:
Actual: [525.77217773 540.27300848 516.56930922 525.26937118 508.55259415]
Predicted: [530.58810525 538.93100113 522.84936989 540.03835294 506.28069146]
2025-05-02 20:31:40,958 - __main__ - INFO - Logged 18 prediction errors for feedback loop
2025-05-02 20:31:41,007 - __main__ - INFO - Generated 7 future predictions
2025-05-02 20:31:41,173 - __main__ - INFO - Plot saved as nabil_stock_predictions_GBIME.png
2025-05-02 20:31:41,176 - __main__ - INFO - Saved feedback log to feedback_log_GBIME.csv
2025-05-02 20:31:41,178 - __main__ - INFO - DataFrame columns before saving for GBIME: ['Date', 'Open', 'High', 'Low', 'Close', 'Volume', 'Daily_Return', 'MA5', 'MA20', 'Volatility', 'P_E_Ratio', 'combined_sentiment', 'Sentiment_Lag1', 'Sentiment_Trend', 'Predicted_Close']
2025-05-02 20:31:41,178 - __main__ - INFO - Number of columns: 15
2025-05-02 20:31:41,178 - __main__ - INFO - DataFrame shape: (97, 15)
2025-05-02 20:31:41,180 - __main__ - INFO - Saved combined data with predictions for GBIME to combined_data_with_predictions_GBIME.csv
2025-05-02 20:31:41,180 - __main__ - INFO - Prediction engine completed successfully for GBIME
2025-05-02 20:31:41,180 - __main__ - INFO - Starting Sentimetrics AI prediction engine for NICA
2025-05-02 20:31:41,198 - __main__ - INFO - Loaded combined data for NICA with 90 rows
2025-05-02 20:31:41,200 - __main__ - INFO - Calculated technical indicators: RSI, MACD, and lagged Close prices
2025-05-02 20:31:41,203 - __main__ - INFO - Data preprocessing completed
2025-05-02 20:31:41,206 - __main__ - INFO - Training set size: 72, Testing set size: 18
2025-05-02 20:31:41,211 - __main__ - INFO - Test set Close price stats:
count     18.000000
mean     400.473343
std       14.803476
min      379.855454
25%      387.796748
50%      400.016604
75%      412.276971
max      429.881711
Name: Close, dtype: float64
2025-05-02 20:31:41,212 - cmdstanpy - DEBUG - cmd: where.exe tbb.dll
cwd: None
2025-05-02 20:31:41,268 - cmdstanpy - DEBUG - TBB already found in load path
2025-05-02 20:31:41,298 - cmdstanpy - DEBUG - input tempfile: C:\Users\hp\AppData\Local\Temp\tmpbr4soz08\ljy33q8l.json
2025-05-02 20:31:41,303 - cmdstanpy - DEBUG - input tempfile: C:\Users\hp\AppData\Local\Temp\tmpbr4soz08\kjztmztx.json
2025-05-02 20:31:41,303 - cmdstanpy - DEBUG - idx 0
2025-05-02 20:31:41,306 - cmdstanpy - DEBUG - running CmdStan, num_threads: None
2025-05-02 20:31:41,306 - cmdstanpy - DEBUG - CmdStan args: ['C:\\Users\\hp\\AppData\\Roaming\\Python\\Python312\\site-packages\\prophet\\stan_model\\prophet_model.bin', 'random', 'seed=98242', 'data', 'file=C:\\Users\\hp\\AppData\\Local\\Temp\\tmpbr4soz08\\ljy33q8l.json', 'init=C:\\Users\\hp\\AppData\\Local\\Temp\\tmpbr4soz08\\kjztmztx.json', 'output', 'file=C:\\Users\\hp\\AppData\\Local\\Temp\\tmpbr4soz08\\prophet_model9_i0wbie\\prophet_model-20250502203141.csv', 'method=optimize', 'algorithm=newton', 'iter=10000']
2025-05-02 20:31:41,306 - cmdstanpy - INFO - Chain [1] start processing
2025-05-02 20:31:56,716 - cmdstanpy - INFO - Chain [1] done processing
2025-05-02 20:31:56,731 - __main__ - INFO - Prophet model trained successfully
2025-05-02 20:31:56,786 - __main__ - INFO - Performance Metrics:
2025-05-02 20:31:56,786 - __main__ - INFO - MSE: 54.45
2025-05-02 20:31:56,786 - __main__ - INFO - RMSE: 7.38
2025-05-02 20:31:56,786 - __main__ - INFO - MAE: 5.93
2025-05-02 20:31:56,786 - __main__ - INFO - R2 Score: 0.74
2025-05-02 20:31:56,786 - __main__ - INFO - Sample Actual vs Predicted:
Actual: [392.73627833 405.20752604 390.50318002 412.76155444 384.05600164]
Predicted: [396.71478452 404.10018955 395.69091121 424.96029614 382.18065123]
2025-05-02 20:31:56,786 - __main__ - INFO - Logged 18 prediction errors for feedback loop
2025-05-02 20:31:56,846 - __main__ - INFO - Generated 7 future predictions
2025-05-02 20:31:57,014 - __main__ - INFO - Plot saved as nabil_stock_predictions_NICA.png
2025-05-02 20:31:57,017 - __main__ - INFO - Saved feedback log to feedback_log_NICA.csv
2025-05-02 20:31:57,017 - __main__ - INFO - DataFrame columns before saving for NICA: ['Date', 'Open', 'High', 'Low', 'Close', 'Volume', 'Daily_Return', 'MA5', 'MA20', 'Volatility', 'P_E_Ratio', 'combined_sentiment', 'Sentiment_Lag1', 'Sentiment_Trend', 'Predicted_Close']
2025-05-02 20:31:57,017 - __main__ - INFO - Number of columns: 15
2025-05-02 20:31:57,017 - __main__ - INFO - DataFrame shape: (97, 15)
2025-05-02 20:31:57,024 - __main__ - INFO - Saved combined data with predictions for NICA to combined_data_with_predictions_NICA.csv
2025-05-02 20:31:57,026 - __main__ - INFO - Prediction engine completed successfully for NICA
2025-05-02 20:31:57,026 - __main__ - INFO - Starting Sentimetrics AI prediction engine for PRVU
2025-05-02 20:31:57,086 - __main__ - INFO - Loaded combined data for PRVU with 90 rows
2025-05-02 20:31:57,086 - __main__ - INFO - Calculated technical indicators: RSI, MACD, and lagged Close prices
2025-05-02 20:31:57,086 - __main__ - INFO - Data preprocessing completed
2025-05-02 20:31:57,101 - __main__ - INFO - Training set size: 72, Testing set size: 18
2025-05-02 20:31:57,103 - __main__ - INFO - Test set Close price stats:
count     18.000000
mean     479.469188
std       13.719398
min      464.099111
25%      469.636772
50%      476.074976
75%      487.335346
max      521.008833
Name: Close, dtype: float64
2025-05-02 20:31:57,106 - cmdstanpy - DEBUG - cmd: where.exe tbb.dll
cwd: None
2025-05-02 20:31:57,160 - cmdstanpy - DEBUG - TBB already found in load path
2025-05-02 20:31:57,186 - cmdstanpy - DEBUG - input tempfile: C:\Users\hp\AppData\Local\Temp\tmpbr4soz08\5l25qju0.json
2025-05-02 20:31:57,190 - cmdstanpy - DEBUG - input tempfile: C:\Users\hp\AppData\Local\Temp\tmpbr4soz08\99tp75lr.json
2025-05-02 20:31:57,190 - cmdstanpy - DEBUG - idx 0
2025-05-02 20:31:57,190 - cmdstanpy - DEBUG - running CmdStan, num_threads: None
2025-05-02 20:31:57,190 - cmdstanpy - DEBUG - CmdStan args: ['C:\\Users\\hp\\AppData\\Roaming\\Python\\Python312\\site-packages\\prophet\\stan_model\\prophet_model.bin', 'random', 'seed=40091', 'data', 'file=C:\\Users\\hp\\AppData\\Local\\Temp\\tmpbr4soz08\\5l25qju0.json', 'init=C:\\Users\\hp\\AppData\\Local\\Temp\\tmpbr4soz08\\99tp75lr.json', 'output', 'file=C:\\Users\\hp\\AppData\\Local\\Temp\\tmpbr4soz08\\prophet_modelc5fmdf5f\\prophet_model-20250502203157.csv', 'method=optimize', 'algorithm=newton', 'iter=10000']
2025-05-02 20:31:57,196 - cmdstanpy - INFO - Chain [1] start processing
2025-05-02 20:32:18,867 - cmdstanpy - INFO - Chain [1] done processing
2025-05-02 20:32:18,891 - __main__ - INFO - Prophet model trained successfully
2025-05-02 20:32:18,947 - __main__ - INFO - Performance Metrics:
2025-05-02 20:32:18,947 - __main__ - INFO - MSE: 78.06
2025-05-02 20:32:18,947 - __main__ - INFO - RMSE: 8.83
2025-05-02 20:32:18,947 - __main__ - INFO - MAE: 7.10
2025-05-02 20:32:18,947 - __main__ - INFO - R2 Score: 0.56
2025-05-02 20:32:18,947 - __main__ - INFO - Feedback: R2 score is low. Consider adding more features or using a different model.
2025-05-02 20:32:18,947 - __main__ - INFO - Sample Actual vs Predicted:
Actual: [521.00883334 483.49111444 487.52896057 484.37224917 487.45270482]
Predicted: [525.77202466 482.16524872 493.73989877 498.97717077 485.20732251]
2025-05-02 20:32:18,947 - __main__ - INFO - Logged 18 prediction errors for feedback loop
2025-05-02 20:32:19,008 - __main__ - INFO - Generated 7 future predictions
2025-05-02 20:32:19,171 - __main__ - INFO - Plot saved as nabil_stock_predictions_PRVU.png
2025-05-02 20:32:19,174 - __main__ - INFO - Saved feedback log to feedback_log_PRVU.csv
2025-05-02 20:32:19,176 - __main__ - INFO - DataFrame columns before saving for PRVU: ['Date', 'Open', 'High', 'Low', 'Close', 'Volume', 'Daily_Return', 'MA5', 'MA20', 'Volatility', 'P_E_Ratio', 'combined_sentiment', 'Sentiment_Lag1', 'Sentiment_Trend', 'Predicted_Close']
2025-05-02 20:32:19,176 - __main__ - INFO - Number of columns: 15
2025-05-02 20:32:19,176 - __main__ - INFO - DataFrame shape: (97, 15)
2025-05-02 20:32:19,178 - __main__ - INFO - Saved combined data with predictions for PRVU to combined_data_with_predictions_PRVU.csv
2025-05-02 20:32:19,178 - __main__ - INFO - Prediction engine completed successfully for PRVU
2025-05-02 20:32:19,178 - __main__ - INFO - Starting Sentimetrics AI prediction engine for SBI
2025-05-02 20:32:19,191 - __main__ - INFO - Loaded combined data for SBI with 90 rows
2025-05-02 20:32:19,199 - __main__ - INFO - Calculated technical indicators: RSI, MACD, and lagged Close prices
2025-05-02 20:32:19,202 - __main__ - INFO - Data preprocessing completed
2025-05-02 20:32:19,207 - __main__ - INFO - Training set size: 72, Testing set size: 18
2025-05-02 20:32:19,207 - __main__ - INFO - Test set Close price stats:
count     18.000000
mean     499.313859
std       46.245463
min      445.381224
25%      457.033631
50%      484.527565
75%      551.574414
max      560.000000
Name: Close, dtype: float64
2025-05-02 20:32:19,207 - cmdstanpy - DEBUG - cmd: where.exe tbb.dll
cwd: None
2025-05-02 20:32:19,268 - cmdstanpy - DEBUG - TBB already found in load path
2025-05-02 20:32:19,291 - cmdstanpy - DEBUG - input tempfile: C:\Users\hp\AppData\Local\Temp\tmpbr4soz08\yw3px690.json
2025-05-02 20:32:19,295 - cmdstanpy - DEBUG - input tempfile: C:\Users\hp\AppData\Local\Temp\tmpbr4soz08\5p6rxnbu.json
2025-05-02 20:32:19,297 - cmdstanpy - DEBUG - idx 0
2025-05-02 20:32:19,297 - cmdstanpy - DEBUG - running CmdStan, num_threads: None
2025-05-02 20:32:19,297 - cmdstanpy - DEBUG - CmdStan args: ['C:\\Users\\hp\\AppData\\Roaming\\Python\\Python312\\site-packages\\prophet\\stan_model\\prophet_model.bin', 'random', 'seed=4691', 'data', 'file=C:\\Users\\hp\\AppData\\Local\\Temp\\tmpbr4soz08\\yw3px690.json', 'init=C:\\Users\\hp\\AppData\\Local\\Temp\\tmpbr4soz08\\5p6rxnbu.json', 'output', 'file=C:\\Users\\hp\\AppData\\Local\\Temp\\tmpbr4soz08\\prophet_model3gymkv5a\\prophet_model-20250502203219.csv', 'method=optimize', 'algorithm=newton', 'iter=10000']
2025-05-02 20:32:19,297 - cmdstanpy - INFO - Chain [1] start processing
2025-05-02 20:32:45,747 - cmdstanpy - INFO - Chain [1] done processing
2025-05-02 20:32:45,775 - __main__ - INFO - Prophet model trained successfully
2025-05-02 20:32:45,840 - __main__ - INFO - Performance Metrics:
2025-05-02 20:32:45,840 - __main__ - INFO - MSE: 84.65
2025-05-02 20:32:45,840 - __main__ - INFO - RMSE: 9.20
2025-05-02 20:32:45,840 - __main__ - INFO - MAE: 7.40
2025-05-02 20:32:45,840 - __main__ - INFO - R2 Score: 0.96
2025-05-02 20:32:45,840 - __main__ - INFO - Sample Actual vs Predicted:
Actual: [560.         560.         560.         560.         555.92162995]
Predicted: [564.96296741 558.62189655 566.47063947 575.21204051 553.58595215]
2025-05-02 20:32:45,840 - __main__ - INFO - Logged 18 prediction errors for feedback loop
2025-05-02 20:32:45,897 - __main__ - INFO - Generated 7 future predictions
2025-05-02 20:32:46,079 - __main__ - INFO - Plot saved as nabil_stock_predictions_SBI.png
2025-05-02 20:32:46,079 - __main__ - INFO - Saved feedback log to feedback_log_SBI.csv
2025-05-02 20:32:46,083 - __main__ - INFO - DataFrame columns before saving for SBI: ['Date', 'Open', 'High', 'Low', 'Close', 'Volume', 'Daily_Return', 'MA5', 'MA20', 'Volatility', 'P_E_Ratio', 'combined_sentiment', 'Sentiment_Lag1', 'Sentiment_Trend', 'Predicted_Close']
2025-05-02 20:32:46,083 - __main__ - INFO - Number of columns: 15
2025-05-02 20:32:46,083 - __main__ - INFO - DataFrame shape: (97, 15)
2025-05-02 20:32:46,089 - __main__ - INFO - Saved combined data with predictions for SBI to combined_data_with_predictions_SBI.csv
2025-05-02 20:32:46,089 - __main__ - INFO - Prediction engine completed successfully for SBI
2025-05-02 20:32:46,089 - __main__ - INFO - Starting Sentimetrics AI prediction engine for ADBL
2025-05-02 20:32:46,111 - __main__ - INFO - Loaded combined data for ADBL with 90 rows
2025-05-02 20:32:46,115 - __main__ - INFO - Calculated technical indicators: RSI, MACD, and lagged Close prices
2025-05-02 20:32:46,117 - __main__ - INFO - Data preprocessing completed
2025-05-02 20:32:46,122 - __main__ - INFO - Training set size: 72, Testing set size: 18
2025-05-02 20:32:46,126 - __main__ - INFO - Test set Close price stats:
count     18.000000
mean     544.493934
std       32.836397
min      497.101602
25%      522.745913
50%      532.448313
75%      572.545298
max      609.590901
Name: Close, dtype: float64
2025-05-02 20:32:46,128 - cmdstanpy - DEBUG - cmd: where.exe tbb.dll
cwd: None
2025-05-02 20:32:46,183 - cmdstanpy - DEBUG - TBB already found in load path
2025-05-02 20:32:46,205 - cmdstanpy - DEBUG - input tempfile: C:\Users\hp\AppData\Local\Temp\tmpbr4soz08\8go9of71.json
2025-05-02 20:32:46,212 - cmdstanpy - DEBUG - input tempfile: C:\Users\hp\AppData\Local\Temp\tmpbr4soz08\_j79u1m3.json
2025-05-02 20:32:46,215 - cmdstanpy - DEBUG - idx 0
2025-05-02 20:32:46,215 - cmdstanpy - DEBUG - running CmdStan, num_threads: None
2025-05-02 20:32:46,215 - cmdstanpy - DEBUG - CmdStan args: ['C:\\Users\\hp\\AppData\\Roaming\\Python\\Python312\\site-packages\\prophet\\stan_model\\prophet_model.bin', 'random', 'seed=41934', 'data', 'file=C:\\Users\\hp\\AppData\\Local\\Temp\\tmpbr4soz08\\8go9of71.json', 'init=C:\\Users\\hp\\AppData\\Local\\Temp\\tmpbr4soz08\\_j79u1m3.json', 'output', 'file=C:\\Users\\hp\\AppData\\Local\\Temp\\tmpbr4soz08\\prophet_modelx8mjzg69\\prophet_model-20250502203246.csv', 'method=optimize', 'algorithm=newton', 'iter=10000']
2025-05-02 20:32:46,215 - cmdstanpy - INFO - Chain [1] start processing
2025-05-02 20:33:12,160 - cmdstanpy - INFO - Chain [1] done processing
2025-05-02 20:33:12,167 - __main__ - INFO - Prophet model trained successfully
2025-05-02 20:33:12,244 - __main__ - INFO - Performance Metrics:
2025-05-02 20:33:12,244 - __main__ - INFO - MSE: 100.66
2025-05-02 20:33:12,244 - __main__ - INFO - RMSE: 10.03
2025-05-02 20:33:12,244 - __main__ - INFO - MAE: 8.07
2025-05-02 20:33:12,244 - __main__ - INFO - R2 Score: 0.90
2025-05-02 20:33:12,246 - __main__ - INFO - Sample Actual vs Predicted:
Actual: [609.59090124 580.51668863 592.60660407 585.89393169 561.10730108]
Predicted: [615.00279844 579.01374221 599.66259092 602.48227807 558.56013075]
2025-05-02 20:33:12,246 - __main__ - INFO - Logged 18 prediction errors for feedback loop
2025-05-02 20:33:12,298 - __main__ - INFO - Generated 7 future predictions
2025-05-02 20:33:12,463 - __main__ - INFO - Plot saved as nabil_stock_predictions_ADBL.png
2025-05-02 20:33:12,464 - __main__ - INFO - Saved feedback log to feedback_log_ADBL.csv
2025-05-02 20:33:12,468 - __main__ - INFO - DataFrame columns before saving for ADBL: ['Date', 'Open', 'High', 'Low', 'Close', 'Volume', 'Daily_Return', 'MA5', 'MA20', 'Volatility', 'P_E_Ratio', 'combined_sentiment', 'Sentiment_Lag1', 'Sentiment_Trend', 'Predicted_Close']
2025-05-02 20:33:12,468 - __main__ - INFO - Number of columns: 15
2025-05-02 20:33:12,468 - __main__ - INFO - DataFrame shape: (97, 15)
2025-05-02 20:33:12,475 - __main__ - INFO - Saved combined data with predictions for ADBL to combined_data_with_predictions_ADBL.csv
2025-05-02 20:33:12,475 - __main__ - INFO - Prediction engine completed successfully for ADBL
