2025-05-02 00:10:54,650 - __main__ - INFO - Starting sentiment analysis pipeline
2025-05-02 00:10:56,320 - __main__ - INFO - BERT model initialized successfully
2025-05-02 00:10:56,324 - __main__ - INFO - Using BERT for sentiment analysis
2025-05-02 00:10:56,514 - __main__ - INFO - Processed 5 news articles
2025-05-02 00:10:56,514 - __main__ - INFO - Fetching AAPL data from 2024-01-01 to 2024-01-10
2025-05-02 00:10:57,368 - __main__ - ERROR - Pipeline failed: Metrics calculation failed
2025-05-02 00:13:25,897 - __main__ - INFO - Starting sentiment analysis pipeline
2025-05-02 00:13:27,621 - __main__ - INFO - BERT model initialized successfully
2025-05-02 00:13:27,626 - __main__ - INFO - Using BERT for sentiment analysis
2025-05-02 00:13:27,816 - __main__ - INFO - Processed 5 news articles
2025-05-02 00:13:27,817 - __main__ - INFO - Fetching AAPL data from 2024-01-01 to 2024-01-10
2025-05-02 00:13:28,674 - __main__ - ERROR - Metrics calculation error: ['Daily_Return', 'MA5', 'MA20', 'Volatility']
2025-05-02 00:13:28,674 - __main__ - ERROR - Pipeline failed: Metrics calculation failed - check if sufficient data points exist
2025-05-02 00:19:50,998 - __main__ - INFO - Starting sentiment analysis pipeline
2025-05-02 00:19:50,999 - __main__ - INFO - Twitter API initialized successfully
2025-05-02 00:19:52,805 - __main__ - INFO - BERT model initialized successfully
2025-05-02 00:19:52,805 - tweepy.api - WARNING - Unexpected parameter: since
2025-05-02 00:19:53,354 - __main__ - ERROR - Error fetching tweets: 401 Unauthorized
32 - Could not authenticate you.
2025-05-02 00:19:53,355 - __main__ - ERROR - Pipeline failed: No tweets fetched - check Twitter API credentials
2025-05-02 00:22:30,924 - __main__ - INFO - Starting sentiment analysis pipeline
2025-05-02 00:22:30,924 - __main__ - INFO - Twitter API v2 initialized successfully
2025-05-02 00:24:33,531 - __main__ - INFO - BERT model initialized successfully
2025-05-02 00:24:34,062 - __main__ - ERROR - Error fetching tweets: 401 Unauthorized
Unauthorized
2025-05-02 00:24:34,064 - __main__ - ERROR - Pipeline failed: No tweets fetched - check Twitter API credentials and access level
2025-05-02 00:27:22,529 - __main__ - INFO - Starting sentiment analysis pipeline
2025-05-02 00:27:22,529 - __main__ - INFO - Twitter API v2 initialized successfully
2025-05-02 00:27:26,409 - __main__ - INFO - BERT model initialized successfully
2025-05-02 00:27:26,716 - __main__ - ERROR - Error fetching tweets: 401 Unauthorized
Unauthorized
2025-05-02 00:27:26,718 - __main__ - ERROR - Pipeline failed: No tweets fetched - check Twitter API credentials and access level
2025-05-02 00:29:58,659 - __main__ - INFO - Starting sentiment analysis pipeline
2025-05-02 00:29:58,659 - __main__ - INFO - Twitter API v2 initialized successfully
2025-05-02 00:29:58,659 - __main__ - ERROR - Authentication test failed: Consumer key must be string or bytes, not NoneType
2025-05-02 00:29:58,659 - __main__ - WARNING - Twitter authentication failed - proceeding with mock data
2025-05-02 00:30:02,502 - __main__ - INFO - BERT model initialized successfully
2025-05-02 00:30:02,787 - __main__ - ERROR - Error fetching tweets: 401 Unauthorized
Unauthorized
2025-05-02 00:30:02,787 - __main__ - WARNING - Falling back to mock tweet data
2025-05-02 00:30:02,787 - __main__ - INFO - Generating mock tweet data
2025-05-02 00:30:02,806 - __main__ - INFO - Fetched 200 tweets
2025-05-02 00:30:02,819 - __main__ - INFO - Using BERT for sentiment analysis
2025-05-02 00:30:10,166 - __main__ - INFO - Fetching AAPL data from 2025-04-02 to 2025-05-02
2025-05-02 00:30:11,032 - __main__ - ERROR - Metrics calculation error: ['Daily_Return', 'MA5', 'MA20', 'Volatility']
2025-05-02 00:30:11,032 - __main__ - ERROR - Pipeline failed: Metrics calculation failed - check if sufficient data points exist
2025-05-02 00:35:11,502 - __main__ - INFO - Starting sentiment analysis pipeline
2025-05-02 00:35:11,502 - __main__ - ERROR - Bearer Token not set - proceeding with mock data
2025-05-02 00:35:11,503 - __main__ - WARNING - Twitter authentication failed - proceeding with mock data
2025-05-02 00:35:15,308 - __main__ - INFO - BERT model initialized successfully
2025-05-02 00:35:15,309 - __main__ - WARNING - Twitter client not initialized - using mock data
2025-05-02 00:35:15,309 - __main__ - INFO - Generating mock tweet data for project
2025-05-02 00:35:15,311 - __main__ - INFO - Fetched 200 tweets
2025-05-02 00:35:15,314 - __main__ - INFO - Using BERT for sentiment analysis
2025-05-02 00:35:21,756 - __main__ - INFO - Fetching AAPL data from 2025-04-02 to 2025-05-02
2025-05-02 00:35:22,699 - __main__ - ERROR - Metrics calculation error: ['Daily_Return', 'MA5', 'MA20', 'Volatility']
2025-05-02 00:35:22,699 - __main__ - ERROR - Pipeline failed: Metrics calculation failed - check if sufficient data points exist
2025-05-02 00:37:19,341 - __main__ - INFO - Starting sentiment analysis pipeline
2025-05-02 00:37:19,341 - __main__ - ERROR - Bearer Token not set - proceeding with mock data
2025-05-02 00:37:19,342 - __main__ - WARNING - Twitter authentication failed - proceeding with mock data
2025-05-02 00:37:23,445 - __main__ - INFO - BERT model initialized successfully
2025-05-02 00:37:23,445 - __main__ - WARNING - Twitter client not initialized - using mock data
2025-05-02 00:37:23,445 - __main__ - INFO - Generating mock tweet data for project
2025-05-02 00:37:23,447 - __main__ - INFO - Fetched 200 tweets
2025-05-02 00:37:23,449 - __main__ - INFO - Using BERT for sentiment analysis
2025-05-02 00:37:29,931 - __main__ - INFO - Fetching AAPL data from 2025-02-01 to 2025-05-02
2025-05-02 00:37:30,776 - __main__ - INFO - Processed 62 trading days with metrics
2025-05-02 00:37:30,782 - __main__ - ERROR - Data combining error: Not allowed to merge between different levels. (2 levels on the left, 1 on the right)
2025-05-02 00:37:30,782 - __main__ - WARNING - Data combination failed - proceeding with financial data only
2025-05-02 00:37:30,877 - __main__ - INFO - Pipeline completed successfully
2025-05-02 00:40:54,882 - __main__ - INFO - Starting sentiment analysis pipeline
2025-05-02 00:40:54,882 - __main__ - ERROR - Bearer Token not set - proceeding with mock data
2025-05-02 00:40:54,882 - __main__ - WARNING - Twitter authentication failed - proceeding with mock data
2025-05-02 00:40:58,689 - __main__ - INFO - BERT model initialized successfully
2025-05-02 00:40:58,690 - __main__ - WARNING - Twitter client not initialized - using mock data
2025-05-02 00:40:58,690 - __main__ - INFO - Generating mock tweet data for project
2025-05-02 00:40:58,691 - __main__ - INFO - Fetched 200 tweets
2025-05-02 00:40:58,694 - __main__ - INFO - Using BERT for sentiment analysis
2025-05-02 00:41:05,235 - __main__ - INFO - Fetching AAPL data from 2025-02-01 to 2025-05-02
2025-05-02 00:41:06,082 - __main__ - INFO - Processed 62 trading days with metrics
2025-05-02 00:41:06,086 - __main__ - ERROR - Data combining error: Not allowed to merge between different levels. (2 levels on the left, 1 on the right)
2025-05-02 00:41:06,086 - __main__ - WARNING - Data combination failed - proceeding with financial data only
2025-05-02 00:41:06,140 - __main__ - INFO - Pipeline completed successfully
2025-05-02 00:43:35,212 - __main__ - INFO - Starting sentiment analysis pipeline
2025-05-02 00:43:35,212 - __main__ - ERROR - Bearer Token not set - proceeding with mock data
2025-05-02 00:43:35,212 - __main__ - WARNING - Twitter authentication failed - proceeding with mock data
2025-05-02 00:43:39,892 - __main__ - INFO - BERT model initialized successfully
2025-05-02 00:43:39,892 - __main__ - WARNING - Twitter client not initialized - using mock data
2025-05-02 00:43:39,892 - __main__ - INFO - Generating mock tweet data for project
2025-05-02 00:43:39,894 - __main__ - INFO - Fetched 200 tweets
2025-05-02 00:43:39,897 - __main__ - INFO - Using BERT for sentiment analysis
2025-05-02 00:43:47,120 - __main__ - INFO - Fetching AAPL data from 2025-02-01 to 2025-05-02
2025-05-02 00:43:48,028 - __main__ - INFO - Processed 62 trading days with metrics
2025-05-02 00:43:48,030 - __main__ - INFO - daily_sentiment columns: Index(['date', 'sentiment_score'], dtype='object')
2025-05-02 00:43:48,032 - __main__ - INFO - daily_sentiment head:
        date  sentiment_score
0 2025-04-26               19
1 2025-04-27               19
2 2025-04-28               20
3 2025-04-29               19
4 2025-04-30               18
2025-05-02 00:43:48,034 - __main__ - INFO - financial_df columns: Index(['Date', 'Close_AAPL', 'High_AAPL', 'Low_AAPL', 'Open_AAPL', 'Volume_AAPL', 'Daily_Return_', 'MA5_', 'MA20_', 'Volatility_', 'date'], dtype='object')
2025-05-02 00:43:48,035 - __main__ - INFO - financial_df head:
        Date  Close_AAPL   High_AAPL    Low_AAPL   Open_AAPL  Volume_AAPL  Daily_Return_        MA5_       MA20_  Volatility_       date
0 2025-02-03  227.759583  231.575395  225.452122  229.737419     73063300            NaN  227.759583  227.759583          NaN 2025-02-03
1 2025-02-04  232.544327  232.873966  226.401072  227.000419     45067300       0.021008  230.151955  230.151955          NaN 2025-02-04
2 2025-02-05  232.214691  232.414468  228.019307  228.279016     39620300      -0.001418  230.839533  230.839533     0.015857 2025-02-05
3 2025-02-06  232.963867  233.543232  230.176923  231.035979     29925300       0.003226  231.370617  231.370617     0.011837 2025-02-06
4 2025-02-07  227.380005  233.743004  227.010401  232.344548     39707200      -0.023969  230.572495  230.572495     0.018511 2025-02-07
2025-05-02 00:43:48,039 - __main__ - INFO - Successfully combined data with 62 records
2025-05-02 00:43:48,047 - __main__ - INFO - Pipeline completed successfully
2025-05-02 00:46:53,923 - __main__ - INFO - Starting sentiment analysis pipeline
2025-05-02 00:46:53,923 - __main__ - ERROR - Bearer Token not set - proceeding with mock data
2025-05-02 00:46:53,923 - __main__ - WARNING - Twitter authentication failed - proceeding with mock data
2025-05-02 00:46:58,161 - __main__ - INFO - BERT model initialized successfully
2025-05-02 00:46:58,162 - __main__ - WARNING - Twitter client not initialized - using mock data
2025-05-02 00:46:58,162 - __main__ - INFO - Generating mock tweet data for project
2025-05-02 00:46:58,164 - __main__ - INFO - Fetched 200 tweets
2025-05-02 00:46:58,167 - __main__ - INFO - Using BERT for sentiment analysis
2025-05-02 00:47:05,928 - __main__ - INFO - Fetching AAPL data from 2025-02-01 to 2025-05-02
2025-05-02 00:47:06,786 - __main__ - INFO - Processed 62 trading days with metrics
2025-05-02 00:47:06,788 - __main__ - INFO - daily_sentiment columns: Index(['date', 'sentiment_score'], dtype='object')
2025-05-02 00:47:06,790 - __main__ - INFO - daily_sentiment head:
        date  sentiment_score
0 2025-04-26               19
1 2025-04-27               19
2 2025-04-28               20
3 2025-04-29               19
4 2025-04-30               18
2025-05-02 00:47:06,792 - __main__ - INFO - financial_df columns: Index(['Date', 'Close', 'High', 'Low', 'Open', 'Volume', 'Daily_Return_', 'MA5_', 'MA20_', 'Volatility_', 'date'], dtype='object')
2025-05-02 00:47:06,794 - __main__ - INFO - financial_df head:
        Date       Close        High         Low        Open    Volume  Daily_Return_        MA5_       MA20_  Volatility_       date
0 2025-02-03  227.759583  231.575395  225.452122  229.737419  73063300            NaN  227.759583  227.759583          NaN 2025-02-03
1 2025-02-04  232.544327  232.873966  226.401072  227.000419  45067300       0.021008  230.151955  230.151955          NaN 2025-02-04
2 2025-02-05  232.214691  232.414468  228.019307  228.279016  39620300      -0.001418  230.839533  230.839533     0.015857 2025-02-05
3 2025-02-06  232.963867  233.543232  230.176923  231.035979  29925300       0.003226  231.370617  231.370617     0.011837 2025-02-06
4 2025-02-07  227.380005  233.743004  227.010401  232.344548  39707200      -0.023969  230.572495  230.572495     0.018511 2025-02-07
2025-05-02 00:47:06,795 - __main__ - INFO - Successfully combined data with 62 records
2025-05-02 00:47:31,237 - __main__ - INFO - Pipeline completed successfully
2025-05-02 00:48:52,283 - __main__ - INFO - Starting sentiment analysis pipeline
2025-05-02 00:48:52,284 - __main__ - ERROR - Bearer Token not set - proceeding with mock data
2025-05-02 00:48:52,284 - __main__ - WARNING - Twitter authentication failed - proceeding with mock data
2025-05-02 00:48:56,320 - __main__ - INFO - BERT model initialized successfully
2025-05-02 00:48:56,320 - __main__ - WARNING - Twitter client not initialized - using mock data
2025-05-02 00:48:56,320 - __main__ - INFO - Generating mock tweet data for project
2025-05-02 00:48:56,322 - __main__ - INFO - Fetched 200 tweets
2025-05-02 00:48:56,325 - __main__ - INFO - Using BERT for sentiment analysis
2025-05-02 00:49:02,798 - __main__ - INFO - Fetching AAPL data from 2025-02-01 to 2025-05-02
2025-05-02 00:49:03,726 - __main__ - INFO - Processed 62 trading days with metrics
2025-05-02 00:49:03,728 - __main__ - INFO - daily_sentiment columns: Index(['date', 'sentiment_score'], dtype='object')
2025-05-02 00:49:03,730 - __main__ - INFO - daily_sentiment head:
        date  sentiment_score
0 2025-04-26               19
1 2025-04-27               19
2 2025-04-28               20
3 2025-04-29               19
4 2025-04-30               18
2025-05-02 00:49:03,732 - __main__ - INFO - financial_df columns: Index(['Date', 'Close', 'High', 'Low', 'Open', 'Volume', 'Daily_Return_', 'MA5_', 'MA20_', 'Volatility_', 'date'], dtype='object')
2025-05-02 00:49:03,734 - __main__ - INFO - financial_df head:
        Date       Close        High         Low        Open    Volume  Daily_Return_        MA5_       MA20_  Volatility_       date
0 2025-02-03  227.759583  231.575395  225.452122  229.737419  73063300            NaN  227.759583  227.759583          NaN 2025-02-03
1 2025-02-04  232.544327  232.873966  226.401072  227.000419  45067300       0.021008  230.151955  230.151955          NaN 2025-02-04
2 2025-02-05  232.214691  232.414468  228.019307  228.279016  39620300      -0.001418  230.839533  230.839533     0.015857 2025-02-05
3 2025-02-06  232.963867  233.543232  230.176923  231.035979  29925300       0.003226  231.370617  231.370617     0.011837 2025-02-06
4 2025-02-07  227.380005  233.743004  227.010401  232.344548  39707200      -0.023969  230.572495  230.572495     0.018511 2025-02-07
2025-05-02 00:49:03,736 - __main__ - INFO - Successfully combined data with 62 records
2025-05-02 00:49:12,928 - __main__ - INFO - Pipeline completed successfully
2025-05-02 00:56:35,960 - __main__ - INFO - Starting sentiment analysis pipeline
2025-05-02 00:56:35,960 - __main__ - INFO - Twitter API v2 initialized successfully
2025-05-02 00:56:35,960 - __main__ - ERROR - Authentication test failed: Consumer key must be string or bytes, not NoneType
2025-05-02 00:56:35,960 - __main__ - WARNING - Twitter authentication failed - proceeding with mock data
2025-05-02 00:56:47,578 - __main__ - INFO - BERT model initialized successfully
2025-05-02 00:56:48,138 - __main__ - ERROR - Error fetching tweets: 400 Bad Request
Invalid 'end_time':'2025-05-02T00:56Z'. 'end_time' must be a minimum of 10 seconds prior to the request time.
2025-05-02 00:56:48,139 - __main__ - WARNING - Falling back to mock tweet data
2025-05-02 00:56:48,139 - __main__ - INFO - Generating mock tweet data for project
2025-05-02 00:56:48,141 - __main__ - INFO - Fetched 200 tweets
2025-05-02 00:56:48,142 - __main__ - ERROR - Text processing error: argument of type 'StringMethods' is not iterable
2025-05-02 00:56:48,142 - __main__ - WARNING - Tweet processing resulted in empty DataFrame
2025-05-02 00:56:48,143 - __main__ - WARNING - news_data.csv not found - proceeding without news data
2025-05-02 00:56:48,143 - __main__ - WARNING - Empty text DataFrame received
2025-05-02 00:56:48,144 - __main__ - INFO - Fetching AAPL data from 2025-02-01 to 2025-05-02
2025-05-02 00:56:50,583 - __main__ - INFO - Processed 62 trading days with metrics
2025-05-02 00:56:50,585 - __main__ - INFO - financial_df columns: Index(['Date', 'Close', 'High', 'Low', 'Open', 'Volume', 'Daily_Return_', 'MA5_', 'MA20_', 'Volatility_', 'date'], dtype='object')
2025-05-02 00:56:50,588 - __main__ - INFO - financial_df head:
        Date       Close        High         Low        Open    Volume  Daily_Return_        MA5_       MA20_  Volatility_       date
0 2025-02-03  227.759583  231.575395  225.452122  229.737419  73063300            NaN  227.759583  227.759583          NaN 2025-02-03
1 2025-02-04  232.544327  232.873966  226.401072  227.000419  45067300       0.021008  230.151955  230.151955          NaN 2025-02-04
2 2025-02-05  232.214691  232.414468  228.019307  228.279016  39620300      -0.001418  230.839533  230.839533     0.015857 2025-02-05
3 2025-02-06  232.963867  233.543232  230.176923  231.035979  29925300       0.003226  231.370617  231.370617     0.011837 2025-02-06
4 2025-02-07  227.380005  233.743004  227.010401  232.344548  39707200      -0.023969  230.572495  230.572495     0.018511 2025-02-07
2025-05-02 00:56:50,590 - __main__ - INFO - Successfully combined data with 62 records
2025-05-02 00:56:58,318 - __main__ - INFO - Pipeline completed successfully
2025-05-02 01:01:44,791 - __main__ - INFO - Starting sentiment analysis pipeline
2025-05-02 01:01:44,791 - __main__ - INFO - Twitter API v2 initialized successfully
2025-05-02 01:01:44,791 - __main__ - ERROR - Authentication test failed: Consumer key must be string or bytes, not NoneType
2025-05-02 01:01:44,792 - __main__ - WARNING - Twitter authentication failed - proceeding with mock data
2025-05-02 01:01:48,969 - __main__ - INFO - BERT model initialized successfully
2025-05-02 01:01:49,273 - __main__ - ERROR - Error fetching tweets: 400 Bad Request
Invalid 'end_time':'2025-05-02T01:01Z'. 'end_time' must be a minimum of 10 seconds prior to the request time.
2025-05-02 01:01:49,273 - __main__ - WARNING - Falling back to mock tweet data
2025-05-02 01:01:49,273 - __main__ - INFO - Generating mock tweet data for project
2025-05-02 01:01:49,275 - __main__ - INFO - Fetched 200 tweets
2025-05-02 01:01:49,279 - __main__ - ERROR - Text processing error: argument of type 'StringMethods' is not iterable
2025-05-02 01:01:49,280 - __main__ - WARNING - Tweet processing resulted in empty DataFrame
2025-05-02 01:01:49,282 - __main__ - WARNING - news_data.csv not found - proceeding without news data
2025-05-02 01:01:49,282 - __main__ - WARNING - Empty text DataFrame received
2025-05-02 01:01:49,282 - __main__ - INFO - Fetching AAPL data from 2025-02-01 to 2025-05-02
2025-05-02 01:01:50,117 - __main__ - INFO - Processed 62 trading days with metrics
2025-05-02 01:01:50,120 - __main__ - INFO - financial_df columns: Index(['Date', 'Close', 'High', 'Low', 'Open', 'Volume', 'Daily_Return_', 'MA5_', 'MA20_', 'Volatility_', 'date'], dtype='object')
2025-05-02 01:01:50,124 - __main__ - INFO - financial_df head:
        Date       Close        High         Low        Open    Volume  Daily_Return_        MA5_       MA20_  Volatility_       date
0 2025-02-03  227.759583  231.575395  225.452122  229.737419  73063300            NaN  227.759583  227.759583          NaN 2025-02-03
1 2025-02-04  232.544327  232.873966  226.401072  227.000419  45067300       0.021008  230.151955  230.151955          NaN 2025-02-04
2 2025-02-05  232.214691  232.414468  228.019307  228.279016  39620300      -0.001418  230.839533  230.839533     0.015857 2025-02-05
3 2025-02-06  232.963867  233.543232  230.176923  231.035979  29925300       0.003226  231.370617  231.370617     0.011837 2025-02-06
4 2025-02-07  227.380005  233.743004  227.010401  232.344548  39707200      -0.023969  230.572495  230.572495     0.018511 2025-02-07
2025-05-02 01:01:50,125 - __main__ - INFO - Successfully combined data with 62 records
2025-05-02 01:02:19,907 - __main__ - INFO - Pipeline completed successfully
2025-05-02 01:07:49,714 - __main__ - INFO - Starting sentiment analysis pipeline
2025-05-02 01:07:49,714 - __main__ - ERROR - Bearer Token not set - proceeding with mock data
2025-05-02 01:07:49,715 - __main__ - WARNING - Twitter authentication failed - proceeding with mock data
2025-05-02 01:07:54,004 - __main__ - INFO - BERT model initialized successfully
2025-05-02 01:07:54,004 - __main__ - WARNING - Twitter client not initialized - using mock data
2025-05-02 01:07:54,004 - __main__ - INFO - Generating mock tweet data for project
2025-05-02 01:07:54,006 - __main__ - INFO - Fetched 200 tweets
2025-05-02 01:07:54,007 - __main__ - ERROR - Text processing error: argument of type 'StringMethods' is not iterable
2025-05-02 01:07:54,007 - __main__ - WARNING - Tweet processing resulted in empty DataFrame
2025-05-02 01:07:54,008 - __main__ - WARNING - news_data.csv not found - proceeding without news data
2025-05-02 01:07:54,008 - __main__ - WARNING - Empty text DataFrame received
2025-05-02 01:07:54,008 - __main__ - INFO - Fetching NEPSE data from nepse_data.csv
2025-05-02 01:07:54,023 - __main__ - ERROR - Financial data fetch error: Missing column provided to 'parse_dates': 'Date'
2025-05-02 01:07:54,024 - __main__ - ERROR - Pipeline failed: Financial data fetch failed
2025-05-02 01:12:14,370 - __main__ - INFO - Starting sentiment analysis pipeline
2025-05-02 01:12:14,370 - __main__ - ERROR - Bearer Token not set - proceeding with mock data
2025-05-02 01:12:14,370 - __main__ - WARNING - Twitter authentication failed - proceeding with mock data
2025-05-02 01:12:18,357 - __main__ - INFO - BERT model initialized successfully
2025-05-02 01:12:18,358 - __main__ - WARNING - Twitter client not initialized - using mock data
2025-05-02 01:12:18,358 - __main__ - INFO - Generating mock tweet data for project
2025-05-02 01:12:18,359 - __main__ - INFO - Fetched 200 tweets
2025-05-02 01:12:18,361 - __main__ - ERROR - Text processing error: argument of type 'StringMethods' is not iterable
2025-05-02 01:12:18,361 - __main__ - WARNING - Tweet processing resulted in empty DataFrame
2025-05-02 01:12:18,381 - __main__ - INFO - Loaded 90 news articles from news_data.csv
2025-05-02 01:12:18,384 - __main__ - ERROR - Text processing error: argument of type 'StringMethods' is not iterable
2025-05-02 01:12:18,384 - __main__ - WARNING - News processing resulted in empty DataFrame
2025-05-02 01:12:18,384 - __main__ - INFO - Fetching NEPSE data from nepse_data.csv
2025-05-02 01:12:18,392 - __main__ - INFO - Processed 90 trading days with metrics
2025-05-02 01:12:18,394 - __main__ - INFO - financial_df columns: Index(['Date', 'Open', 'High', 'Low', 'Close', 'Volume', 'Daily_Return', 'MA5', 'MA20', 'Volatility', 'date'], dtype='object')
2025-05-02 01:12:18,398 - __main__ - INFO - financial_df head:
        Date        Open        High         Low       Close  Volume  Daily_Return         MA5        MA20  Volatility       date
0 2025-02-02  533.892732  533.892732  523.738237  529.967142   98888           NaN  529.967142  529.967142         NaN 2025-02-02
1 2025-02-03  600.393422  601.608081  599.146525  600.000000  115735      0.132146  564.983571  564.983571         NaN 2025-02-03
2 2025-02-04  603.074402  605.487338  599.483183  600.000000  127295      0.000000  576.655714  576.655714    0.093441 2025-02-04
3 2025-02-05  603.960913  606.918952  594.686454  600.000000   97955      0.000000  582.491785  582.491785    0.076294 2025-02-05
4 2025-02-06  598.180035  606.519613  594.593649  600.000000  117841      0.000000  585.993428  585.993428    0.066073 2025-02-06
2025-05-02 01:12:18,399 - __main__ - INFO - Successfully combined data with 90 records
2025-05-02 01:12:18,403 - __main__ - INFO - Saved combined data to combined_data.csv
2025-05-02 01:12:42,377 - __main__ - INFO - Pipeline completed successfully
2025-05-02 01:16:25,711 - __main__ - INFO - Starting sentiment analysis pipeline
2025-05-02 01:16:25,711 - __main__ - INFO - Twitter API not configured - using mock data
2025-05-02 01:16:26,450 - __main__ - INFO - SentimentAnalyzer initialized with VADER
2025-05-02 01:16:26,450 - __main__ - INFO - Generating mock tweet data for project
2025-05-02 01:16:26,452 - __main__ - INFO - Generated 200 mock tweets
2025-05-02 01:16:26,461 - __main__ - INFO - Processed 200 text records with sentiment analysis
2025-05-02 01:16:26,466 - __main__ - INFO - Loaded 90 news articles
2025-05-02 01:16:26,475 - __main__ - INFO - Processed 90 text records with sentiment analysis
2025-05-02 01:16:26,480 - __main__ - INFO - Fetched 90 records of NEPSE data
2025-05-02 01:16:26,481 - __main__ - INFO - Calculated financial metrics
2025-05-02 01:16:26,489 - __main__ - INFO - Combined data with 90 records
2025-05-02 01:16:26,495 - __main__ - INFO - Saved combined data to combined_data.csv
2025-05-02 01:16:35,946 - __main__ - INFO - Pipeline completed successfully
2025-05-02 01:28:48,604 - __main__ - INFO - Starting sentiment analysis pipeline
2025-05-02 01:28:48,605 - __main__ - INFO - Twitter API not configured - using mock data
2025-05-02 01:28:49,718 - __main__ - INFO - SentimentAnalyzer initialized with VADER
2025-05-02 01:28:49,719 - __main__ - INFO - Generating mock tweet data for project
2025-05-02 01:28:49,720 - __main__ - INFO - Generated 200 mock tweets
2025-05-02 01:28:49,729 - __main__ - INFO - Processed 200 text records with sentiment analysis
2025-05-02 01:28:49,747 - __main__ - INFO - Loaded 90 news articles
2025-05-02 01:28:49,756 - __main__ - INFO - Processed 90 text records with sentiment analysis
2025-05-02 01:28:49,772 - __main__ - INFO - Fetched 90 records of NEPSE data
2025-05-02 01:28:49,774 - __main__ - INFO - Calculated financial metrics
2025-05-02 01:28:49,784 - __main__ - INFO - Combined data with 90 records
2025-05-02 01:28:49,787 - __main__ - INFO - Saved combined data to combined_data.csv
2025-05-02 01:28:49,989 - __main__ - INFO - Plot saved as stock_sentiment_plot.png
2025-05-02 01:28:49,989 - __main__ - INFO - Pipeline completed successfully
2025-05-02 01:32:27,375 - __main__ - INFO - Starting sentiment analysis pipeline
2025-05-02 01:32:27,375 - __main__ - INFO - Twitter API not configured - using mock data
2025-05-02 01:32:28,216 - __main__ - INFO - SentimentAnalyzer initialized with VADER
2025-05-02 01:32:28,216 - __main__ - INFO - Generating mock tweet data for project
2025-05-02 01:32:28,217 - __main__ - INFO - Generated 200 mock tweets
2025-05-02 01:32:28,227 - __main__ - INFO - Processed 200 text records with sentiment analysis
2025-05-02 01:32:28,245 - __main__ - INFO - Loaded 90 news articles
2025-05-02 01:32:28,254 - __main__ - INFO - Processed 90 text records with sentiment analysis
2025-05-02 01:32:28,261 - __main__ - INFO - Fetched 90 records of NEPSE data
2025-05-02 01:32:28,263 - __main__ - INFO - Calculated financial metrics
2025-05-02 01:32:28,269 - __main__ - INFO - Combined data with 90 records
2025-05-02 01:32:28,274 - __main__ - INFO - Saved combined data to combined_data.csv
2025-05-02 01:32:28,471 - __main__ - INFO - Plot saved as stock_sentiment_plot.png
2025-05-02 01:32:28,471 - __main__ - INFO - Pipeline completed successfully
2025-05-02 01:37:29,653 - __main__ - INFO - Starting sentiment analysis pipeline for NABIL
2025-05-02 01:37:29,653 - __main__ - INFO - Twitter API not configured - using mock data
2025-05-02 01:37:30,394 - __main__ - INFO - SentimentAnalyzer initialized with VADER
2025-05-02 01:37:30,394 - __main__ - INFO - Generating mock tweet data for project
2025-05-02 01:37:30,396 - __main__ - INFO - Generated 200 mock tweets for NABIL
2025-05-02 01:37:30,407 - __main__ - INFO - Processed 200 text records with sentiment analysis
2025-05-02 01:37:30,421 - __main__ - INFO - Loaded 90 news articles for NABIL
2025-05-02 01:37:30,430 - __main__ - INFO - Processed 90 text records with sentiment analysis
2025-05-02 01:37:30,443 - __main__ - INFO - Fetched 90 records of NEPSE data for NABIL
2025-05-02 01:37:30,444 - __main__ - INFO - Calculated financial metrics
2025-05-02 01:37:30,451 - __main__ - INFO - Combined data with 90 records
2025-05-02 01:37:30,455 - __main__ - INFO - Saved combined data for NABIL to combined_data_NABIL.csv
2025-05-02 01:37:30,659 - __main__ - INFO - Plot saved as stock_sentiment_plot_NABIL.png
2025-05-02 01:37:30,659 - __main__ - INFO - Pipeline completed successfully for NABIL
2025-05-02 01:37:30,660 - __main__ - INFO - Starting sentiment analysis pipeline for NRIC
2025-05-02 01:37:30,660 - __main__ - INFO - Twitter API not configured - using mock data
2025-05-02 01:37:30,663 - __main__ - INFO - SentimentAnalyzer initialized with VADER
2025-05-02 01:37:30,664 - __main__ - INFO - Generating mock tweet data for project
2025-05-02 01:37:30,665 - __main__ - INFO - Generated 200 mock tweets for NRIC
2025-05-02 01:37:30,675 - __main__ - INFO - Processed 200 text records with sentiment analysis
2025-05-02 01:37:30,690 - __main__ - INFO - Loaded 90 news articles for NRIC
2025-05-02 01:37:30,699 - __main__ - INFO - Processed 90 text records with sentiment analysis
2025-05-02 01:37:30,711 - __main__ - INFO - Fetched 90 records of NEPSE data for NRIC
2025-05-02 01:37:30,712 - __main__ - INFO - Calculated financial metrics
2025-05-02 01:37:30,719 - __main__ - INFO - Combined data with 90 records
2025-05-02 01:37:30,722 - __main__ - INFO - Saved combined data for NRIC to combined_data_NRIC.csv
2025-05-02 01:37:30,868 - __main__ - INFO - Plot saved as stock_sentiment_plot_NRIC.png
2025-05-02 01:37:30,868 - __main__ - INFO - Pipeline completed successfully for NRIC
2025-05-02 01:37:30,869 - __main__ - INFO - Starting sentiment analysis pipeline for SHIVM
2025-05-02 01:37:30,869 - __main__ - INFO - Twitter API not configured - using mock data
2025-05-02 01:37:30,872 - __main__ - INFO - SentimentAnalyzer initialized with VADER
2025-05-02 01:37:30,872 - __main__ - INFO - Generating mock tweet data for project
2025-05-02 01:37:30,873 - __main__ - INFO - Generated 200 mock tweets for SHIVM
2025-05-02 01:37:30,882 - __main__ - INFO - Processed 200 text records with sentiment analysis
2025-05-02 01:37:30,893 - __main__ - INFO - Loaded 90 news articles for SHIVM
2025-05-02 01:37:30,901 - __main__ - INFO - Processed 90 text records with sentiment analysis
2025-05-02 01:37:30,914 - __main__ - INFO - Fetched 90 records of NEPSE data for SHIVM
2025-05-02 01:37:30,915 - __main__ - INFO - Calculated financial metrics
2025-05-02 01:37:30,922 - __main__ - INFO - Combined data with 90 records
2025-05-02 01:37:30,923 - __main__ - INFO - Saved combined data for SHIVM to combined_data_SHIVM.csv
2025-05-02 01:37:31,068 - __main__ - INFO - Plot saved as stock_sentiment_plot_SHIVM.png
2025-05-02 01:37:31,068 - __main__ - INFO - Pipeline completed successfully for SHIVM
2025-05-02 01:43:40,116 - __main__ - INFO - Starting sentiment analysis pipeline for NABIL
2025-05-02 01:43:40,117 - __main__ - INFO - Twitter API not configured - using mock data
2025-05-02 01:43:40,862 - __main__ - INFO - SentimentAnalyzer initialized with VADER
2025-05-02 01:43:40,862 - __main__ - INFO - Generating mock tweet data for project
2025-05-02 01:43:40,863 - __main__ - INFO - Generated 200 mock tweets for NABIL
2025-05-02 01:43:40,874 - __main__ - INFO - Processed 200 text records with sentiment analysis
2025-05-02 01:43:40,889 - __main__ - INFO - Loaded 90 news articles for NABIL
2025-05-02 01:43:40,898 - __main__ - INFO - Processed 90 text records with sentiment analysis
2025-05-02 01:43:40,913 - __main__ - INFO - Fetched 90 records of NEPSE data for NABIL
2025-05-02 01:43:40,914 - __main__ - INFO - Calculated financial metrics
2025-05-02 01:43:40,922 - __main__ - INFO - Combined data with 90 records
2025-05-02 01:43:40,926 - __main__ - INFO - Saved combined data for NABIL to combined_data_NABIL.csv
2025-05-02 01:43:41,133 - __main__ - INFO - Plot saved as stock_sentiment_plot_NABIL.png
2025-05-02 01:43:41,134 - __main__ - INFO - Pipeline completed successfully for NABIL
2025-05-02 01:43:41,134 - __main__ - INFO - Starting sentiment analysis pipeline for NRIC
2025-05-02 01:43:41,134 - __main__ - INFO - Twitter API not configured - using mock data
2025-05-02 01:43:41,137 - __main__ - INFO - SentimentAnalyzer initialized with VADER
2025-05-02 01:43:41,137 - __main__ - INFO - Generating mock tweet data for project
2025-05-02 01:43:41,138 - __main__ - INFO - Generated 200 mock tweets for NRIC
2025-05-02 01:43:41,146 - __main__ - INFO - Processed 200 text records with sentiment analysis
2025-05-02 01:43:41,160 - __main__ - INFO - Loaded 90 news articles for NRIC
2025-05-02 01:43:41,169 - __main__ - INFO - Processed 90 text records with sentiment analysis
2025-05-02 01:43:41,180 - __main__ - INFO - Fetched 90 records of NEPSE data for NRIC
2025-05-02 01:43:41,182 - __main__ - INFO - Calculated financial metrics
2025-05-02 01:43:41,188 - __main__ - INFO - Combined data with 90 records
2025-05-02 01:43:41,191 - __main__ - INFO - Saved combined data for NRIC to combined_data_NRIC.csv
2025-05-02 01:43:41,339 - __main__ - INFO - Plot saved as stock_sentiment_plot_NRIC.png
2025-05-02 01:43:41,339 - __main__ - INFO - Pipeline completed successfully for NRIC
2025-05-02 01:43:41,339 - __main__ - INFO - Starting sentiment analysis pipeline for SHIVM
2025-05-02 01:43:41,339 - __main__ - INFO - Twitter API not configured - using mock data
2025-05-02 01:43:41,343 - __main__ - INFO - SentimentAnalyzer initialized with VADER
2025-05-02 01:43:41,343 - __main__ - INFO - Generating mock tweet data for project
2025-05-02 01:43:41,344 - __main__ - INFO - Generated 200 mock tweets for SHIVM
2025-05-02 01:43:41,354 - __main__ - INFO - Processed 200 text records with sentiment analysis
2025-05-02 01:43:41,369 - __main__ - INFO - Loaded 90 news articles for SHIVM
2025-05-02 01:43:41,377 - __main__ - INFO - Processed 90 text records with sentiment analysis
2025-05-02 01:43:41,392 - __main__ - INFO - Fetched 90 records of NEPSE data for SHIVM
2025-05-02 01:43:41,393 - __main__ - INFO - Calculated financial metrics
2025-05-02 01:43:41,399 - __main__ - INFO - Combined data with 90 records
2025-05-02 01:43:41,401 - __main__ - INFO - Saved combined data for SHIVM to combined_data_SHIVM.csv
2025-05-02 01:43:41,550 - __main__ - INFO - Plot saved as stock_sentiment_plot_SHIVM.png
2025-05-02 01:43:41,550 - __main__ - INFO - Pipeline completed successfully for SHIVM
2025-05-02 01:43:41,550 - __main__ - INFO - Starting sentiment analysis pipeline for HBL
2025-05-02 01:43:41,550 - __main__ - INFO - Twitter API not configured - using mock data
2025-05-02 01:43:41,554 - __main__ - INFO - SentimentAnalyzer initialized with VADER
2025-05-02 01:43:41,554 - __main__ - INFO - Generating mock tweet data for project
2025-05-02 01:43:41,556 - __main__ - INFO - Generated 200 mock tweets for HBL
2025-05-02 01:43:41,567 - __main__ - INFO - Processed 200 text records with sentiment analysis
2025-05-02 01:43:41,583 - __main__ - INFO - Loaded 90 news articles for HBL
2025-05-02 01:43:41,590 - __main__ - INFO - Processed 90 text records with sentiment analysis
2025-05-02 01:43:41,603 - __main__ - INFO - Fetched 90 records of NEPSE data for HBL
2025-05-02 01:43:41,604 - __main__ - INFO - Calculated financial metrics
2025-05-02 01:43:41,610 - __main__ - INFO - Combined data with 90 records
2025-05-02 01:43:41,614 - __main__ - INFO - Saved combined data for HBL to combined_data_HBL.csv
2025-05-02 01:43:41,762 - __main__ - INFO - Plot saved as stock_sentiment_plot_HBL.png
2025-05-02 01:43:41,762 - __main__ - INFO - Pipeline completed successfully for HBL
2025-05-02 01:43:41,763 - __main__ - INFO - Starting sentiment analysis pipeline for EBL
2025-05-02 01:43:41,763 - __main__ - INFO - Twitter API not configured - using mock data
2025-05-02 01:43:41,766 - __main__ - INFO - SentimentAnalyzer initialized with VADER
2025-05-02 01:43:41,766 - __main__ - INFO - Generating mock tweet data for project
2025-05-02 01:43:41,768 - __main__ - INFO - Generated 200 mock tweets for EBL
2025-05-02 01:43:41,777 - __main__ - INFO - Processed 200 text records with sentiment analysis
2025-05-02 01:43:41,791 - __main__ - INFO - Loaded 90 news articles for EBL
2025-05-02 01:43:41,799 - __main__ - INFO - Processed 90 text records with sentiment analysis
2025-05-02 01:43:41,812 - __main__ - INFO - Fetched 90 records of NEPSE data for EBL
2025-05-02 01:43:41,815 - __main__ - INFO - Calculated financial metrics
2025-05-02 01:43:41,822 - __main__ - INFO - Combined data with 90 records
2025-05-02 01:43:41,824 - __main__ - INFO - Saved combined data for EBL to combined_data_EBL.csv
2025-05-02 01:43:41,988 - __main__ - INFO - Plot saved as stock_sentiment_plot_EBL.png
2025-05-02 01:43:41,989 - __main__ - INFO - Pipeline completed successfully for EBL
2025-05-02 01:43:41,990 - __main__ - INFO - Starting sentiment analysis pipeline for SCB
2025-05-02 01:43:41,990 - __main__ - INFO - Twitter API not configured - using mock data
2025-05-02 01:43:41,993 - __main__ - INFO - SentimentAnalyzer initialized with VADER
2025-05-02 01:43:41,994 - __main__ - INFO - Generating mock tweet data for project
2025-05-02 01:43:41,994 - __main__ - INFO - Generated 200 mock tweets for SCB
2025-05-02 01:43:42,007 - __main__ - INFO - Processed 200 text records with sentiment analysis
2025-05-02 01:43:42,020 - __main__ - INFO - Loaded 90 news articles for SCB
2025-05-02 01:43:42,028 - __main__ - INFO - Processed 90 text records with sentiment analysis
2025-05-02 01:43:42,040 - __main__ - INFO - Fetched 90 records of NEPSE data for SCB
2025-05-02 01:43:42,041 - __main__ - INFO - Calculated financial metrics
2025-05-02 01:43:42,047 - __main__ - INFO - Combined data with 90 records
2025-05-02 01:43:42,050 - __main__ - INFO - Saved combined data for SCB to combined_data_SCB.csv
2025-05-02 01:43:42,204 - __main__ - INFO - Plot saved as stock_sentiment_plot_SCB.png
2025-05-02 01:43:42,205 - __main__ - INFO - Pipeline completed successfully for SCB
2025-05-02 01:43:42,205 - __main__ - INFO - Starting sentiment analysis pipeline for KBL
2025-05-02 01:43:42,205 - __main__ - INFO - Twitter API not configured - using mock data
2025-05-02 01:43:42,209 - __main__ - INFO - SentimentAnalyzer initialized with VADER
2025-05-02 01:43:42,209 - __main__ - INFO - Generating mock tweet data for project
2025-05-02 01:43:42,210 - __main__ - INFO - Generated 200 mock tweets for KBL
2025-05-02 01:43:42,222 - __main__ - INFO - Processed 200 text records with sentiment analysis
2025-05-02 01:43:42,236 - __main__ - INFO - Loaded 90 news articles for KBL
2025-05-02 01:43:42,244 - __main__ - INFO - Processed 90 text records with sentiment analysis
2025-05-02 01:43:42,255 - __main__ - INFO - Fetched 90 records of NEPSE data for KBL
2025-05-02 01:43:42,258 - __main__ - INFO - Calculated financial metrics
2025-05-02 01:43:42,267 - __main__ - INFO - Combined data with 90 records
2025-05-02 01:43:42,271 - __main__ - INFO - Saved combined data for KBL to combined_data_KBL.csv
2025-05-02 01:43:42,435 - __main__ - INFO - Plot saved as stock_sentiment_plot_KBL.png
2025-05-02 01:43:42,435 - __main__ - INFO - Pipeline completed successfully for KBL
2025-05-02 01:43:42,436 - __main__ - INFO - Starting sentiment analysis pipeline for NMB
2025-05-02 01:43:42,436 - __main__ - INFO - Twitter API not configured - using mock data
2025-05-02 01:43:42,440 - __main__ - INFO - SentimentAnalyzer initialized with VADER
2025-05-02 01:43:42,440 - __main__ - INFO - Generating mock tweet data for project
2025-05-02 01:43:42,441 - __main__ - INFO - Generated 200 mock tweets for NMB
2025-05-02 01:43:42,452 - __main__ - INFO - Processed 200 text records with sentiment analysis
2025-05-02 01:43:42,466 - __main__ - INFO - Loaded 90 news articles for NMB
2025-05-02 01:43:42,475 - __main__ - INFO - Processed 90 text records with sentiment analysis
2025-05-02 01:43:42,489 - __main__ - INFO - Fetched 90 records of NEPSE data for NMB
2025-05-02 01:43:42,490 - __main__ - INFO - Calculated financial metrics
2025-05-02 01:43:42,496 - __main__ - INFO - Combined data with 90 records
2025-05-02 01:43:42,499 - __main__ - INFO - Saved combined data for NMB to combined_data_NMB.csv
2025-05-02 01:43:42,650 - __main__ - INFO - Plot saved as stock_sentiment_plot_NMB.png
2025-05-02 01:43:42,650 - __main__ - INFO - Pipeline completed successfully for NMB
2025-05-02 01:43:42,651 - __main__ - INFO - Starting sentiment analysis pipeline for GBIME
2025-05-02 01:43:42,651 - __main__ - INFO - Twitter API not configured - using mock data
2025-05-02 01:43:42,655 - __main__ - INFO - SentimentAnalyzer initialized with VADER
2025-05-02 01:43:42,655 - __main__ - INFO - Generating mock tweet data for project
2025-05-02 01:43:42,656 - __main__ - INFO - Generated 200 mock tweets for GBIME
2025-05-02 01:43:42,667 - __main__ - INFO - Processed 200 text records with sentiment analysis
2025-05-02 01:43:42,680 - __main__ - INFO - Loaded 90 news articles for GBIME
2025-05-02 01:43:42,689 - __main__ - INFO - Processed 90 text records with sentiment analysis
2025-05-02 01:43:42,704 - __main__ - INFO - Fetched 90 records of NEPSE data for GBIME
2025-05-02 01:43:42,706 - __main__ - INFO - Calculated financial metrics
2025-05-02 01:43:42,711 - __main__ - INFO - Combined data with 90 records
2025-05-02 01:43:42,714 - __main__ - INFO - Saved combined data for GBIME to combined_data_GBIME.csv
2025-05-02 01:43:42,872 - __main__ - INFO - Plot saved as stock_sentiment_plot_GBIME.png
2025-05-02 01:43:42,872 - __main__ - INFO - Pipeline completed successfully for GBIME
2025-05-02 01:43:42,873 - __main__ - INFO - Starting sentiment analysis pipeline for NICA
2025-05-02 01:43:42,873 - __main__ - INFO - Twitter API not configured - using mock data
2025-05-02 01:43:42,876 - __main__ - INFO - SentimentAnalyzer initialized with VADER
2025-05-02 01:43:42,877 - __main__ - INFO - Generating mock tweet data for project
2025-05-02 01:43:42,878 - __main__ - INFO - Generated 200 mock tweets for NICA
2025-05-02 01:43:42,888 - __main__ - INFO - Processed 200 text records with sentiment analysis
2025-05-02 01:43:42,901 - __main__ - INFO - Loaded 90 news articles for NICA
2025-05-02 01:43:42,908 - __main__ - INFO - Processed 90 text records with sentiment analysis
2025-05-02 01:43:42,920 - __main__ - INFO - Fetched 90 records of NEPSE data for NICA
2025-05-02 01:43:42,921 - __main__ - INFO - Calculated financial metrics
2025-05-02 01:43:42,927 - __main__ - INFO - Combined data with 90 records
2025-05-02 01:43:42,929 - __main__ - INFO - Saved combined data for NICA to combined_data_NICA.csv
2025-05-02 01:43:43,165 - __main__ - INFO - Plot saved as stock_sentiment_plot_NICA.png
2025-05-02 01:43:43,165 - __main__ - INFO - Pipeline completed successfully for NICA
2025-05-02 01:43:43,166 - __main__ - INFO - Starting sentiment analysis pipeline for PRVU
2025-05-02 01:43:43,166 - __main__ - INFO - Twitter API not configured - using mock data
2025-05-02 01:43:43,169 - __main__ - INFO - SentimentAnalyzer initialized with VADER
2025-05-02 01:43:43,170 - __main__ - INFO - Generating mock tweet data for project
2025-05-02 01:43:43,171 - __main__ - INFO - Generated 200 mock tweets for PRVU
2025-05-02 01:43:43,183 - __main__ - INFO - Processed 200 text records with sentiment analysis
2025-05-02 01:43:43,198 - __main__ - INFO - Loaded 90 news articles for PRVU
2025-05-02 01:43:43,205 - __main__ - INFO - Processed 90 text records with sentiment analysis
2025-05-02 01:43:43,217 - __main__ - INFO - Fetched 90 records of NEPSE data for PRVU
2025-05-02 01:43:43,219 - __main__ - INFO - Calculated financial metrics
2025-05-02 01:43:43,226 - __main__ - INFO - Combined data with 90 records
2025-05-02 01:43:43,228 - __main__ - INFO - Saved combined data for PRVU to combined_data_PRVU.csv
2025-05-02 01:43:43,379 - __main__ - INFO - Plot saved as stock_sentiment_plot_PRVU.png
2025-05-02 01:43:43,379 - __main__ - INFO - Pipeline completed successfully for PRVU
2025-05-02 01:43:43,380 - __main__ - INFO - Starting sentiment analysis pipeline for SBI
2025-05-02 01:43:43,380 - __main__ - INFO - Twitter API not configured - using mock data
2025-05-02 01:43:43,386 - __main__ - INFO - SentimentAnalyzer initialized with VADER
2025-05-02 01:43:43,387 - __main__ - INFO - Generating mock tweet data for project
2025-05-02 01:43:43,388 - __main__ - INFO - Generated 200 mock tweets for SBI
2025-05-02 01:43:43,398 - __main__ - INFO - Processed 200 text records with sentiment analysis
2025-05-02 01:43:43,411 - __main__ - INFO - Loaded 90 news articles for SBI
2025-05-02 01:43:43,419 - __main__ - INFO - Processed 90 text records with sentiment analysis
2025-05-02 01:43:43,432 - __main__ - INFO - Fetched 90 records of NEPSE data for SBI
2025-05-02 01:43:43,433 - __main__ - INFO - Calculated financial metrics
2025-05-02 01:43:43,440 - __main__ - INFO - Combined data with 90 records
2025-05-02 01:43:43,442 - __main__ - INFO - Saved combined data for SBI to combined_data_SBI.csv
2025-05-02 01:43:43,596 - __main__ - INFO - Plot saved as stock_sentiment_plot_SBI.png
2025-05-02 01:43:43,596 - __main__ - INFO - Pipeline completed successfully for SBI
2025-05-02 01:43:43,596 - __main__ - INFO - Starting sentiment analysis pipeline for ADBL
2025-05-02 01:43:43,596 - __main__ - INFO - Twitter API not configured - using mock data
2025-05-02 01:43:43,600 - __main__ - INFO - SentimentAnalyzer initialized with VADER
2025-05-02 01:43:43,600 - __main__ - INFO - Generating mock tweet data for project
2025-05-02 01:43:43,601 - __main__ - INFO - Generated 200 mock tweets for ADBL
2025-05-02 01:43:43,613 - __main__ - INFO - Processed 200 text records with sentiment analysis
2025-05-02 01:43:43,625 - __main__ - INFO - Loaded 90 news articles for ADBL
2025-05-02 01:43:43,634 - __main__ - INFO - Processed 90 text records with sentiment analysis
2025-05-02 01:43:43,645 - __main__ - INFO - Fetched 90 records of NEPSE data for ADBL
2025-05-02 01:43:43,647 - __main__ - INFO - Calculated financial metrics
2025-05-02 01:43:43,654 - __main__ - INFO - Combined data with 90 records
2025-05-02 01:43:43,657 - __main__ - INFO - Saved combined data for ADBL to combined_data_ADBL.csv
2025-05-02 01:43:43,805 - __main__ - INFO - Plot saved as stock_sentiment_plot_ADBL.png
2025-05-02 01:43:43,806 - __main__ - INFO - Pipeline completed successfully for ADBL
2025-05-02 01:52:50,935 - __main__ - INFO - Starting sentiment analysis pipeline for NABIL
2025-05-02 01:52:50,935 - __main__ - INFO - Twitter API not configured - using mock data
2025-05-02 01:52:51,679 - __main__ - INFO - SentimentAnalyzer initialized with VADER
2025-05-02 01:52:51,680 - __main__ - INFO - Generating mock tweet data for project
2025-05-02 01:52:51,681 - __main__ - INFO - Generated 200 mock tweets for NABIL
2025-05-02 01:52:51,691 - __main__ - INFO - Processed 200 text records with sentiment analysis
2025-05-02 01:52:51,705 - __main__ - INFO - Loaded 90 news articles for NABIL
2025-05-02 01:52:51,714 - __main__ - INFO - Processed 90 text records with sentiment analysis
2025-05-02 01:52:51,728 - __main__ - INFO - Fetched 90 records of NEPSE data for NABIL
2025-05-02 01:52:51,729 - __main__ - INFO - Calculated financial metrics
2025-05-02 01:52:51,737 - __main__ - INFO - Combined data with 90 records
2025-05-02 01:52:51,740 - __main__ - INFO - Saved combined data for NABIL to combined_data_NABIL.csv
2025-05-02 01:52:51,949 - __main__ - INFO - Plot saved as stock_sentiment_plot_NABIL.png
2025-05-02 01:52:51,949 - __main__ - INFO - Pipeline completed successfully for NABIL
2025-05-02 01:52:51,949 - __main__ - INFO - Starting sentiment analysis pipeline for NRIC
2025-05-02 01:52:51,949 - __main__ - INFO - Twitter API not configured - using mock data
2025-05-02 01:52:51,953 - __main__ - INFO - SentimentAnalyzer initialized with VADER
2025-05-02 01:52:51,953 - __main__ - INFO - Generating mock tweet data for project
2025-05-02 01:52:51,955 - __main__ - INFO - Generated 200 mock tweets for NRIC
2025-05-02 01:52:51,963 - __main__ - INFO - Processed 200 text records with sentiment analysis
2025-05-02 01:52:51,977 - __main__ - INFO - Loaded 90 news articles for NRIC
2025-05-02 01:52:51,985 - __main__ - INFO - Processed 90 text records with sentiment analysis
2025-05-02 01:52:52,001 - __main__ - INFO - Fetched 90 records of NEPSE data for NRIC
2025-05-02 01:52:52,002 - __main__ - INFO - Calculated financial metrics
2025-05-02 01:52:52,009 - __main__ - INFO - Combined data with 90 records
2025-05-02 01:52:52,011 - __main__ - INFO - Saved combined data for NRIC to combined_data_NRIC.csv
2025-05-02 01:52:52,156 - __main__ - INFO - Plot saved as stock_sentiment_plot_NRIC.png
2025-05-02 01:52:52,156 - __main__ - INFO - Pipeline completed successfully for NRIC
2025-05-02 01:52:52,157 - __main__ - INFO - Starting sentiment analysis pipeline for SHIVM
2025-05-02 01:52:52,157 - __main__ - INFO - Twitter API not configured - using mock data
2025-05-02 01:52:52,160 - __main__ - INFO - SentimentAnalyzer initialized with VADER
2025-05-02 01:52:52,160 - __main__ - INFO - Generating mock tweet data for project
2025-05-02 01:52:52,162 - __main__ - INFO - Generated 200 mock tweets for SHIVM
2025-05-02 01:52:52,171 - __main__ - INFO - Processed 200 text records with sentiment analysis
2025-05-02 01:52:52,186 - __main__ - INFO - Loaded 90 news articles for SHIVM
2025-05-02 01:52:52,193 - __main__ - INFO - Processed 90 text records with sentiment analysis
2025-05-02 01:52:52,207 - __main__ - INFO - Fetched 90 records of NEPSE data for SHIVM
2025-05-02 01:52:52,210 - __main__ - INFO - Calculated financial metrics
2025-05-02 01:52:52,216 - __main__ - INFO - Combined data with 90 records
2025-05-02 01:52:52,219 - __main__ - INFO - Saved combined data for SHIVM to combined_data_SHIVM.csv
2025-05-02 01:52:52,377 - __main__ - INFO - Plot saved as stock_sentiment_plot_SHIVM.png
2025-05-02 01:52:52,377 - __main__ - INFO - Pipeline completed successfully for SHIVM
2025-05-02 01:52:52,377 - __main__ - INFO - Starting sentiment analysis pipeline for HBL
2025-05-02 01:52:52,377 - __main__ - INFO - Twitter API not configured - using mock data
2025-05-02 01:52:52,380 - __main__ - INFO - SentimentAnalyzer initialized with VADER
2025-05-02 01:52:52,380 - __main__ - INFO - Generating mock tweet data for project
2025-05-02 01:52:52,383 - __main__ - INFO - Generated 200 mock tweets for HBL
2025-05-02 01:52:52,393 - __main__ - INFO - Processed 200 text records with sentiment analysis
2025-05-02 01:52:52,404 - __main__ - INFO - Loaded 90 news articles for HBL
2025-05-02 01:52:52,411 - __main__ - INFO - Processed 90 text records with sentiment analysis
2025-05-02 01:52:52,423 - __main__ - INFO - Fetched 90 records of NEPSE data for HBL
2025-05-02 01:52:52,424 - __main__ - INFO - Calculated financial metrics
2025-05-02 01:52:52,431 - __main__ - INFO - Combined data with 90 records
2025-05-02 01:52:52,433 - __main__ - INFO - Saved combined data for HBL to combined_data_HBL.csv
2025-05-02 01:52:52,581 - __main__ - INFO - Plot saved as stock_sentiment_plot_HBL.png
2025-05-02 01:52:52,581 - __main__ - INFO - Pipeline completed successfully for HBL
2025-05-02 01:52:52,582 - __main__ - INFO - Starting sentiment analysis pipeline for EBL
2025-05-02 01:52:52,582 - __main__ - INFO - Twitter API not configured - using mock data
2025-05-02 01:52:52,585 - __main__ - INFO - SentimentAnalyzer initialized with VADER
2025-05-02 01:52:52,585 - __main__ - INFO - Generating mock tweet data for project
2025-05-02 01:52:52,587 - __main__ - INFO - Generated 200 mock tweets for EBL
2025-05-02 01:52:52,596 - __main__ - INFO - Processed 200 text records with sentiment analysis
2025-05-02 01:52:52,611 - __main__ - INFO - Loaded 90 news articles for EBL
2025-05-02 01:52:52,619 - __main__ - INFO - Processed 90 text records with sentiment analysis
2025-05-02 01:52:52,636 - __main__ - INFO - Fetched 90 records of NEPSE data for EBL
2025-05-02 01:52:52,637 - __main__ - INFO - Calculated financial metrics
2025-05-02 01:52:52,643 - __main__ - INFO - Combined data with 90 records
2025-05-02 01:52:52,645 - __main__ - INFO - Saved combined data for EBL to combined_data_EBL.csv
2025-05-02 01:52:52,791 - __main__ - INFO - Plot saved as stock_sentiment_plot_EBL.png
2025-05-02 01:52:52,791 - __main__ - INFO - Pipeline completed successfully for EBL
2025-05-02 01:52:52,792 - __main__ - INFO - Starting sentiment analysis pipeline for SCB
2025-05-02 01:52:52,792 - __main__ - INFO - Twitter API not configured - using mock data
2025-05-02 01:52:52,796 - __main__ - INFO - SentimentAnalyzer initialized with VADER
2025-05-02 01:52:52,797 - __main__ - INFO - Generating mock tweet data for project
2025-05-02 01:52:52,798 - __main__ - INFO - Generated 200 mock tweets for SCB
2025-05-02 01:52:52,811 - __main__ - INFO - Processed 200 text records with sentiment analysis
2025-05-02 01:52:52,822 - __main__ - INFO - Loaded 90 news articles for SCB
2025-05-02 01:52:52,830 - __main__ - INFO - Processed 90 text records with sentiment analysis
2025-05-02 01:52:52,842 - __main__ - INFO - Fetched 90 records of NEPSE data for SCB
2025-05-02 01:52:52,843 - __main__ - INFO - Calculated financial metrics
2025-05-02 01:52:52,849 - __main__ - INFO - Combined data with 90 records
2025-05-02 01:52:52,851 - __main__ - INFO - Saved combined data for SCB to combined_data_SCB.csv
2025-05-02 01:52:53,007 - __main__ - INFO - Plot saved as stock_sentiment_plot_SCB.png
2025-05-02 01:52:53,008 - __main__ - INFO - Pipeline completed successfully for SCB
2025-05-02 01:52:53,008 - __main__ - INFO - Starting sentiment analysis pipeline for KBL
2025-05-02 01:52:53,009 - __main__ - INFO - Twitter API not configured - using mock data
2025-05-02 01:52:53,013 - __main__ - INFO - SentimentAnalyzer initialized with VADER
2025-05-02 01:52:53,013 - __main__ - INFO - Generating mock tweet data for project
2025-05-02 01:52:53,014 - __main__ - INFO - Generated 200 mock tweets for KBL
2025-05-02 01:52:53,025 - __main__ - INFO - Processed 200 text records with sentiment analysis
2025-05-02 01:52:53,036 - __main__ - INFO - Loaded 90 news articles for KBL
2025-05-02 01:52:53,043 - __main__ - INFO - Processed 90 text records with sentiment analysis
2025-05-02 01:52:53,057 - __main__ - INFO - Fetched 90 records of NEPSE data for KBL
2025-05-02 01:52:53,058 - __main__ - INFO - Calculated financial metrics
2025-05-02 01:52:53,064 - __main__ - INFO - Combined data with 90 records
2025-05-02 01:52:53,066 - __main__ - INFO - Saved combined data for KBL to combined_data_KBL.csv
2025-05-02 01:52:53,224 - __main__ - INFO - Plot saved as stock_sentiment_plot_KBL.png
2025-05-02 01:52:53,224 - __main__ - INFO - Pipeline completed successfully for KBL
2025-05-02 01:52:53,225 - __main__ - INFO - Starting sentiment analysis pipeline for NMB
2025-05-02 01:52:53,225 - __main__ - INFO - Twitter API not configured - using mock data
2025-05-02 01:52:53,228 - __main__ - INFO - SentimentAnalyzer initialized with VADER
2025-05-02 01:52:53,228 - __main__ - INFO - Generating mock tweet data for project
2025-05-02 01:52:53,229 - __main__ - INFO - Generated 200 mock tweets for NMB
2025-05-02 01:52:53,241 - __main__ - INFO - Processed 200 text records with sentiment analysis
2025-05-02 01:52:53,255 - __main__ - INFO - Loaded 90 news articles for NMB
2025-05-02 01:52:53,263 - __main__ - INFO - Processed 90 text records with sentiment analysis
2025-05-02 01:52:53,276 - __main__ - INFO - Fetched 90 records of NEPSE data for NMB
2025-05-02 01:52:53,278 - __main__ - INFO - Calculated financial metrics
2025-05-02 01:52:53,285 - __main__ - INFO - Combined data with 90 records
2025-05-02 01:52:53,288 - __main__ - INFO - Saved combined data for NMB to combined_data_NMB.csv
2025-05-02 01:52:53,446 - __main__ - INFO - Plot saved as stock_sentiment_plot_NMB.png
2025-05-02 01:52:53,446 - __main__ - INFO - Pipeline completed successfully for NMB
2025-05-02 01:52:53,448 - __main__ - INFO - Starting sentiment analysis pipeline for GBIME
2025-05-02 01:52:53,448 - __main__ - INFO - Twitter API not configured - using mock data
2025-05-02 01:52:53,451 - __main__ - INFO - SentimentAnalyzer initialized with VADER
2025-05-02 01:52:53,451 - __main__ - INFO - Generating mock tweet data for project
2025-05-02 01:52:53,452 - __main__ - INFO - Generated 200 mock tweets for GBIME
2025-05-02 01:52:53,464 - __main__ - INFO - Processed 200 text records with sentiment analysis
2025-05-02 01:52:53,477 - __main__ - INFO - Loaded 90 news articles for GBIME
2025-05-02 01:52:53,485 - __main__ - INFO - Processed 90 text records with sentiment analysis
2025-05-02 01:52:53,495 - __main__ - INFO - Fetched 90 records of NEPSE data for GBIME
2025-05-02 01:52:53,497 - __main__ - INFO - Calculated financial metrics
2025-05-02 01:52:53,504 - __main__ - INFO - Combined data with 90 records
2025-05-02 01:52:53,508 - __main__ - INFO - Saved combined data for GBIME to combined_data_GBIME.csv
2025-05-02 01:52:53,665 - __main__ - INFO - Plot saved as stock_sentiment_plot_GBIME.png
2025-05-02 01:52:53,666 - __main__ - INFO - Pipeline completed successfully for GBIME
2025-05-02 01:52:53,666 - __main__ - INFO - Starting sentiment analysis pipeline for NICA
2025-05-02 01:52:53,667 - __main__ - INFO - Twitter API not configured - using mock data
2025-05-02 01:52:53,670 - __main__ - INFO - SentimentAnalyzer initialized with VADER
2025-05-02 01:52:53,670 - __main__ - INFO - Generating mock tweet data for project
2025-05-02 01:52:53,671 - __main__ - INFO - Generated 200 mock tweets for NICA
2025-05-02 01:52:53,681 - __main__ - INFO - Processed 200 text records with sentiment analysis
2025-05-02 01:52:53,692 - __main__ - INFO - Loaded 90 news articles for NICA
2025-05-02 01:52:53,700 - __main__ - INFO - Processed 90 text records with sentiment analysis
2025-05-02 01:52:53,711 - __main__ - INFO - Fetched 90 records of NEPSE data for NICA
2025-05-02 01:52:53,713 - __main__ - INFO - Calculated financial metrics
2025-05-02 01:52:53,720 - __main__ - INFO - Combined data with 90 records
2025-05-02 01:52:53,722 - __main__ - INFO - Saved combined data for NICA to combined_data_NICA.csv
2025-05-02 01:52:53,954 - __main__ - INFO - Plot saved as stock_sentiment_plot_NICA.png
2025-05-02 01:52:53,955 - __main__ - INFO - Pipeline completed successfully for NICA
2025-05-02 01:52:53,955 - __main__ - INFO - Starting sentiment analysis pipeline for PRVU
2025-05-02 01:52:53,955 - __main__ - INFO - Twitter API not configured - using mock data
2025-05-02 01:52:53,959 - __main__ - INFO - SentimentAnalyzer initialized with VADER
2025-05-02 01:52:53,959 - __main__ - INFO - Generating mock tweet data for project
2025-05-02 01:52:53,960 - __main__ - INFO - Generated 200 mock tweets for PRVU
2025-05-02 01:52:53,970 - __main__ - INFO - Processed 200 text records with sentiment analysis
2025-05-02 01:52:53,982 - __main__ - INFO - Loaded 90 news articles for PRVU
2025-05-02 01:52:53,990 - __main__ - INFO - Processed 90 text records with sentiment analysis
2025-05-02 01:52:54,006 - __main__ - INFO - Fetched 90 records of NEPSE data for PRVU
2025-05-02 01:52:54,007 - __main__ - INFO - Calculated financial metrics
2025-05-02 01:52:54,014 - __main__ - INFO - Combined data with 90 records
2025-05-02 01:52:54,017 - __main__ - INFO - Saved combined data for PRVU to combined_data_PRVU.csv
2025-05-02 01:52:54,166 - __main__ - INFO - Plot saved as stock_sentiment_plot_PRVU.png
2025-05-02 01:52:54,166 - __main__ - INFO - Pipeline completed successfully for PRVU
2025-05-02 01:52:54,167 - __main__ - INFO - Starting sentiment analysis pipeline for SBI
2025-05-02 01:52:54,167 - __main__ - INFO - Twitter API not configured - using mock data
2025-05-02 01:52:54,171 - __main__ - INFO - SentimentAnalyzer initialized with VADER
2025-05-02 01:52:54,171 - __main__ - INFO - Generating mock tweet data for project
2025-05-02 01:52:54,172 - __main__ - INFO - Generated 200 mock tweets for SBI
2025-05-02 01:52:54,182 - __main__ - INFO - Processed 200 text records with sentiment analysis
2025-05-02 01:52:54,198 - __main__ - INFO - Loaded 90 news articles for SBI
2025-05-02 01:52:54,205 - __main__ - INFO - Processed 90 text records with sentiment analysis
2025-05-02 01:52:54,218 - __main__ - INFO - Fetched 90 records of NEPSE data for SBI
2025-05-02 01:52:54,220 - __main__ - INFO - Calculated financial metrics
2025-05-02 01:52:54,227 - __main__ - INFO - Combined data with 90 records
2025-05-02 01:52:54,230 - __main__ - INFO - Saved combined data for SBI to combined_data_SBI.csv
2025-05-02 01:52:54,386 - __main__ - INFO - Plot saved as stock_sentiment_plot_SBI.png
2025-05-02 01:52:54,386 - __main__ - INFO - Pipeline completed successfully for SBI
2025-05-02 01:52:54,387 - __main__ - INFO - Starting sentiment analysis pipeline for ADBL
2025-05-02 01:52:54,387 - __main__ - INFO - Twitter API not configured - using mock data
2025-05-02 01:52:54,391 - __main__ - INFO - SentimentAnalyzer initialized with VADER
2025-05-02 01:52:54,391 - __main__ - INFO - Generating mock tweet data for project
2025-05-02 01:52:54,393 - __main__ - INFO - Generated 200 mock tweets for ADBL
2025-05-02 01:52:54,404 - __main__ - INFO - Processed 200 text records with sentiment analysis
2025-05-02 01:52:54,416 - __main__ - INFO - Loaded 90 news articles for ADBL
2025-05-02 01:52:54,423 - __main__ - INFO - Processed 90 text records with sentiment analysis
2025-05-02 01:52:54,435 - __main__ - INFO - Fetched 90 records of NEPSE data for ADBL
2025-05-02 01:52:54,437 - __main__ - INFO - Calculated financial metrics
2025-05-02 01:52:54,443 - __main__ - INFO - Combined data with 90 records
2025-05-02 01:52:54,447 - __main__ - INFO - Saved combined data for ADBL to combined_data_ADBL.csv
2025-05-02 01:52:54,596 - __main__ - INFO - Plot saved as stock_sentiment_plot_ADBL.png
2025-05-02 01:52:54,596 - __main__ - INFO - Pipeline completed successfully for ADBL
2025-05-02 02:00:54,157 - __main__ - INFO - Starting sentiment analysis pipeline for NABIL
2025-05-02 02:00:54,157 - __main__ - INFO - Twitter API not configured - using mock data
2025-05-02 02:00:54,898 - __main__ - INFO - SentimentAnalyzer initialized with VADER
2025-05-02 02:00:54,899 - __main__ - INFO - Generating mock tweet data for project
2025-05-02 02:00:54,901 - __main__ - INFO - Generated 200 mock tweets for NABIL
2025-05-02 02:00:54,911 - __main__ - INFO - Processed 200 text records with sentiment analysis
2025-05-02 02:00:54,927 - __main__ - INFO - Loaded 90 news articles for NABIL
2025-05-02 02:00:54,936 - __main__ - INFO - Processed 90 text records with sentiment analysis
2025-05-02 02:00:54,950 - __main__ - INFO - Fetched 90 records of NEPSE data for NABIL
2025-05-02 02:00:54,952 - __main__ - INFO - Calculated financial metrics
2025-05-02 02:00:54,961 - __main__ - INFO - Combined data with 90 records
2025-05-02 02:00:54,964 - __main__ - INFO - Saved combined data for NABIL to combined_data_NABIL.csv
2025-05-02 02:00:55,181 - __main__ - INFO - Plot saved as stock_sentiment_plot_NABIL.png
2025-05-02 02:00:55,181 - __main__ - INFO - Pipeline completed successfully for NABIL
2025-05-02 02:00:55,181 - __main__ - INFO - Starting sentiment analysis pipeline for NRIC
2025-05-02 02:00:55,181 - __main__ - INFO - Twitter API not configured - using mock data
2025-05-02 02:00:55,185 - __main__ - INFO - SentimentAnalyzer initialized with VADER
2025-05-02 02:00:55,185 - __main__ - INFO - Generating mock tweet data for project
2025-05-02 02:00:55,186 - __main__ - INFO - Generated 200 mock tweets for NRIC
2025-05-02 02:00:55,197 - __main__ - INFO - Processed 200 text records with sentiment analysis
2025-05-02 02:00:55,216 - __main__ - INFO - Loaded 90 news articles for NRIC
2025-05-02 02:00:55,224 - __main__ - INFO - Processed 90 text records with sentiment analysis
2025-05-02 02:00:55,236 - __main__ - INFO - Fetched 90 records of NEPSE data for NRIC
2025-05-02 02:00:55,238 - __main__ - INFO - Calculated financial metrics
2025-05-02 02:00:55,245 - __main__ - INFO - Combined data with 90 records
2025-05-02 02:00:55,247 - __main__ - INFO - Saved combined data for NRIC to combined_data_NRIC.csv
2025-05-02 02:00:55,396 - __main__ - INFO - Plot saved as stock_sentiment_plot_NRIC.png
2025-05-02 02:00:55,397 - __main__ - INFO - Pipeline completed successfully for NRIC
2025-05-02 02:00:55,397 - __main__ - INFO - Starting sentiment analysis pipeline for SHIVM
2025-05-02 02:00:55,397 - __main__ - INFO - Twitter API not configured - using mock data
2025-05-02 02:00:55,401 - __main__ - INFO - SentimentAnalyzer initialized with VADER
2025-05-02 02:00:55,401 - __main__ - INFO - Generating mock tweet data for project
2025-05-02 02:00:55,402 - __main__ - INFO - Generated 200 mock tweets for SHIVM
2025-05-02 02:00:55,412 - __main__ - INFO - Processed 200 text records with sentiment analysis
2025-05-02 02:00:55,428 - __main__ - INFO - Loaded 90 news articles for SHIVM
2025-05-02 02:00:55,436 - __main__ - INFO - Processed 90 text records with sentiment analysis
2025-05-02 02:00:55,448 - __main__ - INFO - Fetched 90 records of NEPSE data for SHIVM
2025-05-02 02:00:55,450 - __main__ - INFO - Calculated financial metrics
2025-05-02 02:00:55,456 - __main__ - INFO - Combined data with 90 records
2025-05-02 02:00:55,458 - __main__ - INFO - Saved combined data for SHIVM to combined_data_SHIVM.csv
2025-05-02 02:00:55,615 - __main__ - INFO - Plot saved as stock_sentiment_plot_SHIVM.png
2025-05-02 02:00:55,616 - __main__ - INFO - Pipeline completed successfully for SHIVM
2025-05-02 02:00:55,616 - __main__ - INFO - Starting sentiment analysis pipeline for HBL
2025-05-02 02:00:55,616 - __main__ - INFO - Twitter API not configured - using mock data
2025-05-02 02:00:55,620 - __main__ - INFO - SentimentAnalyzer initialized with VADER
2025-05-02 02:00:55,620 - __main__ - INFO - Generating mock tweet data for project
2025-05-02 02:00:55,621 - __main__ - INFO - Generated 200 mock tweets for HBL
2025-05-02 02:00:55,631 - __main__ - INFO - Processed 200 text records with sentiment analysis
2025-05-02 02:00:55,642 - __main__ - INFO - Loaded 90 news articles for HBL
2025-05-02 02:00:55,649 - __main__ - INFO - Processed 90 text records with sentiment analysis
2025-05-02 02:00:55,661 - __main__ - INFO - Fetched 90 records of NEPSE data for HBL
2025-05-02 02:00:55,662 - __main__ - INFO - Calculated financial metrics
2025-05-02 02:00:55,669 - __main__ - INFO - Combined data with 90 records
2025-05-02 02:00:55,671 - __main__ - INFO - Saved combined data for HBL to combined_data_HBL.csv
2025-05-02 02:00:55,822 - __main__ - INFO - Plot saved as stock_sentiment_plot_HBL.png
2025-05-02 02:00:55,823 - __main__ - INFO - Pipeline completed successfully for HBL
2025-05-02 02:00:55,823 - __main__ - INFO - Starting sentiment analysis pipeline for EBL
2025-05-02 02:00:55,823 - __main__ - INFO - Twitter API not configured - using mock data
2025-05-02 02:00:55,827 - __main__ - INFO - SentimentAnalyzer initialized with VADER
2025-05-02 02:00:55,827 - __main__ - INFO - Generating mock tweet data for project
2025-05-02 02:00:55,829 - __main__ - INFO - Generated 200 mock tweets for EBL
2025-05-02 02:00:55,839 - __main__ - INFO - Processed 200 text records with sentiment analysis
2025-05-02 02:00:55,857 - __main__ - INFO - Loaded 90 news articles for EBL
2025-05-02 02:00:55,865 - __main__ - INFO - Processed 90 text records with sentiment analysis
2025-05-02 02:00:55,876 - __main__ - INFO - Fetched 90 records of NEPSE data for EBL
2025-05-02 02:00:55,878 - __main__ - INFO - Calculated financial metrics
2025-05-02 02:00:55,885 - __main__ - INFO - Combined data with 90 records
2025-05-02 02:00:55,887 - __main__ - INFO - Saved combined data for EBL to combined_data_EBL.csv
2025-05-02 02:00:56,036 - __main__ - INFO - Plot saved as stock_sentiment_plot_EBL.png
2025-05-02 02:00:56,036 - __main__ - INFO - Pipeline completed successfully for EBL
2025-05-02 02:00:56,037 - __main__ - INFO - Starting sentiment analysis pipeline for SCB
2025-05-02 02:00:56,037 - __main__ - INFO - Twitter API not configured - using mock data
2025-05-02 02:00:56,041 - __main__ - INFO - SentimentAnalyzer initialized with VADER
2025-05-02 02:00:56,041 - __main__ - INFO - Generating mock tweet data for project
2025-05-02 02:00:56,043 - __main__ - INFO - Generated 200 mock tweets for SCB
2025-05-02 02:00:56,060 - __main__ - INFO - Processed 200 text records with sentiment analysis
2025-05-02 02:00:56,089 - __main__ - INFO - Loaded 90 news articles for SCB
2025-05-02 02:00:56,101 - __main__ - INFO - Processed 90 text records with sentiment analysis
2025-05-02 02:00:56,115 - __main__ - INFO - Fetched 90 records of NEPSE data for SCB
2025-05-02 02:00:56,117 - __main__ - INFO - Calculated financial metrics
2025-05-02 02:00:56,126 - __main__ - INFO - Combined data with 90 records
2025-05-02 02:00:56,129 - __main__ - INFO - Saved combined data for SCB to combined_data_SCB.csv
2025-05-02 02:00:56,287 - __main__ - INFO - Plot saved as stock_sentiment_plot_SCB.png
2025-05-02 02:00:56,287 - __main__ - INFO - Pipeline completed successfully for SCB
2025-05-02 02:00:56,288 - __main__ - INFO - Starting sentiment analysis pipeline for KBL
2025-05-02 02:00:56,288 - __main__ - INFO - Twitter API not configured - using mock data
2025-05-02 02:00:56,292 - __main__ - INFO - SentimentAnalyzer initialized with VADER
2025-05-02 02:00:56,292 - __main__ - INFO - Generating mock tweet data for project
2025-05-02 02:00:56,293 - __main__ - INFO - Generated 200 mock tweets for KBL
2025-05-02 02:00:56,303 - __main__ - INFO - Processed 200 text records with sentiment analysis
2025-05-02 02:00:56,317 - __main__ - INFO - Loaded 90 news articles for KBL
2025-05-02 02:00:56,324 - __main__ - INFO - Processed 90 text records with sentiment analysis
2025-05-02 02:00:56,338 - __main__ - INFO - Fetched 90 records of NEPSE data for KBL
2025-05-02 02:00:56,339 - __main__ - INFO - Calculated financial metrics
2025-05-02 02:00:56,345 - __main__ - INFO - Combined data with 90 records
2025-05-02 02:00:56,347 - __main__ - INFO - Saved combined data for KBL to combined_data_KBL.csv
2025-05-02 02:00:56,496 - __main__ - INFO - Plot saved as stock_sentiment_plot_KBL.png
2025-05-02 02:00:56,496 - __main__ - INFO - Pipeline completed successfully for KBL
2025-05-02 02:00:56,496 - __main__ - INFO - Starting sentiment analysis pipeline for NMB
2025-05-02 02:00:56,496 - __main__ - INFO - Twitter API not configured - using mock data
2025-05-02 02:00:56,500 - __main__ - INFO - SentimentAnalyzer initialized with VADER
2025-05-02 02:00:56,500 - __main__ - INFO - Generating mock tweet data for project
2025-05-02 02:00:56,501 - __main__ - INFO - Generated 200 mock tweets for NMB
2025-05-02 02:00:56,510 - __main__ - INFO - Processed 200 text records with sentiment analysis
2025-05-02 02:00:56,526 - __main__ - INFO - Loaded 90 news articles for NMB
2025-05-02 02:00:56,534 - __main__ - INFO - Processed 90 text records with sentiment analysis
2025-05-02 02:00:56,549 - __main__ - INFO - Fetched 90 records of NEPSE data for NMB
2025-05-02 02:00:56,550 - __main__ - INFO - Calculated financial metrics
2025-05-02 02:00:56,557 - __main__ - INFO - Combined data with 90 records
2025-05-02 02:00:56,560 - __main__ - INFO - Saved combined data for NMB to combined_data_NMB.csv
2025-05-02 02:00:56,739 - __main__ - INFO - Plot saved as stock_sentiment_plot_NMB.png
2025-05-02 02:00:56,739 - __main__ - INFO - Pipeline completed successfully for NMB
2025-05-02 02:00:56,740 - __main__ - INFO - Starting sentiment analysis pipeline for GBIME
2025-05-02 02:00:56,740 - __main__ - INFO - Twitter API not configured - using mock data
2025-05-02 02:00:56,743 - __main__ - INFO - SentimentAnalyzer initialized with VADER
2025-05-02 02:00:56,743 - __main__ - INFO - Generating mock tweet data for project
2025-05-02 02:00:56,745 - __main__ - INFO - Generated 200 mock tweets for GBIME
2025-05-02 02:00:56,756 - __main__ - INFO - Processed 200 text records with sentiment analysis
2025-05-02 02:00:56,767 - __main__ - INFO - Loaded 90 news articles for GBIME
2025-05-02 02:00:56,776 - __main__ - INFO - Processed 90 text records with sentiment analysis
2025-05-02 02:00:56,786 - __main__ - INFO - Fetched 90 records of NEPSE data for GBIME
2025-05-02 02:00:56,788 - __main__ - INFO - Calculated financial metrics
2025-05-02 02:00:56,794 - __main__ - INFO - Combined data with 90 records
2025-05-02 02:00:56,797 - __main__ - INFO - Saved combined data for GBIME to combined_data_GBIME.csv
2025-05-02 02:00:56,951 - __main__ - INFO - Plot saved as stock_sentiment_plot_GBIME.png
2025-05-02 02:00:56,951 - __main__ - INFO - Pipeline completed successfully for GBIME
2025-05-02 02:00:56,951 - __main__ - INFO - Starting sentiment analysis pipeline for NICA
2025-05-02 02:00:56,951 - __main__ - INFO - Twitter API not configured - using mock data
2025-05-02 02:00:56,955 - __main__ - INFO - SentimentAnalyzer initialized with VADER
2025-05-02 02:00:56,955 - __main__ - INFO - Generating mock tweet data for project
2025-05-02 02:00:56,957 - __main__ - INFO - Generated 200 mock tweets for NICA
2025-05-02 02:00:56,968 - __main__ - INFO - Processed 200 text records with sentiment analysis
2025-05-02 02:00:56,982 - __main__ - INFO - Loaded 90 news articles for NICA
2025-05-02 02:00:56,991 - __main__ - INFO - Processed 90 text records with sentiment analysis
2025-05-02 02:00:57,002 - __main__ - INFO - Fetched 90 records of NEPSE data for NICA
2025-05-02 02:00:57,004 - __main__ - INFO - Calculated financial metrics
2025-05-02 02:00:57,009 - __main__ - INFO - Combined data with 90 records
2025-05-02 02:00:57,012 - __main__ - INFO - Saved combined data for NICA to combined_data_NICA.csv
2025-05-02 02:00:57,258 - __main__ - INFO - Plot saved as stock_sentiment_plot_NICA.png
2025-05-02 02:00:57,258 - __main__ - INFO - Pipeline completed successfully for NICA
2025-05-02 02:00:57,259 - __main__ - INFO - Starting sentiment analysis pipeline for PRVU
2025-05-02 02:00:57,259 - __main__ - INFO - Twitter API not configured - using mock data
2025-05-02 02:00:57,263 - __main__ - INFO - SentimentAnalyzer initialized with VADER
2025-05-02 02:00:57,263 - __main__ - INFO - Generating mock tweet data for project
2025-05-02 02:00:57,265 - __main__ - INFO - Generated 200 mock tweets for PRVU
2025-05-02 02:00:57,276 - __main__ - INFO - Processed 200 text records with sentiment analysis
2025-05-02 02:00:57,288 - __main__ - INFO - Loaded 90 news articles for PRVU
2025-05-02 02:00:57,297 - __main__ - INFO - Processed 90 text records with sentiment analysis
2025-05-02 02:00:57,308 - __main__ - INFO - Fetched 90 records of NEPSE data for PRVU
2025-05-02 02:00:57,309 - __main__ - INFO - Calculated financial metrics
2025-05-02 02:00:57,315 - __main__ - INFO - Combined data with 90 records
2025-05-02 02:00:57,318 - __main__ - INFO - Saved combined data for PRVU to combined_data_PRVU.csv
2025-05-02 02:00:57,466 - __main__ - INFO - Plot saved as stock_sentiment_plot_PRVU.png
2025-05-02 02:00:57,466 - __main__ - INFO - Pipeline completed successfully for PRVU
2025-05-02 02:00:57,467 - __main__ - INFO - Starting sentiment analysis pipeline for SBI
2025-05-02 02:00:57,467 - __main__ - INFO - Twitter API not configured - using mock data
2025-05-02 02:00:57,470 - __main__ - INFO - SentimentAnalyzer initialized with VADER
2025-05-02 02:00:57,470 - __main__ - INFO - Generating mock tweet data for project
2025-05-02 02:00:57,471 - __main__ - INFO - Generated 200 mock tweets for SBI
2025-05-02 02:00:57,482 - __main__ - INFO - Processed 200 text records with sentiment analysis
2025-05-02 02:00:57,497 - __main__ - INFO - Loaded 90 news articles for SBI
2025-05-02 02:00:57,505 - __main__ - INFO - Processed 90 text records with sentiment analysis
2025-05-02 02:00:57,517 - __main__ - INFO - Fetched 90 records of NEPSE data for SBI
2025-05-02 02:00:57,518 - __main__ - INFO - Calculated financial metrics
2025-05-02 02:00:57,525 - __main__ - INFO - Combined data with 90 records
2025-05-02 02:00:57,527 - __main__ - INFO - Saved combined data for SBI to combined_data_SBI.csv
2025-05-02 02:00:57,679 - __main__ - INFO - Plot saved as stock_sentiment_plot_SBI.png
2025-05-02 02:00:57,679 - __main__ - INFO - Pipeline completed successfully for SBI
2025-05-02 02:00:57,679 - __main__ - INFO - Starting sentiment analysis pipeline for ADBL
2025-05-02 02:00:57,679 - __main__ - INFO - Twitter API not configured - using mock data
2025-05-02 02:00:57,683 - __main__ - INFO - SentimentAnalyzer initialized with VADER
2025-05-02 02:00:57,683 - __main__ - INFO - Generating mock tweet data for project
2025-05-02 02:00:57,684 - __main__ - INFO - Generated 200 mock tweets for ADBL
2025-05-02 02:00:57,693 - __main__ - INFO - Processed 200 text records with sentiment analysis
2025-05-02 02:00:57,708 - __main__ - INFO - Loaded 90 news articles for ADBL
2025-05-02 02:00:57,718 - __main__ - INFO - Processed 90 text records with sentiment analysis
2025-05-02 02:00:57,730 - __main__ - INFO - Fetched 90 records of NEPSE data for ADBL
2025-05-02 02:00:57,732 - __main__ - INFO - Calculated financial metrics
2025-05-02 02:00:57,739 - __main__ - INFO - Combined data with 90 records
2025-05-02 02:00:57,741 - __main__ - INFO - Saved combined data for ADBL to combined_data_ADBL.csv
2025-05-02 02:00:57,904 - __main__ - INFO - Plot saved as stock_sentiment_plot_ADBL.png
2025-05-02 02:00:57,905 - __main__ - INFO - Pipeline completed successfully for ADBL
2025-05-02 10:22:51,536 - __main__ - INFO - Starting sentiment analysis pipeline for NABIL
2025-05-02 10:22:51,552 - __main__ - INFO - Twitter API not configured - using mock data
2025-05-02 10:22:52,519 - __main__ - INFO - SentimentAnalyzer initialized with VADER
2025-05-02 10:22:52,519 - __main__ - INFO - Generating mock tweet data for project
2025-05-02 10:22:52,537 - __main__ - INFO - Generated 200 mock tweets for NABIL
2025-05-02 10:22:52,542 - __main__ - INFO - Processed 200 text records with sentiment analysis
2025-05-02 10:22:52,579 - __main__ - INFO - Loaded 90 news articles for NABIL
2025-05-02 10:22:52,592 - __main__ - INFO - Processed 90 text records with sentiment analysis
2025-05-02 10:22:52,619 - __main__ - INFO - Fetched 90 records of NEPSE data for NABIL
2025-05-02 10:22:52,623 - __main__ - INFO - Calculated financial metrics
2025-05-02 10:22:52,626 - __main__ - INFO - Combined data with 90 records
2025-05-02 10:22:52,636 - __main__ - INFO - Saved combined data for NABIL to combined_data_NABIL.csv
2025-05-02 10:22:52,956 - __main__ - INFO - Plot saved as stock_sentiment_plot_NABIL.png
2025-05-02 10:22:52,956 - __main__ - INFO - Pipeline completed successfully for NABIL
2025-05-02 10:22:52,956 - __main__ - INFO - Starting sentiment analysis pipeline for NRIC
2025-05-02 10:22:52,965 - __main__ - INFO - Twitter API not configured - using mock data
2025-05-02 10:22:52,969 - __main__ - INFO - SentimentAnalyzer initialized with VADER
2025-05-02 10:22:52,969 - __main__ - INFO - Generating mock tweet data for project
2025-05-02 10:22:52,972 - __main__ - INFO - Generated 200 mock tweets for NRIC
2025-05-02 10:22:52,986 - __main__ - INFO - Processed 200 text records with sentiment analysis
2025-05-02 10:22:53,011 - __main__ - INFO - Loaded 90 news articles for NRIC
2025-05-02 10:22:53,023 - __main__ - INFO - Processed 90 text records with sentiment analysis
2025-05-02 10:22:53,044 - __main__ - INFO - Fetched 90 records of NEPSE data for NRIC
2025-05-02 10:22:53,047 - __main__ - INFO - Calculated financial metrics
2025-05-02 10:22:53,053 - __main__ - INFO - Combined data with 90 records
2025-05-02 10:22:53,058 - __main__ - INFO - Saved combined data for NRIC to combined_data_NRIC.csv
2025-05-02 10:22:53,273 - __main__ - INFO - Plot saved as stock_sentiment_plot_NRIC.png
2025-05-02 10:22:53,273 - __main__ - INFO - Pipeline completed successfully for NRIC
2025-05-02 10:22:53,273 - __main__ - INFO - Starting sentiment analysis pipeline for SHIVM
2025-05-02 10:22:53,275 - __main__ - INFO - Twitter API not configured - using mock data
2025-05-02 10:22:53,280 - __main__ - INFO - SentimentAnalyzer initialized with VADER
2025-05-02 10:22:53,280 - __main__ - INFO - Generating mock tweet data for project
2025-05-02 10:22:53,281 - __main__ - INFO - Generated 200 mock tweets for SHIVM
2025-05-02 10:22:53,294 - __main__ - INFO - Processed 200 text records with sentiment analysis
2025-05-02 10:22:53,316 - __main__ - INFO - Loaded 90 news articles for SHIVM
2025-05-02 10:22:53,325 - __main__ - INFO - Processed 90 text records with sentiment analysis
2025-05-02 10:22:53,350 - __main__ - INFO - Fetched 90 records of NEPSE data for SHIVM
2025-05-02 10:22:53,352 - __main__ - INFO - Calculated financial metrics
2025-05-02 10:22:53,359 - __main__ - INFO - Combined data with 90 records
2025-05-02 10:22:53,365 - __main__ - INFO - Saved combined data for SHIVM to combined_data_SHIVM.csv
2025-05-02 10:22:53,577 - __main__ - INFO - Plot saved as stock_sentiment_plot_SHIVM.png
2025-05-02 10:22:53,577 - __main__ - INFO - Pipeline completed successfully for SHIVM
2025-05-02 10:22:53,577 - __main__ - INFO - Starting sentiment analysis pipeline for HBL
2025-05-02 10:22:53,577 - __main__ - INFO - Twitter API not configured - using mock data
2025-05-02 10:22:53,577 - __main__ - INFO - SentimentAnalyzer initialized with VADER
2025-05-02 10:22:53,577 - __main__ - INFO - Generating mock tweet data for project
2025-05-02 10:22:53,585 - __main__ - INFO - Generated 200 mock tweets for HBL
2025-05-02 10:22:53,595 - __main__ - INFO - Processed 200 text records with sentiment analysis
2025-05-02 10:22:53,620 - __main__ - INFO - Loaded 90 news articles for HBL
2025-05-02 10:22:53,629 - __main__ - INFO - Processed 90 text records with sentiment analysis
2025-05-02 10:22:53,652 - __main__ - INFO - Fetched 90 records of NEPSE data for HBL
2025-05-02 10:22:53,652 - __main__ - INFO - Calculated financial metrics
2025-05-02 10:22:53,666 - __main__ - INFO - Combined data with 90 records
2025-05-02 10:22:53,669 - __main__ - INFO - Saved combined data for HBL to combined_data_HBL.csv
2025-05-02 10:22:53,888 - __main__ - INFO - Plot saved as stock_sentiment_plot_HBL.png
2025-05-02 10:22:53,888 - __main__ - INFO - Pipeline completed successfully for HBL
2025-05-02 10:22:53,888 - __main__ - INFO - Starting sentiment analysis pipeline for EBL
2025-05-02 10:22:53,888 - __main__ - INFO - Twitter API not configured - using mock data
2025-05-02 10:22:53,896 - __main__ - INFO - SentimentAnalyzer initialized with VADER
2025-05-02 10:22:53,896 - __main__ - INFO - Generating mock tweet data for project
2025-05-02 10:22:53,902 - __main__ - INFO - Generated 200 mock tweets for EBL
2025-05-02 10:22:53,914 - __main__ - INFO - Processed 200 text records with sentiment analysis
2025-05-02 10:22:53,929 - __main__ - INFO - Loaded 90 news articles for EBL
2025-05-02 10:22:53,940 - __main__ - INFO - Processed 90 text records with sentiment analysis
2025-05-02 10:22:53,965 - __main__ - INFO - Fetched 90 records of NEPSE data for EBL
2025-05-02 10:22:53,965 - __main__ - INFO - Calculated financial metrics
2025-05-02 10:22:53,974 - __main__ - INFO - Combined data with 90 records
2025-05-02 10:22:53,982 - __main__ - INFO - Saved combined data for EBL to combined_data_EBL.csv
2025-05-02 10:22:54,186 - __main__ - INFO - Plot saved as stock_sentiment_plot_EBL.png
2025-05-02 10:22:54,186 - __main__ - INFO - Pipeline completed successfully for EBL
2025-05-02 10:22:54,188 - __main__ - INFO - Starting sentiment analysis pipeline for SCB
2025-05-02 10:22:54,188 - __main__ - INFO - Twitter API not configured - using mock data
2025-05-02 10:22:54,188 - __main__ - INFO - SentimentAnalyzer initialized with VADER
2025-05-02 10:22:54,188 - __main__ - INFO - Generating mock tweet data for project
2025-05-02 10:22:54,195 - __main__ - INFO - Generated 200 mock tweets for SCB
2025-05-02 10:22:54,214 - __main__ - INFO - Processed 200 text records with sentiment analysis
2025-05-02 10:22:54,238 - __main__ - INFO - Loaded 90 news articles for SCB
2025-05-02 10:22:54,253 - __main__ - INFO - Processed 90 text records with sentiment analysis
2025-05-02 10:22:54,279 - __main__ - INFO - Fetched 90 records of NEPSE data for SCB
2025-05-02 10:22:54,281 - __main__ - INFO - Calculated financial metrics
2025-05-02 10:22:54,299 - __main__ - INFO - Combined data with 90 records
2025-05-02 10:22:54,304 - __main__ - INFO - Saved combined data for SCB to combined_data_SCB.csv
2025-05-02 10:22:54,528 - __main__ - INFO - Plot saved as stock_sentiment_plot_SCB.png
2025-05-02 10:22:54,528 - __main__ - INFO - Pipeline completed successfully for SCB
2025-05-02 10:22:54,528 - __main__ - INFO - Starting sentiment analysis pipeline for KBL
2025-05-02 10:22:54,528 - __main__ - INFO - Twitter API not configured - using mock data
2025-05-02 10:22:54,541 - __main__ - INFO - SentimentAnalyzer initialized with VADER
2025-05-02 10:22:54,541 - __main__ - INFO - Generating mock tweet data for project
2025-05-02 10:22:54,543 - __main__ - INFO - Generated 200 mock tweets for KBL
2025-05-02 10:22:54,547 - __main__ - INFO - Processed 200 text records with sentiment analysis
2025-05-02 10:22:54,575 - __main__ - INFO - Loaded 90 news articles for KBL
2025-05-02 10:22:54,582 - __main__ - INFO - Processed 90 text records with sentiment analysis
2025-05-02 10:22:54,606 - __main__ - INFO - Fetched 90 records of NEPSE data for KBL
2025-05-02 10:22:54,608 - __main__ - INFO - Calculated financial metrics
2025-05-02 10:22:54,616 - __main__ - INFO - Combined data with 90 records
2025-05-02 10:22:54,616 - __main__ - INFO - Saved combined data for KBL to combined_data_KBL.csv
2025-05-02 10:22:54,854 - __main__ - INFO - Plot saved as stock_sentiment_plot_KBL.png
2025-05-02 10:22:54,854 - __main__ - INFO - Pipeline completed successfully for KBL
2025-05-02 10:22:54,854 - __main__ - INFO - Starting sentiment analysis pipeline for NMB
2025-05-02 10:22:54,854 - __main__ - INFO - Twitter API not configured - using mock data
2025-05-02 10:22:54,862 - __main__ - INFO - SentimentAnalyzer initialized with VADER
2025-05-02 10:22:54,862 - __main__ - INFO - Generating mock tweet data for project
2025-05-02 10:22:54,868 - __main__ - INFO - Generated 200 mock tweets for NMB
2025-05-02 10:22:54,876 - __main__ - INFO - Processed 200 text records with sentiment analysis
2025-05-02 10:22:54,900 - __main__ - INFO - Loaded 90 news articles for NMB
2025-05-02 10:22:54,913 - __main__ - INFO - Processed 90 text records with sentiment analysis
2025-05-02 10:22:54,936 - __main__ - INFO - Fetched 90 records of NEPSE data for NMB
2025-05-02 10:22:54,936 - __main__ - INFO - Calculated financial metrics
2025-05-02 10:22:54,944 - __main__ - INFO - Combined data with 90 records
2025-05-02 10:22:54,950 - __main__ - INFO - Saved combined data for NMB to combined_data_NMB.csv
2025-05-02 10:22:55,136 - __main__ - INFO - Plot saved as stock_sentiment_plot_NMB.png
2025-05-02 10:22:55,136 - __main__ - INFO - Pipeline completed successfully for NMB
2025-05-02 10:22:55,136 - __main__ - INFO - Starting sentiment analysis pipeline for GBIME
2025-05-02 10:22:55,136 - __main__ - INFO - Twitter API not configured - using mock data
2025-05-02 10:22:55,145 - __main__ - INFO - SentimentAnalyzer initialized with VADER
2025-05-02 10:22:55,145 - __main__ - INFO - Generating mock tweet data for project
2025-05-02 10:22:55,147 - __main__ - INFO - Generated 200 mock tweets for GBIME
2025-05-02 10:22:55,155 - __main__ - INFO - Processed 200 text records with sentiment analysis
2025-05-02 10:22:55,170 - __main__ - INFO - Loaded 90 news articles for GBIME
2025-05-02 10:22:55,180 - __main__ - INFO - Processed 90 text records with sentiment analysis
2025-05-02 10:22:55,184 - __main__ - INFO - Fetched 90 records of NEPSE data for GBIME
2025-05-02 10:22:55,185 - __main__ - INFO - Calculated financial metrics
2025-05-02 10:22:55,196 - __main__ - INFO - Combined data with 90 records
2025-05-02 10:22:55,196 - __main__ - INFO - Saved combined data for GBIME to combined_data_GBIME.csv
2025-05-02 10:22:55,395 - __main__ - INFO - Plot saved as stock_sentiment_plot_GBIME.png
2025-05-02 10:22:55,395 - __main__ - INFO - Pipeline completed successfully for GBIME
2025-05-02 10:22:55,395 - __main__ - INFO - Starting sentiment analysis pipeline for NICA
2025-05-02 10:22:55,395 - __main__ - INFO - Twitter API not configured - using mock data
2025-05-02 10:22:55,404 - __main__ - INFO - SentimentAnalyzer initialized with VADER
2025-05-02 10:22:55,406 - __main__ - INFO - Generating mock tweet data for project
2025-05-02 10:22:55,406 - __main__ - INFO - Generated 200 mock tweets for NICA
2025-05-02 10:22:55,420 - __main__ - INFO - Processed 200 text records with sentiment analysis
2025-05-02 10:22:55,431 - __main__ - INFO - Loaded 90 news articles for NICA
2025-05-02 10:22:55,443 - __main__ - INFO - Processed 90 text records with sentiment analysis
2025-05-02 10:22:55,458 - __main__ - INFO - Fetched 90 records of NEPSE data for NICA
2025-05-02 10:22:55,458 - __main__ - INFO - Calculated financial metrics
2025-05-02 10:22:55,463 - __main__ - INFO - Combined data with 90 records
2025-05-02 10:22:55,473 - __main__ - INFO - Saved combined data for NICA to combined_data_NICA.csv
2025-05-02 10:22:55,642 - __main__ - INFO - Plot saved as stock_sentiment_plot_NICA.png
2025-05-02 10:22:55,642 - __main__ - INFO - Pipeline completed successfully for NICA
2025-05-02 10:22:55,642 - __main__ - INFO - Starting sentiment analysis pipeline for PRVU
2025-05-02 10:22:55,642 - __main__ - INFO - Twitter API not configured - using mock data
2025-05-02 10:22:55,642 - __main__ - INFO - SentimentAnalyzer initialized with VADER
2025-05-02 10:22:55,642 - __main__ - INFO - Generating mock tweet data for project
2025-05-02 10:22:55,659 - __main__ - INFO - Generated 200 mock tweets for PRVU
2025-05-02 10:22:55,668 - __main__ - INFO - Processed 200 text records with sentiment analysis
2025-05-02 10:22:55,685 - __main__ - INFO - Loaded 90 news articles for PRVU
2025-05-02 10:22:55,693 - __main__ - INFO - Processed 90 text records with sentiment analysis
2025-05-02 10:22:55,710 - __main__ - INFO - Fetched 90 records of NEPSE data for PRVU
2025-05-02 10:22:55,711 - __main__ - INFO - Calculated financial metrics
2025-05-02 10:22:55,720 - __main__ - INFO - Combined data with 90 records
2025-05-02 10:22:55,721 - __main__ - INFO - Saved combined data for PRVU to combined_data_PRVU.csv
2025-05-02 10:22:55,990 - __main__ - INFO - Plot saved as stock_sentiment_plot_PRVU.png
2025-05-02 10:22:55,990 - __main__ - INFO - Pipeline completed successfully for PRVU
2025-05-02 10:22:55,990 - __main__ - INFO - Starting sentiment analysis pipeline for SBI
2025-05-02 10:22:55,990 - __main__ - INFO - Twitter API not configured - using mock data
2025-05-02 10:22:55,990 - __main__ - INFO - SentimentAnalyzer initialized with VADER
2025-05-02 10:22:55,990 - __main__ - INFO - Generating mock tweet data for project
2025-05-02 10:22:55,997 - __main__ - INFO - Generated 200 mock tweets for SBI
2025-05-02 10:22:56,010 - __main__ - INFO - Processed 200 text records with sentiment analysis
2025-05-02 10:22:56,022 - __main__ - INFO - Loaded 90 news articles for SBI
2025-05-02 10:22:56,029 - __main__ - INFO - Processed 90 text records with sentiment analysis
2025-05-02 10:22:56,047 - __main__ - INFO - Fetched 90 records of NEPSE data for SBI
2025-05-02 10:22:56,049 - __main__ - INFO - Calculated financial metrics
2025-05-02 10:22:56,057 - __main__ - INFO - Combined data with 90 records
2025-05-02 10:22:56,060 - __main__ - INFO - Saved combined data for SBI to combined_data_SBI.csv
2025-05-02 10:22:56,256 - __main__ - INFO - Plot saved as stock_sentiment_plot_SBI.png
2025-05-02 10:22:56,256 - __main__ - INFO - Pipeline completed successfully for SBI
2025-05-02 10:22:56,259 - __main__ - INFO - Starting sentiment analysis pipeline for ADBL
2025-05-02 10:22:56,259 - __main__ - INFO - Twitter API not configured - using mock data
2025-05-02 10:22:56,260 - __main__ - INFO - SentimentAnalyzer initialized with VADER
2025-05-02 10:22:56,260 - __main__ - INFO - Generating mock tweet data for project
2025-05-02 10:22:56,265 - __main__ - INFO - Generated 200 mock tweets for ADBL
2025-05-02 10:22:56,281 - __main__ - INFO - Processed 200 text records with sentiment analysis
2025-05-02 10:22:56,300 - __main__ - INFO - Loaded 90 news articles for ADBL
2025-05-02 10:22:56,308 - __main__ - INFO - Processed 90 text records with sentiment analysis
2025-05-02 10:22:56,333 - __main__ - INFO - Fetched 90 records of NEPSE data for ADBL
2025-05-02 10:22:56,333 - __main__ - INFO - Calculated financial metrics
2025-05-02 10:22:56,340 - __main__ - INFO - Combined data with 90 records
2025-05-02 10:22:56,347 - __main__ - INFO - Saved combined data for ADBL to combined_data_ADBL.csv
2025-05-02 10:22:56,548 - __main__ - INFO - Plot saved as stock_sentiment_plot_ADBL.png
2025-05-02 10:22:56,548 - __main__ - INFO - Pipeline completed successfully for ADBL
2025-05-02 18:57:48,394 - __main__ - INFO - Starting sentiment analysis pipeline for NABIL
2025-05-02 18:57:48,394 - __main__ - INFO - Twitter API not configured - using mock data
2025-05-02 18:57:49,457 - __main__ - INFO - SentimentAnalyzer initialized with VADER
2025-05-02 18:57:49,457 - __main__ - INFO - Generating mock tweet data for project
2025-05-02 18:57:49,457 - __main__ - INFO - Generated 200 mock tweets for NABIL
2025-05-02 18:57:49,478 - __main__ - INFO - Processed 200 text records with sentiment analysis
2025-05-02 18:57:49,528 - __main__ - INFO - Loaded 90 news articles for NABIL
2025-05-02 18:57:49,544 - __main__ - INFO - Processed 90 text records with sentiment analysis
2025-05-02 18:57:49,577 - __main__ - INFO - Fetched 90 records of NEPSE data for NABIL
2025-05-02 18:57:49,577 - __main__ - INFO - Calculated financial metrics
2025-05-02 18:57:49,599 - __main__ - INFO - Combined data with 90 records
2025-05-02 18:57:49,609 - __main__ - INFO - Saved combined data for NABIL to combined_data_NABIL.csv
2025-05-02 18:57:50,056 - __main__ - INFO - Plot saved as stock_sentiment_plot_NABIL.png
2025-05-02 18:57:50,056 - __main__ - INFO - Pipeline completed successfully for NABIL
2025-05-02 18:57:50,056 - __main__ - INFO - Starting sentiment analysis pipeline for NRIC
2025-05-02 18:57:50,056 - __main__ - INFO - Twitter API not configured - using mock data
2025-05-02 18:57:50,056 - __main__ - INFO - SentimentAnalyzer initialized with VADER
2025-05-02 18:57:50,056 - __main__ - INFO - Generating mock tweet data for project
2025-05-02 18:57:50,066 - __main__ - INFO - Generated 200 mock tweets for NRIC
2025-05-02 18:57:50,076 - __main__ - INFO - Processed 200 text records with sentiment analysis
2025-05-02 18:57:50,102 - __main__ - INFO - Loaded 90 news articles for NRIC
2025-05-02 18:57:50,110 - __main__ - INFO - Processed 90 text records with sentiment analysis
2025-05-02 18:57:50,135 - __main__ - INFO - Fetched 90 records of NEPSE data for NRIC
2025-05-02 18:57:50,138 - __main__ - INFO - Calculated financial metrics
2025-05-02 18:57:50,149 - __main__ - INFO - Combined data with 90 records
2025-05-02 18:57:50,151 - __main__ - INFO - Saved combined data for NRIC to combined_data_NRIC.csv
2025-05-02 18:57:50,383 - __main__ - INFO - Plot saved as stock_sentiment_plot_NRIC.png
2025-05-02 18:57:50,383 - __main__ - INFO - Pipeline completed successfully for NRIC
2025-05-02 18:57:50,383 - __main__ - INFO - Starting sentiment analysis pipeline for SHIVM
2025-05-02 18:57:50,383 - __main__ - INFO - Twitter API not configured - using mock data
2025-05-02 18:57:50,390 - __main__ - INFO - SentimentAnalyzer initialized with VADER
2025-05-02 18:57:50,390 - __main__ - INFO - Generating mock tweet data for project
2025-05-02 18:57:50,392 - __main__ - INFO - Generated 200 mock tweets for SHIVM
2025-05-02 18:57:50,405 - __main__ - INFO - Processed 200 text records with sentiment analysis
2025-05-02 18:57:50,421 - __main__ - INFO - Loaded 90 news articles for SHIVM
2025-05-02 18:57:50,430 - __main__ - INFO - Processed 90 text records with sentiment analysis
2025-05-02 18:57:50,455 - __main__ - INFO - Fetched 90 records of NEPSE data for SHIVM
2025-05-02 18:57:50,455 - __main__ - INFO - Calculated financial metrics
2025-05-02 18:57:50,465 - __main__ - INFO - Combined data with 90 records
2025-05-02 18:57:50,471 - __main__ - INFO - Saved combined data for SHIVM to combined_data_SHIVM.csv
2025-05-02 18:57:50,681 - __main__ - INFO - Plot saved as stock_sentiment_plot_SHIVM.png
2025-05-02 18:57:50,681 - __main__ - INFO - Pipeline completed successfully for SHIVM
2025-05-02 18:57:50,681 - __main__ - INFO - Starting sentiment analysis pipeline for HBL
2025-05-02 18:57:50,681 - __main__ - INFO - Twitter API not configured - using mock data
2025-05-02 18:57:50,681 - __main__ - INFO - SentimentAnalyzer initialized with VADER
2025-05-02 18:57:50,681 - __main__ - INFO - Generating mock tweet data for project
2025-05-02 18:57:50,691 - __main__ - INFO - Generated 200 mock tweets for HBL
2025-05-02 18:57:50,703 - __main__ - INFO - Processed 200 text records with sentiment analysis
2025-05-02 18:57:50,723 - __main__ - INFO - Loaded 90 news articles for HBL
2025-05-02 18:57:50,736 - __main__ - INFO - Processed 90 text records with sentiment analysis
2025-05-02 18:57:50,760 - __main__ - INFO - Fetched 90 records of NEPSE data for HBL
2025-05-02 18:57:50,765 - __main__ - INFO - Calculated financial metrics
2025-05-02 18:57:50,772 - __main__ - INFO - Combined data with 90 records
2025-05-02 18:57:50,782 - __main__ - INFO - Saved combined data for HBL to combined_data_HBL.csv
2025-05-02 18:57:51,032 - __main__ - INFO - Plot saved as stock_sentiment_plot_HBL.png
2025-05-02 18:57:51,039 - __main__ - INFO - Pipeline completed successfully for HBL
2025-05-02 18:57:51,039 - __main__ - INFO - Starting sentiment analysis pipeline for EBL
2025-05-02 18:57:51,039 - __main__ - INFO - Twitter API not configured - using mock data
2025-05-02 18:57:51,044 - __main__ - INFO - SentimentAnalyzer initialized with VADER
2025-05-02 18:57:51,044 - __main__ - INFO - Generating mock tweet data for project
2025-05-02 18:57:51,048 - __main__ - INFO - Generated 200 mock tweets for EBL
2025-05-02 18:57:51,062 - __main__ - INFO - Processed 200 text records with sentiment analysis
2025-05-02 18:57:51,080 - __main__ - INFO - Loaded 90 news articles for EBL
2025-05-02 18:57:51,095 - __main__ - INFO - Processed 90 text records with sentiment analysis
2025-05-02 18:57:51,120 - __main__ - INFO - Fetched 90 records of NEPSE data for EBL
2025-05-02 18:57:51,122 - __main__ - INFO - Calculated financial metrics
2025-05-02 18:57:51,130 - __main__ - INFO - Combined data with 90 records
2025-05-02 18:57:51,136 - __main__ - INFO - Saved combined data for EBL to combined_data_EBL.csv
2025-05-02 18:57:51,353 - __main__ - INFO - Plot saved as stock_sentiment_plot_EBL.png
2025-05-02 18:57:51,353 - __main__ - INFO - Pipeline completed successfully for EBL
2025-05-02 18:57:51,353 - __main__ - INFO - Starting sentiment analysis pipeline for SCB
2025-05-02 18:57:51,353 - __main__ - INFO - Twitter API not configured - using mock data
2025-05-02 18:57:51,361 - __main__ - INFO - SentimentAnalyzer initialized with VADER
2025-05-02 18:57:51,361 - __main__ - INFO - Generating mock tweet data for project
2025-05-02 18:57:51,361 - __main__ - INFO - Generated 200 mock tweets for SCB
2025-05-02 18:57:51,378 - __main__ - INFO - Processed 200 text records with sentiment analysis
2025-05-02 18:57:51,401 - __main__ - INFO - Loaded 90 news articles for SCB
2025-05-02 18:57:51,409 - __main__ - INFO - Processed 90 text records with sentiment analysis
2025-05-02 18:57:51,434 - __main__ - INFO - Fetched 90 records of NEPSE data for SCB
2025-05-02 18:57:51,434 - __main__ - INFO - Calculated financial metrics
2025-05-02 18:57:51,444 - __main__ - INFO - Combined data with 90 records
2025-05-02 18:57:51,449 - __main__ - INFO - Saved combined data for SCB to combined_data_SCB.csv
2025-05-02 18:57:51,671 - __main__ - INFO - Plot saved as stock_sentiment_plot_SCB.png
2025-05-02 18:57:51,671 - __main__ - INFO - Pipeline completed successfully for SCB
2025-05-02 18:57:51,671 - __main__ - INFO - Starting sentiment analysis pipeline for KBL
2025-05-02 18:57:51,671 - __main__ - INFO - Twitter API not configured - using mock data
2025-05-02 18:57:51,677 - __main__ - INFO - SentimentAnalyzer initialized with VADER
2025-05-02 18:57:51,679 - __main__ - INFO - Generating mock tweet data for project
2025-05-02 18:57:51,681 - __main__ - INFO - Generated 200 mock tweets for KBL
2025-05-02 18:57:51,691 - __main__ - INFO - Processed 200 text records with sentiment analysis
2025-05-02 18:57:51,700 - __main__ - INFO - Loaded 90 news articles for KBL
2025-05-02 18:57:51,717 - __main__ - INFO - Processed 90 text records with sentiment analysis
2025-05-02 18:57:51,729 - __main__ - INFO - Fetched 90 records of NEPSE data for KBL
2025-05-02 18:57:51,732 - __main__ - INFO - Calculated financial metrics
2025-05-02 18:57:51,736 - __main__ - INFO - Combined data with 90 records
2025-05-02 18:57:51,747 - __main__ - INFO - Saved combined data for KBL to combined_data_KBL.csv
2025-05-02 18:57:51,947 - __main__ - INFO - Plot saved as stock_sentiment_plot_KBL.png
2025-05-02 18:57:51,947 - __main__ - INFO - Pipeline completed successfully for KBL
2025-05-02 18:57:51,947 - __main__ - INFO - Starting sentiment analysis pipeline for NMB
2025-05-02 18:57:51,947 - __main__ - INFO - Twitter API not configured - using mock data
2025-05-02 18:57:51,947 - __main__ - INFO - SentimentAnalyzer initialized with VADER
2025-05-02 18:57:51,947 - __main__ - INFO - Generating mock tweet data for project
2025-05-02 18:57:51,957 - __main__ - INFO - Generated 200 mock tweets for NMB
2025-05-02 18:57:51,966 - __main__ - INFO - Processed 200 text records with sentiment analysis
2025-05-02 18:57:51,981 - __main__ - INFO - Loaded 90 news articles for NMB
2025-05-02 18:57:51,993 - __main__ - INFO - Processed 90 text records with sentiment analysis
2025-05-02 18:57:52,005 - __main__ - INFO - Fetched 90 records of NEPSE data for NMB
2025-05-02 18:57:52,005 - __main__ - INFO - Calculated financial metrics
2025-05-02 18:57:52,014 - __main__ - INFO - Combined data with 90 records
2025-05-02 18:57:52,020 - __main__ - INFO - Saved combined data for NMB to combined_data_NMB.csv
2025-05-02 18:57:52,208 - __main__ - INFO - Plot saved as stock_sentiment_plot_NMB.png
2025-05-02 18:57:52,208 - __main__ - INFO - Pipeline completed successfully for NMB
2025-05-02 18:57:52,208 - __main__ - INFO - Starting sentiment analysis pipeline for GBIME
2025-05-02 18:57:52,208 - __main__ - INFO - Twitter API not configured - using mock data
2025-05-02 18:57:52,215 - __main__ - INFO - SentimentAnalyzer initialized with VADER
2025-05-02 18:57:52,215 - __main__ - INFO - Generating mock tweet data for project
2025-05-02 18:57:52,215 - __main__ - INFO - Generated 200 mock tweets for GBIME
2025-05-02 18:57:52,232 - __main__ - INFO - Processed 200 text records with sentiment analysis
2025-05-02 18:57:52,238 - __main__ - INFO - Loaded 90 news articles for GBIME
2025-05-02 18:57:52,258 - __main__ - INFO - Processed 90 text records with sentiment analysis
2025-05-02 18:57:52,258 - __main__ - INFO - Fetched 90 records of NEPSE data for GBIME
2025-05-02 18:57:52,264 - __main__ - INFO - Calculated financial metrics
2025-05-02 18:57:52,272 - __main__ - INFO - Combined data with 90 records
2025-05-02 18:57:52,274 - __main__ - INFO - Saved combined data for GBIME to combined_data_GBIME.csv
2025-05-02 18:57:52,462 - __main__ - INFO - Plot saved as stock_sentiment_plot_GBIME.png
2025-05-02 18:57:52,462 - __main__ - INFO - Pipeline completed successfully for GBIME
2025-05-02 18:57:52,465 - __main__ - INFO - Starting sentiment analysis pipeline for NICA
2025-05-02 18:57:52,465 - __main__ - INFO - Twitter API not configured - using mock data
2025-05-02 18:57:52,465 - __main__ - INFO - SentimentAnalyzer initialized with VADER
2025-05-02 18:57:52,465 - __main__ - INFO - Generating mock tweet data for project
2025-05-02 18:57:52,471 - __main__ - INFO - Generated 200 mock tweets for NICA
2025-05-02 18:57:52,482 - __main__ - INFO - Processed 200 text records with sentiment analysis
2025-05-02 18:57:52,494 - __main__ - INFO - Loaded 90 news articles for NICA
2025-05-02 18:57:52,507 - __main__ - INFO - Processed 90 text records with sentiment analysis
2025-05-02 18:57:52,519 - __main__ - INFO - Fetched 90 records of NEPSE data for NICA
2025-05-02 18:57:52,523 - __main__ - INFO - Calculated financial metrics
2025-05-02 18:57:52,527 - __main__ - INFO - Combined data with 90 records
2025-05-02 18:57:52,532 - __main__ - INFO - Saved combined data for NICA to combined_data_NICA.csv
2025-05-02 18:57:52,818 - __main__ - INFO - Plot saved as stock_sentiment_plot_NICA.png
2025-05-02 18:57:52,818 - __main__ - INFO - Pipeline completed successfully for NICA
2025-05-02 18:57:52,818 - __main__ - INFO - Starting sentiment analysis pipeline for PRVU
2025-05-02 18:57:52,818 - __main__ - INFO - Twitter API not configured - using mock data
2025-05-02 18:57:52,818 - __main__ - INFO - SentimentAnalyzer initialized with VADER
2025-05-02 18:57:52,818 - __main__ - INFO - Generating mock tweet data for project
2025-05-02 18:57:52,818 - __main__ - INFO - Generated 200 mock tweets for PRVU
2025-05-02 18:57:52,836 - __main__ - INFO - Processed 200 text records with sentiment analysis
2025-05-02 18:57:52,855 - __main__ - INFO - Loaded 90 news articles for PRVU
2025-05-02 18:57:52,864 - __main__ - INFO - Processed 90 text records with sentiment analysis
2025-05-02 18:57:52,878 - __main__ - INFO - Fetched 90 records of NEPSE data for PRVU
2025-05-02 18:57:52,878 - __main__ - INFO - Calculated financial metrics
2025-05-02 18:57:52,887 - __main__ - INFO - Combined data with 90 records
2025-05-02 18:57:52,896 - __main__ - INFO - Saved combined data for PRVU to combined_data_PRVU.csv
2025-05-02 18:57:53,078 - __main__ - INFO - Plot saved as stock_sentiment_plot_PRVU.png
2025-05-02 18:57:53,078 - __main__ - INFO - Pipeline completed successfully for PRVU
2025-05-02 18:57:53,078 - __main__ - INFO - Starting sentiment analysis pipeline for SBI
2025-05-02 18:57:53,078 - __main__ - INFO - Twitter API not configured - using mock data
2025-05-02 18:57:53,088 - __main__ - INFO - SentimentAnalyzer initialized with VADER
2025-05-02 18:57:53,088 - __main__ - INFO - Generating mock tweet data for project
2025-05-02 18:57:53,094 - __main__ - INFO - Generated 200 mock tweets for SBI
2025-05-02 18:57:53,107 - __main__ - INFO - Processed 200 text records with sentiment analysis
2025-05-02 18:57:53,115 - __main__ - INFO - Loaded 90 news articles for SBI
2025-05-02 18:57:53,126 - __main__ - INFO - Processed 90 text records with sentiment analysis
2025-05-02 18:57:53,143 - __main__ - INFO - Fetched 90 records of NEPSE data for SBI
2025-05-02 18:57:53,146 - __main__ - INFO - Calculated financial metrics
2025-05-02 18:57:53,152 - __main__ - INFO - Combined data with 90 records
2025-05-02 18:57:53,157 - __main__ - INFO - Saved combined data for SBI to combined_data_SBI.csv
2025-05-02 18:57:53,344 - __main__ - INFO - Plot saved as stock_sentiment_plot_SBI.png
2025-05-02 18:57:53,344 - __main__ - INFO - Pipeline completed successfully for SBI
2025-05-02 18:57:53,344 - __main__ - INFO - Starting sentiment analysis pipeline for ADBL
2025-05-02 18:57:53,344 - __main__ - INFO - Twitter API not configured - using mock data
2025-05-02 18:57:53,350 - __main__ - INFO - SentimentAnalyzer initialized with VADER
2025-05-02 18:57:53,350 - __main__ - INFO - Generating mock tweet data for project
2025-05-02 18:57:53,350 - __main__ - INFO - Generated 200 mock tweets for ADBL
2025-05-02 18:57:53,360 - __main__ - INFO - Processed 200 text records with sentiment analysis
2025-05-02 18:57:53,378 - __main__ - INFO - Loaded 90 news articles for ADBL
2025-05-02 18:57:53,386 - __main__ - INFO - Processed 90 text records with sentiment analysis
2025-05-02 18:57:53,403 - __main__ - INFO - Fetched 90 records of NEPSE data for ADBL
2025-05-02 18:57:53,403 - __main__ - INFO - Calculated financial metrics
2025-05-02 18:57:53,412 - __main__ - INFO - Combined data with 90 records
2025-05-02 18:57:53,412 - __main__ - INFO - Saved combined data for ADBL to combined_data_ADBL.csv
2025-05-02 18:57:53,587 - __main__ - INFO - Plot saved as stock_sentiment_plot_ADBL.png
2025-05-02 18:57:53,587 - __main__ - INFO - Pipeline completed successfully for ADBL
2025-05-02 20:26:48,457 - __main__ - INFO - Starting sentiment analysis pipeline for NABIL
2025-05-02 20:26:48,457 - __main__ - INFO - Twitter API not configured - using mock data
2025-05-02 20:26:49,271 - __main__ - INFO - SentimentAnalyzer initialized with VADER
2025-05-02 20:26:49,273 - __main__ - INFO - Generating mock tweet data for project
2025-05-02 20:26:49,273 - __main__ - INFO - Generated 200 mock tweets for NABIL
2025-05-02 20:26:49,294 - __main__ - INFO - Processed 200 text records with sentiment analysis
2025-05-02 20:26:49,323 - __main__ - INFO - Loaded 90 news articles for NABIL
2025-05-02 20:26:49,334 - __main__ - INFO - Processed 90 text records with sentiment analysis
2025-05-02 20:26:49,357 - __main__ - INFO - Fetched 90 records of NEPSE data for NABIL
2025-05-02 20:26:49,363 - __main__ - INFO - Calculated financial metrics
2025-05-02 20:26:49,384 - __main__ - INFO - Combined data with 90 records
2025-05-02 20:26:49,391 - __main__ - INFO - Saved combined data for NABIL to combined_data_NABIL.csv
2025-05-02 20:26:50,517 - __main__ - INFO - Plot saved as stock_sentiment_plot_NABIL.png
2025-05-02 20:26:50,517 - __main__ - INFO - Pipeline completed successfully for NABIL
2025-05-02 20:26:50,517 - __main__ - INFO - Starting sentiment analysis pipeline for NRIC
2025-05-02 20:26:50,517 - __main__ - INFO - Twitter API not configured - using mock data
2025-05-02 20:26:50,523 - __main__ - INFO - SentimentAnalyzer initialized with VADER
2025-05-02 20:26:50,523 - __main__ - INFO - Generating mock tweet data for project
2025-05-02 20:26:50,527 - __main__ - INFO - Generated 200 mock tweets for NRIC
2025-05-02 20:26:50,541 - __main__ - INFO - Processed 200 text records with sentiment analysis
2025-05-02 20:26:50,564 - __main__ - INFO - Loaded 90 news articles for NRIC
2025-05-02 20:26:50,581 - __main__ - INFO - Processed 90 text records with sentiment analysis
2025-05-02 20:26:50,604 - __main__ - INFO - Fetched 90 records of NEPSE data for NRIC
2025-05-02 20:26:50,610 - __main__ - INFO - Calculated financial metrics
2025-05-02 20:26:50,621 - __main__ - INFO - Combined data with 90 records
2025-05-02 20:26:50,624 - __main__ - INFO - Saved combined data for NRIC to combined_data_NRIC.csv
2025-05-02 20:26:50,873 - __main__ - INFO - Plot saved as stock_sentiment_plot_NRIC.png
2025-05-02 20:26:50,873 - __main__ - INFO - Pipeline completed successfully for NRIC
2025-05-02 20:26:50,873 - __main__ - INFO - Starting sentiment analysis pipeline for SHIVM
2025-05-02 20:26:50,873 - __main__ - INFO - Twitter API not configured - using mock data
2025-05-02 20:26:50,873 - __main__ - INFO - SentimentAnalyzer initialized with VADER
2025-05-02 20:26:50,873 - __main__ - INFO - Generating mock tweet data for project
2025-05-02 20:26:50,879 - __main__ - INFO - Generated 200 mock tweets for SHIVM
2025-05-02 20:26:50,881 - __main__ - INFO - Processed 200 text records with sentiment analysis
2025-05-02 20:26:50,911 - __main__ - INFO - Loaded 90 news articles for SHIVM
2025-05-02 20:26:50,924 - __main__ - INFO - Processed 90 text records with sentiment analysis
2025-05-02 20:26:50,952 - __main__ - INFO - Fetched 90 records of NEPSE data for SHIVM
2025-05-02 20:26:50,952 - __main__ - INFO - Calculated financial metrics
2025-05-02 20:26:50,981 - __main__ - INFO - Combined data with 90 records
2025-05-02 20:26:50,987 - __main__ - INFO - Saved combined data for SHIVM to combined_data_SHIVM.csv
2025-05-02 20:26:51,225 - __main__ - INFO - Plot saved as stock_sentiment_plot_SHIVM.png
2025-05-02 20:26:51,225 - __main__ - INFO - Pipeline completed successfully for SHIVM
2025-05-02 20:26:51,225 - __main__ - INFO - Starting sentiment analysis pipeline for HBL
2025-05-02 20:26:51,225 - __main__ - INFO - Twitter API not configured - using mock data
2025-05-02 20:26:51,233 - __main__ - INFO - SentimentAnalyzer initialized with VADER
2025-05-02 20:26:51,233 - __main__ - INFO - Generating mock tweet data for project
2025-05-02 20:26:51,233 - __main__ - INFO - Generated 200 mock tweets for HBL
2025-05-02 20:26:51,247 - __main__ - INFO - Processed 200 text records with sentiment analysis
2025-05-02 20:26:51,263 - __main__ - INFO - Loaded 90 news articles for HBL
2025-05-02 20:26:51,271 - __main__ - INFO - Processed 90 text records with sentiment analysis
2025-05-02 20:26:51,285 - __main__ - INFO - Fetched 90 records of NEPSE data for HBL
2025-05-02 20:26:51,287 - __main__ - INFO - Calculated financial metrics
2025-05-02 20:26:51,301 - __main__ - INFO - Combined data with 90 records
2025-05-02 20:26:51,301 - __main__ - INFO - Saved combined data for HBL to combined_data_HBL.csv
2025-05-02 20:26:51,577 - __main__ - INFO - Plot saved as stock_sentiment_plot_HBL.png
2025-05-02 20:26:51,579 - __main__ - INFO - Pipeline completed successfully for HBL
2025-05-02 20:26:51,579 - __main__ - INFO - Starting sentiment analysis pipeline for EBL
2025-05-02 20:26:51,579 - __main__ - INFO - Twitter API not configured - using mock data
2025-05-02 20:26:51,583 - __main__ - INFO - SentimentAnalyzer initialized with VADER
2025-05-02 20:26:51,583 - __main__ - INFO - Generating mock tweet data for project
2025-05-02 20:26:51,583 - __main__ - INFO - Generated 200 mock tweets for EBL
2025-05-02 20:26:51,597 - __main__ - INFO - Processed 200 text records with sentiment analysis
2025-05-02 20:26:51,622 - __main__ - INFO - Loaded 90 news articles for EBL
2025-05-02 20:26:51,637 - __main__ - INFO - Processed 90 text records with sentiment analysis
2025-05-02 20:26:51,658 - __main__ - INFO - Fetched 90 records of NEPSE data for EBL
2025-05-02 20:26:51,660 - __main__ - INFO - Calculated financial metrics
2025-05-02 20:26:51,670 - __main__ - INFO - Combined data with 90 records
2025-05-02 20:26:51,675 - __main__ - INFO - Saved combined data for EBL to combined_data_EBL.csv
2025-05-02 20:26:51,939 - __main__ - INFO - Plot saved as stock_sentiment_plot_EBL.png
2025-05-02 20:26:51,939 - __main__ - INFO - Pipeline completed successfully for EBL
2025-05-02 20:26:51,939 - __main__ - INFO - Starting sentiment analysis pipeline for SCB
2025-05-02 20:26:51,939 - __main__ - INFO - Twitter API not configured - using mock data
2025-05-02 20:26:51,941 - __main__ - INFO - SentimentAnalyzer initialized with VADER
2025-05-02 20:26:51,941 - __main__ - INFO - Generating mock tweet data for project
2025-05-02 20:26:51,945 - __main__ - INFO - Generated 200 mock tweets for SCB
2025-05-02 20:26:51,961 - __main__ - INFO - Processed 200 text records with sentiment analysis
2025-05-02 20:26:51,987 - __main__ - INFO - Loaded 90 news articles for SCB
2025-05-02 20:26:52,000 - __main__ - INFO - Processed 90 text records with sentiment analysis
2025-05-02 20:26:52,033 - __main__ - INFO - Fetched 90 records of NEPSE data for SCB
2025-05-02 20:26:52,036 - __main__ - INFO - Calculated financial metrics
2025-05-02 20:26:52,047 - __main__ - INFO - Combined data with 90 records
2025-05-02 20:26:52,051 - __main__ - INFO - Saved combined data for SCB to combined_data_SCB.csv
2025-05-02 20:26:52,325 - __main__ - INFO - Plot saved as stock_sentiment_plot_SCB.png
2025-05-02 20:26:52,327 - __main__ - INFO - Pipeline completed successfully for SCB
2025-05-02 20:26:52,327 - __main__ - INFO - Starting sentiment analysis pipeline for KBL
2025-05-02 20:26:52,327 - __main__ - INFO - Twitter API not configured - using mock data
2025-05-02 20:26:52,330 - __main__ - INFO - SentimentAnalyzer initialized with VADER
2025-05-02 20:26:52,330 - __main__ - INFO - Generating mock tweet data for project
2025-05-02 20:26:52,336 - __main__ - INFO - Generated 200 mock tweets for KBL
2025-05-02 20:26:52,343 - __main__ - INFO - Processed 200 text records with sentiment analysis
2025-05-02 20:26:52,375 - __main__ - INFO - Loaded 90 news articles for KBL
2025-05-02 20:26:52,400 - __main__ - INFO - Processed 90 text records with sentiment analysis
2025-05-02 20:26:52,411 - __main__ - INFO - Fetched 90 records of NEPSE data for KBL
2025-05-02 20:26:52,421 - __main__ - INFO - Calculated financial metrics
2025-05-02 20:26:52,439 - __main__ - INFO - Combined data with 90 records
2025-05-02 20:26:52,446 - __main__ - INFO - Saved combined data for KBL to combined_data_KBL.csv
2025-05-02 20:26:52,703 - __main__ - INFO - Plot saved as stock_sentiment_plot_KBL.png
2025-05-02 20:26:52,703 - __main__ - INFO - Pipeline completed successfully for KBL
2025-05-02 20:26:52,703 - __main__ - INFO - Starting sentiment analysis pipeline for NMB
2025-05-02 20:26:52,703 - __main__ - INFO - Twitter API not configured - using mock data
2025-05-02 20:26:52,707 - __main__ - INFO - SentimentAnalyzer initialized with VADER
2025-05-02 20:26:52,707 - __main__ - INFO - Generating mock tweet data for project
2025-05-02 20:26:52,710 - __main__ - INFO - Generated 200 mock tweets for NMB
2025-05-02 20:26:52,723 - __main__ - INFO - Processed 200 text records with sentiment analysis
2025-05-02 20:26:52,747 - __main__ - INFO - Loaded 90 news articles for NMB
2025-05-02 20:26:52,765 - __main__ - INFO - Processed 90 text records with sentiment analysis
2025-05-02 20:26:52,770 - __main__ - INFO - Fetched 90 records of NEPSE data for NMB
2025-05-02 20:26:52,774 - __main__ - INFO - Calculated financial metrics
2025-05-02 20:26:52,783 - __main__ - INFO - Combined data with 90 records
2025-05-02 20:26:52,787 - __main__ - INFO - Saved combined data for NMB to combined_data_NMB.csv
2025-05-02 20:26:53,052 - __main__ - INFO - Plot saved as stock_sentiment_plot_NMB.png
2025-05-02 20:26:53,052 - __main__ - INFO - Pipeline completed successfully for NMB
2025-05-02 20:26:53,054 - __main__ - INFO - Starting sentiment analysis pipeline for GBIME
2025-05-02 20:26:53,054 - __main__ - INFO - Twitter API not configured - using mock data
2025-05-02 20:26:53,058 - __main__ - INFO - SentimentAnalyzer initialized with VADER
2025-05-02 20:26:53,058 - __main__ - INFO - Generating mock tweet data for project
2025-05-02 20:26:53,061 - __main__ - INFO - Generated 200 mock tweets for GBIME
2025-05-02 20:26:53,070 - __main__ - INFO - Processed 200 text records with sentiment analysis
2025-05-02 20:26:53,092 - __main__ - INFO - Loaded 90 news articles for GBIME
2025-05-02 20:26:53,101 - __main__ - INFO - Processed 90 text records with sentiment analysis
2025-05-02 20:26:53,115 - __main__ - INFO - Fetched 90 records of NEPSE data for GBIME
2025-05-02 20:26:53,118 - __main__ - INFO - Calculated financial metrics
2025-05-02 20:26:53,129 - __main__ - INFO - Combined data with 90 records
2025-05-02 20:26:53,133 - __main__ - INFO - Saved combined data for GBIME to combined_data_GBIME.csv
2025-05-02 20:26:53,387 - __main__ - INFO - Plot saved as stock_sentiment_plot_GBIME.png
2025-05-02 20:26:53,387 - __main__ - INFO - Pipeline completed successfully for GBIME
2025-05-02 20:26:53,387 - __main__ - INFO - Starting sentiment analysis pipeline for NICA
2025-05-02 20:26:53,387 - __main__ - INFO - Twitter API not configured - using mock data
2025-05-02 20:26:53,390 - __main__ - INFO - SentimentAnalyzer initialized with VADER
2025-05-02 20:26:53,390 - __main__ - INFO - Generating mock tweet data for project
2025-05-02 20:26:53,396 - __main__ - INFO - Generated 200 mock tweets for NICA
2025-05-02 20:26:53,407 - __main__ - INFO - Processed 200 text records with sentiment analysis
2025-05-02 20:26:53,431 - __main__ - INFO - Loaded 90 news articles for NICA
2025-05-02 20:26:53,443 - __main__ - INFO - Processed 90 text records with sentiment analysis
2025-05-02 20:26:53,464 - __main__ - INFO - Fetched 90 records of NEPSE data for NICA
2025-05-02 20:26:53,471 - __main__ - INFO - Calculated financial metrics
2025-05-02 20:26:53,480 - __main__ - INFO - Combined data with 90 records
2025-05-02 20:26:53,484 - __main__ - INFO - Saved combined data for NICA to combined_data_NICA.csv
2025-05-02 20:26:53,887 - __main__ - INFO - Plot saved as stock_sentiment_plot_NICA.png
2025-05-02 20:26:53,887 - __main__ - INFO - Pipeline completed successfully for NICA
2025-05-02 20:26:53,890 - __main__ - INFO - Starting sentiment analysis pipeline for PRVU
2025-05-02 20:26:53,890 - __main__ - INFO - Twitter API not configured - using mock data
2025-05-02 20:26:53,901 - __main__ - INFO - SentimentAnalyzer initialized with VADER
2025-05-02 20:26:53,901 - __main__ - INFO - Generating mock tweet data for project
2025-05-02 20:26:53,907 - __main__ - INFO - Generated 200 mock tweets for PRVU
2025-05-02 20:26:53,920 - __main__ - INFO - Processed 200 text records with sentiment analysis
2025-05-02 20:26:53,944 - __main__ - INFO - Loaded 90 news articles for PRVU
2025-05-02 20:26:53,960 - __main__ - INFO - Processed 90 text records with sentiment analysis
2025-05-02 20:26:53,971 - __main__ - INFO - Fetched 90 records of NEPSE data for PRVU
2025-05-02 20:26:53,982 - __main__ - INFO - Calculated financial metrics
2025-05-02 20:26:53,993 - __main__ - INFO - Combined data with 90 records
2025-05-02 20:26:53,993 - __main__ - INFO - Saved combined data for PRVU to combined_data_PRVU.csv
2025-05-02 20:26:54,243 - __main__ - INFO - Plot saved as stock_sentiment_plot_PRVU.png
2025-05-02 20:26:54,243 - __main__ - INFO - Pipeline completed successfully for PRVU
2025-05-02 20:26:54,243 - __main__ - INFO - Starting sentiment analysis pipeline for SBI
2025-05-02 20:26:54,243 - __main__ - INFO - Twitter API not configured - using mock data
2025-05-02 20:26:54,251 - __main__ - INFO - SentimentAnalyzer initialized with VADER
2025-05-02 20:26:54,251 - __main__ - INFO - Generating mock tweet data for project
2025-05-02 20:26:54,251 - __main__ - INFO - Generated 200 mock tweets for SBI
2025-05-02 20:26:54,263 - __main__ - INFO - Processed 200 text records with sentiment analysis
2025-05-02 20:26:54,282 - __main__ - INFO - Loaded 90 news articles for SBI
2025-05-02 20:26:54,297 - __main__ - INFO - Processed 90 text records with sentiment analysis
2025-05-02 20:26:54,315 - __main__ - INFO - Fetched 90 records of NEPSE data for SBI
2025-05-02 20:26:54,319 - __main__ - INFO - Calculated financial metrics
2025-05-02 20:26:54,331 - __main__ - INFO - Combined data with 90 records
2025-05-02 20:26:54,331 - __main__ - INFO - Saved combined data for SBI to combined_data_SBI.csv
2025-05-02 20:26:54,584 - __main__ - INFO - Plot saved as stock_sentiment_plot_SBI.png
2025-05-02 20:26:54,584 - __main__ - INFO - Pipeline completed successfully for SBI
2025-05-02 20:26:54,584 - __main__ - INFO - Starting sentiment analysis pipeline for ADBL
2025-05-02 20:26:54,584 - __main__ - INFO - Twitter API not configured - using mock data
2025-05-02 20:26:54,593 - __main__ - INFO - SentimentAnalyzer initialized with VADER
2025-05-02 20:26:54,593 - __main__ - INFO - Generating mock tweet data for project
2025-05-02 20:26:54,593 - __main__ - INFO - Generated 200 mock tweets for ADBL
2025-05-02 20:26:54,610 - __main__ - INFO - Processed 200 text records with sentiment analysis
2025-05-02 20:26:54,643 - __main__ - INFO - Loaded 90 news articles for ADBL
2025-05-02 20:26:54,654 - __main__ - INFO - Processed 90 text records with sentiment analysis
2025-05-02 20:26:54,662 - __main__ - INFO - Fetched 90 records of NEPSE data for ADBL
2025-05-02 20:26:54,662 - __main__ - INFO - Calculated financial metrics
2025-05-02 20:26:54,673 - __main__ - INFO - Combined data with 90 records
2025-05-02 20:26:54,675 - __main__ - INFO - Saved combined data for ADBL to combined_data_ADBL.csv
2025-05-02 20:26:54,917 - __main__ - INFO - Plot saved as stock_sentiment_plot_ADBL.png
2025-05-02 20:26:54,921 - __main__ - INFO - Pipeline completed successfully for ADBL
